transaction_id,account_id,timestamp,merchant,channel,currency,amount
42a1df42-7b8,ACC-83370,2026-07-21 15:03:44,Delta Airlines,in_store,EUR,229.46
f5506cc0-006,ACC-77096,2026-07-21 05:18:53,Delta Airlines,mobile_app,EUR,59.58
70d7b9f4-1e9,ACC-68535,2026-07-21 02:01:06,Uber,online,USD,74.52
3799851f-dfe,ACC-93158,2026-07-21 18:12:17,Amazon,mobile_app,CAD,57.92
c7b4b3d0-4bc,ACC-95710,2026-07-21 15:05:04,Costco,mobile_app,EUR,47.94
7e194ee0-606,ACC-11966,2026-07-21 21:16:44,Best Buy,online,USD,94.86
966b5021-681,ACC-34930,2026-07-20 23:53:23,Starbucks,mobile_app,USD,102.22
d796df5a-6a7,ACC-52767,2026-07-21 15:28:58,Delta Airlines,mobile_app,EUR,28.56
3370ff27-b51,ACC-40624,2026-07-21 17:29:32,Uber,in_store,USD,34.4
f74587e1-298,ACC-69943,2026-07-21 01:41:09,Uber,in_store,USD,50.62
1e66b84b-6e8,ACC-51324,2026-07-21 07:50:21,Starbucks,mobile_app,GBP,21.85
fa816466-d9a,ACC-19204,2026-07-20 23:40:29,Costco,online,CAD,26.95
9425d0b0-a7c,ACC-48129,2026-07-21 02:30:59,Shell,online,USD,126.47
344b6d2b-48a,ACC-37984,2026-07-20 22:36:41,Starbucks,online,CAD,208.71
2b10dc68-b17,ACC-62091,2026-07-21 12:15:42,Shell,online,EUR,158.35
386601e0-fd9,ACC-54157,2026-07-21 08:24:50,Walmart,in_store,GBP,58.41
b0334e92-507,ACC-63746,2026-07-20 23:08:35,Walmart,online,EUR,117.88
a7ab9d8b-93c,ACC-11435,2026-07-21 02:16:14,Amazon,in_store,CAD,79.35
79a0aa5a-dbf,ACC-99401,2026-07-21 05:03:38,Best Buy,online,CAD,126.09
0c1ad36f-f46,ACC-34993,2026-07-21 17:07:08,Target,in_store,CAD,43.52
6d8f1b87-cd4,ACC-61754,2026-07-21 02:50:00,Shell,online,USD,63.74
33cb839d-e90,ACC-87691,2026-07-21 08:24:52,Uber,online,EUR,50.14
816bb54e-78c,ACC-61678,2026-07-21 05:24:40,Costco,mobile_app,USD,80.29
14a3d852-82b,ACC-29183,2026-07-21 00:07:29,Starbucks,in_store,GBP,78.76
b387ebd9-bd9,ACC-89997,2026-07-20 22:56:25,Netflix,in_store,CAD,16.25
d33cb421-876,ACC-19736,2026-07-21 01:15:50,Walmart,online,EUR,178.26
5bc7ebb0-2b0,ACC-88811,2026-07-20 23:09:22,Netflix,in_store,CAD,65.42
a6828d2a-ece,ACC-86974,2026-07-21 03:13:25,Delta Airlines,mobile_app,EUR,80.46
27c59555-6b5,ACC-33963,2026-07-21 12:38:56,Target,in_store,EUR,155.69
6ddcf563-6c2,ACC-42702,2026-07-21 20:49:02,Starbucks,online,EUR,28.69
12ceb747-133,ACC-73244,2026-07-21 12:43:33,Costco,online,CAD,13.54
29dbd5b4-421,ACC-23610,2026-07-21 00:19:03,Walmart,online,GBP,25.05
0e49e2ae-4cc,ACC-61329,2026-07-21 07:16:18,Uber,in_store,CAD,157.6
ef09e482-381,ACC-78167,2026-07-21 09:16:31,Target,mobile_app,USD,110.48
593b7a44-c18,ACC-39936,2026-07-21 03:11:37,Delta Airlines,mobile_app,USD,169.45
34ea3918-98d,ACC-37839,2026-07-21 08:47:38,Starbucks,mobile_app,USD,35.91
58c3b77b-c61,ACC-45283,2026-07-21 01:06:34,Shell,in_store,EUR,15.62
e0b24165-ff7,ACC-16107,2026-07-21 00:47:34,Target,in_store,GBP,179.85
6d5ecb08-b2f,ACC-84995,2026-07-21 17:55:29,Target,online,GBP,283.01
fc0fb3ef-984,ACC-69027,2026-07-21 03:37:51,Netflix,mobile_app,EUR,36.4
15ba190b-404,ACC-14598,2026-07-21 20:04:06,Amazon,in_store,GBP,28.12
ae0542cf-99e,ACC-14396,2026-07-21 09:56:38,Amazon,mobile_app,USD,52.6
9e0d3604-2ac,ACC-18817,2026-07-21 16:08:57,Uber,in_store,EUR,115.05
2b3f2fe8-d41,ACC-19864,2026-07-21 01:13:43,Delta Airlines,mobile_app,GBP,98.65
555185e3-665,ACC-26979,2026-07-21 00:12:38,Netflix,in_store,USD,115.17
d110fa7c-d19,ACC-20180,2026-07-21 15:49:23,Shell,online,CAD,41.92
c56125f5-cbf,ACC-11904,2026-07-21 19:26:49,Costco,mobile_app,CAD,122.43
f157afa0-3cd,ACC-86372,2026-07-21 12:23:49,Amazon,mobile_app,USD,11.12
2a6efdcd-5fd,ACC-21881,2026-07-21 01:30:42,Walmart,in_store,CAD,28.69
9b885106-fe5,ACC-60913,2026-07-21 10:36:43,Costco,in_store,CAD,41.85
26b2e574-c65,ACC-80942,2026-07-21 15:26:06,Walmart,mobile_app,USD,35.19
eb2ec2fd-9e2,ACC-88811,2026-07-21 09:53:13,Walmart,in_store,USD,67.67
c8b3b230-23b,ACC-24796,2026-07-21 06:58:25,Delta Airlines,mobile_app,CAD,177.81
f3dc0e98-5e6,ACC-11482,2026-07-21 07:54:22,Netflix,in_store,EUR,31.77
06034ee3-c7f,ACC-36551,2026-07-21 20:51:54,Best Buy,online,GBP,136.76
c654a8cb-5f7,ACC-75314,2026-07-21 14:40:54,Starbucks,in_store,CAD,22.92
5215fcdc-4fb,ACC-36018,2026-07-21 07:42:56,Shell,online,EUR,138.12
b8e6c988-0f1,ACC-38780,2026-07-21 12:35:16,Costco,in_store,EUR,79.24
b1c324a3-016,ACC-27636,2026-07-21 03:32:58,Delta Airlines,in_store,USD,133.25
bf9ed0c4-d8e,ACC-46280,2026-07-21 00:55:36,Target,online,CAD,77.16
f76f8776-444,ACC-46066,2026-07-21 15:45:11,Starbucks,in_store,CAD,289.42
955360fd-5a8,ACC-78154,2026-07-21 21:22:26,Delta Airlines,mobile_app,GBP,72.87
d58b06e5-172,ACC-69307,2026-07-21 21:20:20,Netflix,online,USD,137.49
589e701c-6a3,ACC-89633,2026-07-21 08:43:04,Amazon,mobile_app,GBP,109.19
d6d579da-d6d,ACC-56427,2026-07-21 19:21:57,Uber,mobile_app,USD,69.93
1f5829ea-3b2,ACC-27810,2026-07-21 21:55:45,Shell,in_store,EUR,16.56
25de7ded-8ca,ACC-44919,2026-07-20 23:29:30,Starbucks,online,USD,88.45
edb34b62-da2,ACC-25113,2026-07-21 21:29:57,Delta Airlines,online,GBP,26.68
a0e4f05b-951,ACC-99717,2026-07-21 01:25:49,Starbucks,online,CAD,75.99
96a107cd-407,ACC-33420,2026-07-21 07:54:49,Amazon,in_store,USD,52.95
7bd09d86-f85,ACC-39682,2026-07-21 05:06:44,Uber,in_store,EUR,67.54
2737ea9a-f01,ACC-39350,2026-07-21 12:55:08,Walmart,in_store,CAD,51.12
fc34eb8a-13e,ACC-69048,2026-07-21 03:19:17,Delta Airlines,online,USD,84.3
983d58ce-fab,ACC-82091,2026-07-21 12:18:38,Costco,mobile_app,GBP,60.67
25365c6c-f2e,ACC-52790,2026-07-21 15:28:29,Starbucks,online,USD,205.01
7be5d816-6cb,ACC-41757,2026-07-21 06:21:27,Shell,online,GBP,50.54
7c1c8c12-f46,ACC-51994,2026-07-21 18:08:29,Uber,mobile_app,USD,66.4
5a898260-802,ACC-76154,2026-07-21 11:16:49,Walmart,online,CAD,96.62
b09bea3a-6f3,ACC-82129,2026-07-21 11:02:43,Shell,in_store,CAD,83.32
ef037b66-8e5,ACC-38612,2026-07-20 23:37:33,Walmart,in_store,USD,109.03
df087547-584,ACC-79877,2026-07-21 04:53:11,Netflix,mobile_app,EUR,90.99
7f15007e-cb5,ACC-29487,2026-07-21 15:43:27,Best Buy,mobile_app,CAD,143.83
84f0c470-652,ACC-85884,2026-07-21 16:31:33,Walmart,online,CAD,42.22
e4b866b8-1df,ACC-83239,2026-07-21 17:46:00,Uber,mobile_app,EUR,25.91
4a649512-20f,ACC-77399,2026-07-21 17:37:32,Best Buy,in_store,GBP,131.46
c2a6a6c0-653,ACC-89879,2026-07-21 12:28:16,Starbucks,in_store,EUR,25.44
932531fb-d15,ACC-78711,2026-07-21 18:25:26,Uber,mobile_app,CAD,29.17
59c94e5d-895,ACC-63881,2026-07-21 05:54:31,Best Buy,online,USD,82.19
144aa26c-d7a,ACC-59418,2026-07-21 20:37:38,Amazon,mobile_app,USD,41.28
f6e2959b-615,ACC-62505,2026-07-21 17:22:45,Best Buy,mobile_app,USD,205.51
c6b9b461-394,ACC-22218,2026-07-21 16:28:11,Target,online,CAD,212.79
94118f12-051,ACC-62973,2026-07-21 13:39:24,Uber,online,CAD,55.17
9bffdf74-13c,ACC-26641,2026-07-21 16:32:33,Netflix,in_store,CAD,142.15
042e5887-d4d,ACC-51577,2026-07-21 17:42:20,Walmart,online,CAD,43.45
de7f6561-378,ACC-13855,2026-07-21 21:05:18,Uber,online,USD,123.39
16fe94fb-3d7,ACC-35441,2026-07-20 23:53:19,Target,online,USD,26.36
0db58f1a-1d4,ACC-52215,2026-07-21 08:56:05,Netflix,online,CAD,83.54
48b0d485-eff,ACC-75493,2026-07-21 02:24:37,Costco,online,GBP,67.61
ea4de409-798,ACC-79514,2026-07-21 05:47:26,Shell,online,CAD,86.87
03828a38-cf6,ACC-64185,2026-07-21 21:38:19,Best Buy,mobile_app,EUR,20.2
6bd59393-c3e,ACC-36773,2026-07-21 18:11:10,Best Buy,mobile_app,EUR,73.37
3561d2c7-83b,ACC-38334,2026-07-21 17:52:28,Best Buy,mobile_app,EUR,41.03
87e25649-e5b,ACC-92298,2026-07-21 07:03:45,Netflix,online,GBP,72.29
f66a89ca-e38,ACC-51286,2026-07-21 20:33:03,Starbucks,online,EUR,53.55
42e1a897-a3f,ACC-27554,2026-07-21 02:07:05,Starbucks,online,USD,72.4
a42aafc3-7f7,ACC-60842,2026-07-21 08:02:22,Walmart,in_store,CAD,54.49
6b163897-3fa,ACC-26515,2026-07-21 18:22:18,Starbucks,in_store,USD,204.1
f0d29c2c-043,ACC-36336,2026-07-21 02:05:20,Costco,mobile_app,GBP,211.41
f9576d8d-060,ACC-25127,2026-07-21 11:44:49,Best Buy,mobile_app,GBP,223.9
5cdee3a5-9d2,ACC-99873,2026-07-21 16:53:51,Starbucks,online,CAD,164.83
d7a6e3f5-403,ACC-13185,2026-07-21 02:27:26,Amazon,mobile_app,CAD,20.03
30005602-649,ACC-34847,2026-07-21 03:55:39,Target,online,EUR,20.44
bf0415c3-5f0,ACC-30712,2026-07-21 04:52:18,Uber,mobile_app,USD,26.52
52e32261-ad6,ACC-18119,2026-07-21 19:42:02,Target,mobile_app,CAD,203.4
3fb4bc4e-3d5,ACC-22676,2026-07-21 01:25:01,Netflix,in_store,CAD,75.69
68f17198-df8,ACC-77539,2026-07-21 14:07:04,Netflix,in_store,EUR,56.97
569eaeee-113,ACC-58910,2026-07-21 20:28:15,Amazon,mobile_app,USD,97.39
91ea8c8a-00f,ACC-33759,2026-07-21 05:52:59,Shell,in_store,GBP,101.66
591fc5b5-9fe,ACC-63123,2026-07-21 12:04:12,Starbucks,mobile_app,EUR,7.59
5a53976f-45e,ACC-77182,2026-07-21 02:02:35,Amazon,in_store,USD,97.25
6df37466-695,ACC-63019,2026-07-21 21:30:24,Costco,mobile_app,EUR,208.33
fef004b4-7d3,ACC-86626,2026-07-21 16:57:08,Netflix,in_store,GBP,122.6
d2dc79be-b77,ACC-30976,2026-07-21 02:49:30,Shell,online,GBP,57.55
dcb1f1fe-204,ACC-58479,2026-07-21 18:12:41,Shell,online,CAD,118.51
ca97c997-b08,ACC-34224,2026-07-21 06:07:19,Walmart,in_store,GBP,27.47
3a432e4a-c8c,ACC-23220,2026-07-21 15:39:41,Amazon,in_store,USD,31.21
f8d28dc6-f32,ACC-45779,2026-07-21 07:02:32,Uber,in_store,EUR,42.56
237b0e6f-01f,ACC-84655,2026-07-21 13:22:42,Target,mobile_app,USD,153.51
cb87a992-b3d,ACC-77462,2026-07-21 12:46:34,Delta Airlines,mobile_app,EUR,85.64
7f8cefbd-8f2,ACC-61822,2026-07-21 02:56:47,Costco,online,USD,180.24
69f6fee7-4c3,ACC-24163,2026-07-21 20:59:51,Starbucks,in_store,CAD,166.09
4d41c24b-962,ACC-76160,2026-07-21 13:12:42,Amazon,online,CAD,78.59
927e8142-75d,ACC-22903,2026-07-20 22:59:02,Uber,in_store,GBP,64.33
fae16578-52d,ACC-82097,2026-07-21 11:00:05,Best Buy,mobile_app,CAD,37.42
266b0c0d-c72,ACC-84446,2026-07-21 17:32:55,Walmart,mobile_app,CAD,97.08
b435ae92-178,ACC-19987,2026-07-21 22:03:46,Best Buy,mobile_app,USD,86.75
25ec4951-599,ACC-30962,2026-07-21 12:39:39,Shell,in_store,EUR,49.71
7f3c7b7c-9f7,ACC-81034,2026-07-21 16:37:58,Costco,mobile_app,USD,213.03
ebfd4417-9ba,ACC-74819,2026-07-21 14:13:55,Shell,in_store,CAD,38.1
aa4393e0-ee4,ACC-50946,2026-07-21 20:21:29,Netflix,mobile_app,GBP,60.09
35e336ea-09e,ACC-95866,2026-07-21 16:11:09,Uber,mobile_app,GBP,204.2
aad6dfeb-098,ACC-13520,2026-07-21 09:22:12,Amazon,online,USD,232.83
579039b0-dcc,ACC-30524,2026-07-21 21:38:17,Shell,mobile_app,CAD,52.22
f8bd03ca-a42,ACC-51306,2026-07-21 00:30:49,Shell,online,GBP,151.79
300320a2-a68,ACC-39321,2026-07-21 01:16:04,Shell,mobile_app,CAD,69.84
bac372c0-746,ACC-41943,2026-07-21 07:43:38,Amazon,mobile_app,USD,164.91
00420a3f-5c2,ACC-28922,2026-07-21 15:38:37,Starbucks,mobile_app,USD,104.06
47f797a0-4d0,ACC-91821,2026-07-21 00:25:35,Shell,in_store,USD,160.85
00b048b2-46a,ACC-16823,2026-07-21 06:00:23,Netflix,mobile_app,EUR,104.78
4972cd2b-a0c,ACC-57618,2026-07-21 03:07:05,Delta Airlines,online,CAD,51.83
f60f93af-73f,ACC-88780,2026-07-22 15:10:40,Uber,mobile_app,CAD,13.71
86624e79-26b,ACC-79568,2026-07-22 11:50:42,Target,in_store,EUR,59.16
33ca1f5d-f4f,ACC-73059,2026-07-22 07:16:19,Walmart,mobile_app,GBP,126.7
a96a98dc-b0f,ACC-91916,2026-07-22 17:03:49,Netflix,in_store,GBP,102.31
4628e7ef-ef0,ACC-99789,2026-07-22 20:47:38,Costco,mobile_app,EUR,76.85
ee01250a-d1d,ACC-46521,2026-07-22 21:38:31,Starbucks,online,EUR,65.52
f0ea228a-0c4,ACC-95581,2026-07-22 16:52:27,Starbucks,mobile_app,USD,214.87
5a3f453e-684,ACC-17967,2026-07-22 21:28:16,Amazon,in_store,GBP,85.37
02ecd94f-870,ACC-13526,2026-07-22 14:04:20,Costco,online,USD,40.11
df4f7a84-5a6,ACC-80994,2026-07-22 06:41:41,Uber,online,USD,25.92
392f8041-625,ACC-82171,2026-07-22 04:26:53,Starbucks,mobile_app,GBP,31.81
61e8129a-ad2,ACC-72725,2026-07-22 16:12:50,Netflix,online,GBP,82.79
d2c39e4f-971,ACC-74802,2026-07-22 11:06:19,Target,online,USD,78.37
55f0ef1c-1e9,ACC-91753,2026-07-22 14:52:39,Starbucks,in_store,CAD,17.26
2270bd58-d66,ACC-61134,2026-07-22 07:59:16,Target,in_store,EUR,137.49
61855198-5ef,ACC-88204,2026-07-22 22:23:26,Netflix,in_store,EUR,113.57
7b6021be-7aa,ACC-95695,2026-07-22 14:09:43,Netflix,mobile_app,USD,166.78
336a387e-52c,ACC-52487,2026-07-22 15:24:47,Walmart,mobile_app,USD,62.25
4b474b78-7a8,ACC-83952,2026-07-22 14:19:11,Costco,in_store,CAD,10.71
0ac0f7d5-181,ACC-11218,2026-07-22 09:28:23,Walmart,in_store,EUR,26.07
e2c8ce67-b13,ACC-20709,2026-07-22 20:34:20,Uber,in_store,GBP,85.17
124a6244-202,ACC-28732,2026-07-22 08:53:32,Starbucks,in_store,GBP,199.02
260eef05-08f,ACC-25385,2026-07-22 11:55:54,Netflix,mobile_app,CAD,82.35
c156aba2-e0e,ACC-87957,2026-07-22 19:19:05,Uber,in_store,GBP,30.58
ec394a45-4df,ACC-51630,2026-07-22 15:16:37,Starbucks,in_store,EUR,112.17
e28b3672-4b8,ACC-57407,2026-07-22 01:39:37,Netflix,online,GBP,84.57
3b82d7f9-f3f,ACC-86652,2026-07-22 12:59:43,Shell,online,GBP,128.48
42b84f75-d08,ACC-80852,2026-07-22 12:48:00,Target,mobile_app,EUR,58.96
337debbe-6e3,ACC-21762,2026-07-22 05:01:16,Delta Airlines,in_store,USD,35.49
2306f8e6-9e0,ACC-77586,2026-07-22 06:38:48,Amazon,mobile_app,EUR,49.98
b77cbc06-634,ACC-48781,2026-07-22 19:15:08,Amazon,mobile_app,CAD,65.65
2ce04da4-d78,ACC-86278,2026-07-22 00:55:26,Best Buy,in_store,USD,178.3
9b5d8c32-4fe,ACC-20704,2026-07-22 10:46:16,Uber,mobile_app,USD,24.65
d5b60576-e50,ACC-21101,2026-07-22 10:01:01,Amazon,mobile_app,EUR,115.51
0c223c87-c4e,ACC-95066,2026-07-22 02:08:22,Shell,online,EUR,210.1
0639ccda-479,ACC-78361,2026-07-22 16:23:45,Netflix,in_store,CAD,14.49
9800f4b5-9e5,ACC-54277,2026-07-22 11:21:02,Netflix,mobile_app,EUR,64.71
159ceec6-0b6,ACC-73968,2026-07-22 16:33:55,Best Buy,mobile_app,USD,20.27
6822054f-d40,ACC-16060,2026-07-22 21:05:53,Shell,mobile_app,GBP,178.04
0cbed651-c8d,ACC-59542,2026-07-21 22:43:57,Walmart,in_store,USD,95.07
d42eb65f-782,ACC-57454,2026-07-22 17:39:52,Amazon,online,CAD,187.35
aa4fa2dd-b43,ACC-29161,2026-07-22 13:54:00,Starbucks,mobile_app,EUR,19.86
33d0fe02-d68,ACC-59220,2026-07-22 21:43:04,Target,in_store,EUR,150.77
ea01a99a-d1d,ACC-65698,2026-07-22 12:45:59,Best Buy,in_store,GBP,134.06
bf9490a7-1a9,ACC-71793,2026-07-22 00:44:50,Uber,mobile_app,USD,17.82
d5dbee4d-aef,ACC-94932,2026-07-22 09:38:30,Target,online,USD,273.23
84f3fa17-b73,ACC-12250,2026-07-22 15:17:40,Costco,in_store,USD,74.83
2b98ec2c-bba,ACC-24244,2026-07-22 09:58:16,Starbucks,online,GBP,62.32
3a45293d-2fa,ACC-87116,2026-07-22 06:30:20,Starbucks,mobile_app,CAD,181.04
c0c9fe75-5ca,ACC-76664,2026-07-22 20:14:49,Starbucks,in_store,EUR,20.44
a513dd4e-e30,ACC-62754,2026-07-22 08:49:29,Target,in_store,CAD,96.38
84a2fc74-13c,ACC-73538,2026-07-22 08:04:29,Shell,in_store,USD,125.73
1aa91971-49e,ACC-38967,2026-07-22 16:09:47,Shell,online,EUR,85.77
3d703a13-d40,ACC-60459,2026-07-22 03:28:51,Best Buy,mobile_app,GBP,108.15
73dc6ec3-3f3,ACC-96186,2026-07-22 00:42:03,Starbucks,online,CAD,35.91
fcd1af9c-de0,ACC-68984,2026-07-22 12:07:11,Starbucks,mobile_app,CAD,20.06
de9debd0-4bd,ACC-30616,2026-07-22 20:39:29,Shell,online,GBP,159.69
3540f1a6-4dd,ACC-44003,2026-07-22 03:51:41,Best Buy,online,GBP,54.32
e7762204-0cc,ACC-80068,2026-07-22 17:22:34,Amazon,online,EUR,202.89
b6dedff0-c17,ACC-36778,2026-07-21 22:38:28,Target,online,USD,93.0
7b18d958-8a4,ACC-45379,2026-07-22 11:23:51,Costco,mobile_app,USD,70.14
b1a66b7e-c16,ACC-71428,2026-07-22 16:04:17,Walmart,mobile_app,GBP,115.03
96585fb8-e6f,ACC-34610,2026-07-21 23:17:04,Shell,online,USD,180.67
3f4e74cc-eaa,ACC-37316,2026-07-22 14:37:06,Amazon,mobile_app,CAD,60.64
ed5217c5-9d2,ACC-74773,2026-07-22 17:43:50,Target,in_store,GBP,108.86
12b53c48-6b1,ACC-63144,2026-07-22 09:54:20,Walmart,mobile_app,GBP,106.33
f75033ec-ef0,ACC-97444,2026-07-22 15:36:10,Walmart,in_store,USD,162.07
3613abf5-95a,ACC-23861,2026-07-22 03:42:32,Shell,mobile_app,CAD,115.1
4079c450-f19,ACC-95712,2026-07-22 03:01:46,Delta Airlines,online,CAD,93.45
5a53b609-9e7,ACC-41126,2026-07-22 15:53:42,Uber,mobile_app,USD,29.16
d7613448-277,ACC-11372,2026-07-22 15:16:12,Starbucks,mobile_app,EUR,119.81
241467a9-921,ACC-92283,2026-07-22 09:09:52,Shell,mobile_app,GBP,78.5
1cd4b287-683,ACC-61406,2026-07-22 10:52:32,Best Buy,mobile_app,USD,111.62
3463133a-2f7,ACC-34727,2026-07-22 07:55:42,Starbucks,in_store,USD,48.67
34b5ce0b-d4a,ACC-50594,2026-07-22 10:35:04,Uber,mobile_app,CAD,159.41
ea4a2b9a-643,ACC-53471,2026-07-22 21:54:18,Delta Airlines,in_store,USD,62.98
78192443-cec,ACC-28457,2026-07-22 02:18:01,Costco,online,EUR,71.73
c0e1c520-86a,ACC-33493,2026-07-22 21:32:36,Target,online,CAD,76.22
8164693c-14e,ACC-70707,2026-07-21 23:55:11,Costco,mobile_app,USD,18.85
9739b336-a69,ACC-39698,2026-07-22 02:14:53,Amazon,online,USD,27.65
af149f37-b62,ACC-63325,2026-07-22 14:23:10,Walmart,in_store,CAD,115.9
fd09215e-bad,ACC-28226,2026-07-22 17:13:01,Starbucks,online,CAD,175.7
49656689-0b8,ACC-53438,2026-07-22 16:10:04,Shell,mobile_app,USD,120.51
2551bc02-d4e,ACC-90359,2026-07-22 13:10:51,Netflix,online,USD,9.93
721508eb-4ef,ACC-53386,2026-07-22 08:05:02,Starbucks,in_store,GBP,31.11
2f586f84-c63,ACC-67833,2026-07-22 22:17:01,Walmart,mobile_app,CAD,7.44
448b6533-6d8,ACC-76763,2026-07-22 06:03:04,Netflix,in_store,USD,7.8
8146392b-e13,ACC-30754,2026-07-22 20:51:12,Uber,mobile_app,GBP,109.17
30422de1-d77,ACC-40659,2026-07-22 18:33:10,Netflix,mobile_app,EUR,57.67
255e4db1-e3c,ACC-35974,2026-07-22 19:29:45,Best Buy,mobile_app,EUR,191.59
e17caddd-555,ACC-13500,2026-07-22 19:14:56,Starbucks,online,EUR,11.06
eef8ff0a-fcd,ACC-72637,2026-07-22 07:29:50,Costco,in_store,GBP,60.18
5ab18180-60b,ACC-22026,2026-07-22 10:34:36,Netflix,in_store,CAD,30.94
c8e5c067-542,ACC-69282,2026-07-22 03:06:26,Target,online,USD,54.04
c43db717-193,ACC-44651,2026-07-22 18:59:35,Target,mobile_app,GBP,78.26
009c7d1a-afd,ACC-29089,2026-07-22 20:29:30,Walmart,online,GBP,151.07
48ec0953-42b,ACC-41570,2026-07-22 11:49:52,Costco,in_store,EUR,49.84
4dabf6bf-a6c,ACC-88326,2026-07-22 05:20:53,Best Buy,online,CAD,98.47
87321a34-3b8,ACC-62873,2026-07-21 23:45:27,Target,mobile_app,EUR,216.01
24a63dcb-e48,ACC-97980,2026-07-22 09:47:34,Shell,mobile_app,USD,73.34
bfa690b1-dfb,ACC-36153,2026-07-22 04:21:51,Shell,in_store,USD,57.16
cfbe2c24-2af,ACC-79187,2026-07-22 03:47:51,Shell,online,CAD,16.31
ae37fda6-914,ACC-54071,2026-07-22 04:54:55,Best Buy,online,GBP,20.18
987c50b4-757,ACC-84453,2026-07-22 07:28:48,Netflix,online,USD,35.71
3458d91d-ec7,ACC-62845,2026-07-22 03:51:42,Delta Airlines,mobile_app,USD,70.73
cd2327cf-9de,ACC-55278,2026-07-22 15:42:02,Shell,mobile_app,CAD,82.11
619fa9f4-62b,ACC-73673,2026-07-22 08:50:35,Delta Airlines,mobile_app,CAD,61.87
2b1444cb-223,ACC-25383,2026-07-22 14:23:29,Costco,online,GBP,21.16
0c6aa66e-013,ACC-78246,2026-07-22 17:42:22,Shell,in_store,USD,90.79
34118ca8-396,ACC-17167,2026-07-22 10:16:03,Uber,mobile_app,CAD,55.31
19a23945-645,ACC-88318,2026-07-22 12:17:56,Netflix,in_store,USD,76.77
bc9b7ea9-04a,ACC-26311,2026-07-22 07:29:16,Delta Airlines,online,CAD,43.05
2fa33e26-ebe,ACC-72352,2026-07-22 00:29:01,Walmart,mobile_app,EUR,65.56
8051cdd4-917,ACC-50147,2026-07-22 18:26:01,Shell,online,USD,135.27
8089503a-d62,ACC-81585,2026-07-22 12:01:05,Shell,mobile_app,EUR,62.39
18788faa-3da,ACC-95132,2026-07-22 06:39:59,Shell,mobile_app,USD,52.52
f629f2ba-bf4,ACC-22918,2026-07-22 01:12:13,Best Buy,online,USD,105.53
981fd418-0b0,ACC-85482,2026-07-22 18:09:52,Delta Airlines,online,GBP,88.11
6f1dc077-4f2,ACC-49225,2026-07-22 07:28:22,Amazon,in_store,EUR,167.03
261ba9cc-24a,ACC-67772,2026-07-22 00:52:19,Delta Airlines,mobile_app,CAD,101.1
712a08de-605,ACC-56726,2026-07-22 03:44:07,Costco,online,USD,119.83
e5749651-90f,ACC-14080,2026-07-22 09:44:27,Delta Airlines,in_store,GBP,26.9
7c343519-c8d,ACC-75328,2026-07-22 10:24:03,Target,in_store,EUR,168.56
23bb4ce3-beb,ACC-48711,2026-07-22 05:58:17,Amazon,online,GBP,50.2
794658e2-e99,ACC-71930,2026-07-22 11:29:09,Amazon,online,EUR,155.31
1a7d9523-ba5,ACC-92889,2026-07-22 18:00:04,Starbucks,online,USD,22.9
8f6b55a4-15e,ACC-23906,2026-07-22 22:15:41,Uber,mobile_app,GBP,60.85
8eb07228-5a6,ACC-65097,2026-07-22 08:33:49,Target,in_store,CAD,163.86
ae1dbef4-612,ACC-20353,2026-07-22 13:42:27,Target,online,GBP,84.77
81d3902c-2c0,ACC-35751,2026-07-22 02:59:04,Uber,online,EUR,67.94
9c79a5a4-476,ACC-97109,2026-07-22 16:50:53,Uber,in_store,GBP,4.74
cc06d0a5-043,ACC-25172,2026-07-22 17:41:05,Costco,mobile_app,EUR,144.7
feba62b8-ca1,ACC-33666,2026-07-22 09:32:54,Starbucks,in_store,EUR,93.26
866cbce5-7d8,ACC-97529,2026-07-22 21:53:26,Walmart,in_store,USD,148.21
f5e184ce-bc4,ACC-79245,2026-07-22 14:37:26,Walmart,mobile_app,USD,48.84
355d5f46-2a9,ACC-88603,2026-07-21 22:50:44,Costco,in_store,GBP,51.15
4d64f390-038,ACC-84522,2026-07-22 14:00:32,Walmart,online,GBP,101.81
3fbd8c24-d79,ACC-42230,2026-07-22 05:29:30,Target,in_store,USD,106.86
8b0305e7-5fb,ACC-29762,2026-07-22 05:22:36,Amazon,mobile_app,CAD,191.71
2c9dd811-7af,ACC-60424,2026-07-22 19:53:13,Amazon,in_store,USD,8.68
49344c4c-dea,ACC-18392,2026-07-22 05:08:29,Best Buy,mobile_app,GBP,123.1
ae275e8a-538,ACC-96279,2026-07-22 10:16:18,Delta Airlines,online,GBP,47.25
92f4f702-5b7,ACC-93196,2026-07-22 17:00:03,Best Buy,mobile_app,EUR,61.1
52c294c5-04a,ACC-31649,2026-07-22 20:12:50,Walmart,mobile_app,CAD,70.23
ff64c703-5f4,ACC-97613,2026-07-22 07:09:37,Delta Airlines,mobile_app,GBP,83.55
dc206bdd-d94,ACC-44036,2026-07-22 07:10:54,Delta Airlines,mobile_app,EUR,47.33
5fee81bf-f19,ACC-89075,2026-07-22 19:42:43,Delta Airlines,in_store,USD,55.72
8f293f03-66a,ACC-88227,2026-07-22 05:57:53,Amazon,mobile_app,CAD,189.48
fbf10ffd-9bb,ACC-52605,2026-07-22 05:08:47,Target,mobile_app,USD,255.78
6227f6f9-d73,ACC-75025,2026-07-22 20:44:54,Shell,mobile_app,CAD,88.75
5f76d894-d86,ACC-14054,2026-07-23 08:09:54,Walmart,online,EUR,222.5
2b5f2e2a-ffc,ACC-93868,2026-07-23 19:18:16,Best Buy,mobile_app,EUR,73.88
450b20f6-a0c,ACC-29166,2026-07-23 21:16:57,Amazon,in_store,CAD,250.59
b2aaac49-07d,ACC-51203,2026-07-23 00:07:56,Costco,mobile_app,GBP,47.18
8db806ba-c50,ACC-75319,2026-07-23 20:01:31,Walmart,mobile_app,EUR,35.78
ff30fe97-6a3,ACC-43401,2026-07-23 12:23:08,Starbucks,online,CAD,107.47
7a0ba3e1-c57,ACC-88103,2026-07-23 22:35:07,Delta Airlines,online,GBP,180.13
8f7a04bc-10f,ACC-71190,2026-07-23 13:32:32,Netflix,mobile_app,EUR,26.47
8f9574d4-f34,ACC-26831,2026-07-23 00:07:30,Delta Airlines,mobile_app,EUR,43.49
bf053ccd-a9f,ACC-69679,2026-07-23 03:51:20,Best Buy,mobile_app,USD,80.32
388cc422-7b9,ACC-41538,2026-07-22 22:42:48,Shell,mobile_app,EUR,52.57
2667e06e-372,ACC-61500,2026-07-23 01:55:13,Best Buy,in_store,CAD,107.14
d33d23d9-d7b,ACC-20025,2026-07-23 14:02:42,Amazon,mobile_app,EUR,61.55
80bcce3c-3fb,ACC-43188,2026-07-23 09:21:28,Walmart,mobile_app,EUR,81.11
65fb848c-a7e,ACC-70497,2026-07-23 13:49:22,Walmart,online,GBP,133.31
fc1239e1-86f,ACC-54177,2026-07-23 09:50:05,Costco,online,USD,295.7
125979fd-1c0,ACC-62828,2026-07-23 04:25:55,Costco,mobile_app,USD,88.99
fac16cc3-c22,ACC-84370,2026-07-23 11:05:14,Costco,online,CAD,116.09
f3e1c7ed-2a2,ACC-37960,2026-07-23 12:53:52,Shell,in_store,USD,152.96
95417f36-f3a,ACC-64848,2026-07-23 06:26:01,Netflix,online,EUR,51.98
74e631b4-d96,ACC-31478,2026-07-23 18:36:00,Delta Airlines,online,CAD,126.44
91709c07-e8a,ACC-87841,2026-07-23 06:23:58,Delta Airlines,in_store,CAD,109.52
521aeda7-dee,ACC-74253,2026-07-23 14:52:13,Target,in_store,EUR,50.92
9ed978df-9ac,ACC-60195,2026-07-23 18:15:51,Shell,online,USD,88.34
2e21a098-db7,ACC-57555,2026-07-23 08:39:30,Uber,mobile_app,USD,60.24
5b6fc747-76b,ACC-33861,2026-07-23 17:29:03,Uber,mobile_app,CAD,43.08
2331dd4d-b84,ACC-95125,2026-07-23 19:14:56,Starbucks,in_store,USD,113.45
a1734c7a-cd8,ACC-17503,2026-07-23 11:44:19,Target,mobile_app,GBP,258.85
306c15d9-942,ACC-41572,2026-07-23 03:34:58,Walmart,online,GBP,65.23
adfaf23a-ac2,ACC-68973,2026-07-23 12:35:15,Walmart,in_store,GBP,98.6
15f04e57-906,ACC-78065,2026-07-23 07:55:20,Amazon,in_store,CAD,38.73
02fd3147-144,ACC-41234,2026-07-23 20:43:30,Delta Airlines,online,EUR,92.1
ec1f85b0-68b,ACC-77357,2026-07-23 04:05:04,Costco,online,USD,67.89
acf90804-eea,ACC-50931,2026-07-23 06:11:01,Shell,in_store,CAD,119.88
e62b7292-911,ACC-27826,2026-07-23 18:23:51,Best Buy,mobile_app,GBP,120.66
739d4cbf-580,ACC-69204,2026-07-23 10:01:08,Shell,online,EUR,75.13
78a8d829-53b,ACC-80120,2026-07-23 08:47:55,Delta Airlines,in_store,EUR,120.22
38ec39e1-7af,ACC-77741,2026-07-23 12:39:50,Netflix,online,USD,74.01
1d3fe9eb-640,ACC-58557,2026-07-23 09:13:32,Netflix,mobile_app,EUR,124.39
323893ca-f22,ACC-15333,2026-07-23 03:41:59,Amazon,mobile_app,CAD,99.1
4a613edd-f0e,ACC-11489,2026-07-23 19:11:48,Uber,mobile_app,USD,122.88
3547da9a-833,ACC-83153,2026-07-23 06:27:48,Netflix,mobile_app,USD,122.99
0e3b3aff-234,ACC-40749,2026-07-23 12:12:55,Uber,online,CAD,121.93
ee482893-1bb,ACC-61437,2026-07-23 02:57:13,Delta Airlines,online,CAD,65.05
d3301918-e17,ACC-53015,2026-07-23 12:32:57,Uber,in_store,GBP,112.34
20b45d25-f89,ACC-30787,2026-07-23 06:39:39,Shell,online,CAD,132.75
6d906670-059,ACC-55969,2026-07-23 04:39:42,Starbucks,mobile_app,USD,39.55
0ce2a58f-d1f,ACC-65352,2026-07-23 11:02:14,Target,in_store,GBP,122.36
d341d8d6-2c0,ACC-50438,2026-07-23 18:43:57,Amazon,in_store,USD,169.37
75d0c399-af5,ACC-18249,2026-07-23 11:51:18,Shell,in_store,USD,17.79
7918e655-006,ACC-74953,2026-07-23 12:19:27,Costco,in_store,CAD,2.6
9b2f481a-273,ACC-43210,2026-07-23 10:26:38,Walmart,online,USD,183.3
78bc2ace-7de,ACC-52407,2026-07-23 11:13:43,Netflix,mobile_app,GBP,36.97
a174828a-9f3,ACC-97563,2026-07-23 08:07:37,Target,mobile_app,CAD,114.05
bc4deeb0-a7d,ACC-90643,2026-07-23 12:35:15,Netflix,in_store,USD,44.59
658fe2e7-88c,ACC-38383,2026-07-23 19:34:09,Walmart,mobile_app,USD,117.45
1dc44740-031,ACC-81153,2026-07-23 21:11:41,Shell,mobile_app,CAD,39.88
0f8a1faf-ca5,ACC-46198,2026-07-23 00:54:29,Walmart,in_store,CAD,178.69
a1783002-def,ACC-60459,2026-07-23 12:29:43,Amazon,online,GBP,15.68
1d4e37bd-d6a,ACC-74885,2026-07-23 09:49:39,Netflix,in_store,USD,12.61
1823f67e-ae0,ACC-89352,2026-07-23 04:02:51,Starbucks,in_store,EUR,57.59
be957e63-b25,ACC-99151,2026-07-23 07:59:26,Starbucks,online,USD,58.5
d956ba23-fb8,ACC-61629,2026-07-23 18:23:28,Amazon,online,CAD,34.29
cacac249-a7f,ACC-81844,2026-07-23 22:15:48,Walmart,mobile_app,GBP,88.06
7a27759c-1a6,ACC-55438,2026-07-23 08:12:21,Walmart,online,GBP,143.15
7f401107-8d8,ACC-61934,2026-07-23 06:09:48,Target,online,EUR,37.64
c766b2c6-eb2,ACC-53655,2026-07-23 04:23:51,Costco,mobile_app,CAD,202.79
1b0522d5-f0e,ACC-48492,2026-07-23 19:07:10,Netflix,in_store,GBP,105.05
cd10ecb5-745,ACC-97559,2026-07-23 11:56:53,Best Buy,in_store,EUR,53.75
510b1a57-5eb,ACC-42676,2026-07-23 22:07:15,Netflix,in_store,EUR,171.71
5b310151-f45,ACC-26515,2026-07-23 17:17:47,Walmart,online,USD,97.12
14975525-7d6,ACC-24781,2026-07-23 09:53:05,Delta Airlines,mobile_app,CAD,50.21
74e0a893-1ab,ACC-31308,2026-07-23 00:03:41,Costco,in_store,CAD,111.67
b8fc87fb-d3d,ACC-55172,2026-07-23 00:32:14,Uber,in_store,CAD,84.29
63059508-6e9,ACC-93201,2026-07-23 07:48:03,Uber,in_store,GBP,148.99
602c4a2a-de6,ACC-53757,2026-07-23 05:16:32,Starbucks,mobile_app,EUR,74.38
f31d4f80-2cd,ACC-65128,2026-07-23 19:15:09,Target,mobile_app,GBP,118.96
a1b79261-396,ACC-26412,2026-07-23 04:26:48,Starbucks,in_store,GBP,88.78
8c9566cf-2a6,ACC-95458,2026-07-23 07:00:13,Target,online,CAD,60.2
95371a76-529,ACC-27530,2026-07-23 19:54:36,Uber,mobile_app,GBP,106.01
9ba43337-d1f,ACC-43027,2026-07-23 13:51:28,Shell,in_store,EUR,64.51
17184f94-848,ACC-30618,2026-07-23 00:21:53,Walmart,online,EUR,89.55
95b2b462-046,ACC-56722,2026-07-23 09:00:21,Best Buy,online,CAD,72.52
a2ac7412-8a3,ACC-13475,2026-07-23 10:36:31,Best Buy,in_store,EUR,309.77
49d3b41f-b2e,ACC-18831,2026-07-23 12:11:16,Uber,in_store,GBP,99.11
39d1fc4e-785,ACC-61338,2026-07-23 06:44:07,Costco,in_store,EUR,7.7
c94a5538-3e3,ACC-61032,2026-07-23 19:34:38,Starbucks,mobile_app,GBP,53.19
0021da33-2f3,ACC-67966,2026-07-23 03:56:23,Target,online,GBP,38.74
f5af3354-e51,ACC-66704,2026-07-23 16:22:08,Walmart,online,GBP,55.39
0dd709a0-674,ACC-45414,2026-07-22 23:17:32,Costco,mobile_app,EUR,21.38
79c79cd6-bc5,ACC-91958,2026-07-23 08:33:34,Shell,in_store,GBP,144.57
46da41ed-db8,ACC-20617,2026-07-23 06:52:37,Delta Airlines,online,GBP,181.29
aaa54ca6-e37,ACC-44024,2026-07-23 18:40:13,Best Buy,online,EUR,21.51
24f5443b-7c2,ACC-10934,2026-07-23 00:56:08,Uber,mobile_app,USD,60.86
a06da2fd-37a,ACC-33920,2026-07-22 22:44:16,Netflix,in_store,EUR,29.08
ddcfcdf9-1a5,ACC-63551,2026-07-23 05:57:13,Delta Airlines,online,CAD,15.79
3bf74976-1bf,ACC-83372,2026-07-23 11:23:08,Shell,mobile_app,USD,43.89
705444e0-c48,ACC-82162,2026-07-23 06:25:03,Costco,mobile_app,GBP,177.39
aa195e7e-2ca,ACC-34723,2026-07-23 08:40:50,Uber,online,CAD,70.2
a3bfcd77-04a,ACC-16159,2026-07-23 19:23:25,Target,online,EUR,40.63
53113184-03f,ACC-25568,2026-07-23 18:12:58,Walmart,in_store,GBP,24.49
ef43ab7e-339,ACC-82838,2026-07-22 23:27:54,Uber,online,CAD,35.72
80c08e93-aad,ACC-37543,2026-07-22 22:58:22,Walmart,in_store,USD,123.81
729de5c8-5f5,ACC-44725,2026-07-23 17:47:18,Starbucks,mobile_app,CAD,195.83
1767f12d-df1,ACC-50363,2026-07-23 13:07:43,Best Buy,mobile_app,USD,107.29
2814b2b3-25d,ACC-62725,2026-07-23 16:08:37,Shell,in_store,USD,67.43
3536a185-754,ACC-85603,2026-07-22 22:56:13,Target,online,GBP,10.29
3873514b-bd0,ACC-58407,2026-07-23 12:43:58,Best Buy,mobile_app,GBP,181.4
590e8635-f06,ACC-92169,2026-07-23 11:52:09,Delta Airlines,in_store,GBP,38.27
d8cfe98c-57a,ACC-18738,2026-07-23 08:45:27,Netflix,mobile_app,USD,53.65
9a02bf61-e46,ACC-53883,2026-07-23 08:13:35,Starbucks,mobile_app,EUR,111.44
33404af6-8ca,ACC-16148,2026-07-23 06:17:10,Target,mobile_app,GBP,14.03
4907149c-f32,ACC-33238,2026-07-23 06:05:28,Netflix,online,EUR,181.65
3193bad4-a24,ACC-58863,2026-07-23 03:47:45,Netflix,online,CAD,120.42
ed54ac75-c63,ACC-11237,2026-07-22 23:23:32,Shell,mobile_app,USD,163.09
2e9e534c-b7f,ACC-22417,2026-07-23 13:16:38,Netflix,mobile_app,EUR,100.21
d0b89d0a-14c,ACC-32880,2026-07-22 23:20:57,Netflix,online,USD,360.44
a345225c-f08,ACC-52143,2026-07-23 19:39:53,Shell,in_store,EUR,35.82
c5ce6dc8-d6d,ACC-63505,2026-07-23 16:46:13,Target,in_store,USD,101.32
9dda0d4b-134,ACC-52234,2026-07-23 12:47:41,Target,in_store,USD,85.52
1454c0b5-331,ACC-93194,2026-07-23 03:59:05,Shell,mobile_app,USD,29.02
a494e7ea-98f,ACC-90799,2026-07-23 06:19:15,Costco,in_store,CAD,44.75
ddcb4843-8f6,ACC-65573,2026-07-23 21:28:44,Best Buy,mobile_app,USD,18.98
baee2a88-26a,ACC-69403,2026-07-23 03:00:45,Shell,mobile_app,CAD,39.78
64c08773-7aa,ACC-60416,2026-07-23 13:51:37,Best Buy,online,CAD,26.19
e488e359-8b8,ACC-80932,2026-07-23 20:27:40,Costco,online,USD,88.76
3cb72251-f2f,ACC-92225,2026-07-23 17:49:23,Delta Airlines,in_store,GBP,234.22
0f29c133-474,ACC-16050,2026-07-23 20:11:43,Costco,online,GBP,148.58
13388a56-396,ACC-80381,2026-07-23 04:07:23,Delta Airlines,in_store,GBP,314.07
57445bd9-1eb,ACC-51020,2026-07-23 21:16:09,Starbucks,mobile_app,CAD,34.35
5efa5d08-eca,ACC-62703,2026-07-23 18:40:41,Amazon,online,CAD,13.0
b6f2c0e0-8a2,ACC-40686,2026-07-23 02:38:05,Target,mobile_app,EUR,124.72
b61ab930-c05,ACC-23656,2026-07-23 02:45:41,Best Buy,in_store,GBP,28.15
af4fff00-700,ACC-34236,2026-07-23 00:57:06,Amazon,mobile_app,GBP,15.12
17ed8e0f-4d6,ACC-77850,2026-07-23 07:43:11,Netflix,in_store,EUR,104.11
a139e63a-1ca,ACC-11881,2026-07-23 18:07:06,Shell,online,CAD,111.63
369b7041-753,ACC-94371,2026-07-23 08:46:20,Starbucks,online,USD,144.21
3f00cf8a-e54,ACC-67734,2026-07-23 18:47:54,Delta Airlines,online,USD,105.44
cccd10c3-207,ACC-17332,2026-07-23 16:40:27,Best Buy,online,EUR,125.74
14b955d1-d65,ACC-33400,2026-07-23 11:54:42,Walmart,in_store,USD,137.98
cecf0647-ded,ACC-38781,2026-07-23 11:10:53,Uber,online,CAD,78.84
1ca896ce-87e,ACC-90527,2026-07-23 05:12:26,Shell,online,CAD,7.34
71566906-814,ACC-19422,2026-07-23 16:24:06,Walmart,mobile_app,EUR,24.26
8ed0e0b6-279,ACC-92471,2026-07-23 17:58:12,Netflix,mobile_app,EUR,115.53
c1b8cf89-1c1,ACC-97608,2026-07-23 18:58:46,Shell,in_store,USD,42.9
cfee12d6-2f0,ACC-51331,2026-07-23 10:57:19,Uber,mobile_app,EUR,23.12
3718804c-0c1,ACC-33681,2026-07-23 06:13:20,Target,online,CAD,199.2
a06cc91f-c2f,ACC-26921,2026-07-23 00:05:50,Uber,online,GBP,59.03
6a981d31-96d,ACC-89956,2026-07-23 11:07:00,Costco,in_store,GBP,34.01
8f2e6147-0a3,ACC-11053,2026-07-23 05:44:00,Walmart,mobile_app,EUR,58.82
a61ec07b-b28,ACC-50667,2026-07-24 11:42:38,Shell,online,EUR,54.6
b26f2a39-32f,ACC-92736,2026-07-24 01:11:35,Uber,in_store,GBP,217.43
c07e5875-312,ACC-63607,2026-07-24 20:54:02,Uber,in_store,EUR,323.5
cf9e984d-ba2,ACC-26197,2026-07-24 17:01:56,Walmart,in_store,CAD,107.33
b2df27e2-4ca,ACC-74560,2026-07-24 07:08:59,Costco,online,GBP,365.43
f59b9caa-945,ACC-47550,2026-07-24 03:04:35,Walmart,mobile_app,CAD,94.1
68490fa3-00f,ACC-72583,2026-07-24 06:48:24,Shell,online,CAD,138.97
17dba768-671,ACC-38885,2026-07-24 20:28:58,Delta Airlines,mobile_app,USD,120.43
8f7a6bf0-41a,ACC-64932,2026-07-24 11:57:21,Netflix,in_store,CAD,26.94
5b98f154-f2d,ACC-45080,2026-07-24 22:34:00,Uber,mobile_app,USD,59.86
1da6dfdd-f4e,ACC-42075,2026-07-24 20:49:23,Amazon,in_store,GBP,3.62
def32bfe-4ab,ACC-87765,2026-07-24 03:24:13,Uber,in_store,CAD,65.91
dfcc8b28-e90,ACC-54770,2026-07-24 08:43:30,Walmart,mobile_app,USD,50.38
a1dba3e9-699,ACC-96171,2026-07-24 18:28:05,Walmart,in_store,EUR,67.97
3954e219-db8,ACC-57655,2026-07-24 01:48:34,Amazon,in_store,USD,20.29
655cb860-f62,ACC-97711,2026-07-24 20:04:51,Netflix,online,EUR,151.2
f3d9dc47-492,ACC-19508,2026-07-24 15:40:27,Netflix,online,CAD,67.15
ca31b263-81c,ACC-51423,2026-07-24 17:00:20,Delta Airlines,mobile_app,USD,40.32
d48a3898-848,ACC-12751,2026-07-24 06:41:00,Shell,in_store,EUR,18.2
48ea246e-284,ACC-80957,2026-07-24 22:15:21,Walmart,online,USD,119.17
a10e4df2-298,ACC-96007,2026-07-24 15:25:15,Shell,mobile_app,EUR,43.9
8f9f12d3-ceb,ACC-86584,2026-07-24 17:26:46,Starbucks,in_store,GBP,218.38
e2e7f67d-a4a,ACC-77576,2026-07-24 03:47:48,Shell,online,USD,79.44
c4080c6a-f2b,ACC-31869,2026-07-23 22:43:22,Costco,mobile_app,GBP,137.18
6830fe2b-bbe,ACC-25687,2026-07-24 15:50:26,Shell,in_store,EUR,60.65
b20265e9-b34,ACC-58616,2026-07-23 23:10:00,Netflix,online,USD,41.86
fc5cc7a2-af0,ACC-64125,2026-07-24 11:22:30,Best Buy,mobile_app,USD,7.63
21db1882-469,ACC-49525,2026-07-24 02:01:26,Best Buy,mobile_app,USD,163.71
d9921df1-677,ACC-84432,2026-07-24 01:03:28,Starbucks,online,USD,162.71
6dbc5295-7b5,ACC-77135,2026-07-24 17:08:58,Uber,in_store,GBP,80.8
119b03f3-4b0,ACC-42345,2026-07-24 07:32:40,Costco,in_store,CAD,82.92
e31311d0-302,ACC-38526,2026-07-24 00:34:07,Costco,in_store,EUR,47.33
fce67f87-a2d,ACC-23697,2026-07-24 18:54:43,Delta Airlines,online,USD,83.61
d5f6c8f0-314,ACC-30295,2026-07-24 16:55:59,Target,mobile_app,EUR,74.79
5093be09-b95,ACC-91004,2026-07-24 13:23:23,Costco,mobile_app,USD,4.65
bdc4b762-e32,ACC-11403,2026-07-24 13:38:32,Starbucks,online,USD,123.23
0ca6a0dc-dc0,ACC-30519,2026-07-24 12:18:05,Uber,mobile_app,USD,34.67
638747b9-261,ACC-24451,2026-07-24 13:20:08,Delta Airlines,in_store,USD,18.93
32bbf28d-a85,ACC-64544,2026-07-24 12:46:57,Uber,online,EUR,54.79
51ac20d7-ddc,ACC-80350,2026-07-24 08:05:16,Walmart,mobile_app,CAD,18.33
fed03296-1a5,ACC-74093,2026-07-24 10:33:44,Starbucks,mobile_app,EUR,249.99
821009bb-beb,ACC-75660,2026-07-24 19:16:07,Walmart,in_store,GBP,57.81
514ebf28-e23,ACC-88612,2026-07-24 08:19:40,Uber,online,GBP,5.3
5ea13cf2-131,ACC-66263,2026-07-24 01:39:59,Delta Airlines,in_store,GBP,31.97
3260eb57-a06,ACC-66425,2026-07-24 22:12:38,Netflix,in_store,USD,4.69
e6005cf6-a4a,ACC-50783,2026-07-24 00:23:47,Best Buy,online,EUR,73.15
269b2ff9-e23,ACC-60091,2026-07-24 17:48:39,Best Buy,in_store,CAD,68.07
ec04387f-9f3,ACC-98478,2026-07-24 06:41:55,Walmart,mobile_app,GBP,98.41
8e20ff83-18b,ACC-51210,2026-07-23 23:46:17,Netflix,in_store,EUR,34.57
f490045b-359,ACC-79056,2026-07-24 17:31:10,Delta Airlines,mobile_app,USD,49.06
0e4d14bd-97f,ACC-63294,2026-07-24 12:11:15,Costco,online,USD,141.21
7a6cdda2-7a6,ACC-56821,2026-07-24 20:11:43,Starbucks,in_store,GBP,83.09
5be5981c-b6f,ACC-37498,2026-07-24 09:33:25,Costco,mobile_app,USD,300.36
b323f024-6a3,ACC-34078,2026-07-24 10:03:55,Delta Airlines,online,GBP,101.08
eedc0ba0-1be,ACC-22167,2026-07-24 00:31:22,Starbucks,in_store,GBP,119.44
4e72fc9f-74d,ACC-94831,2026-07-24 14:05:03,Netflix,in_store,USD,79.95
738361b8-287,ACC-85000,2026-07-24 08:59:46,Walmart,online,CAD,114.0
38c3c3f5-210,ACC-42809,2026-07-24 06:47:40,Netflix,online,GBP,62.55
bae1b801-dde,ACC-30433,2026-07-24 04:01:48,Uber,mobile_app,GBP,55.85
6bc9355e-273,ACC-74268,2026-07-24 00:39:27,Amazon,in_store,USD,139.27
cf9d8efd-6a1,ACC-28154,2026-07-24 18:41:33,Netflix,mobile_app,USD,100.15
b2aa50a4-e58,ACC-99503,2026-07-24 21:03:20,Starbucks,mobile_app,USD,128.56
0b93c72b-3e2,ACC-64833,2026-07-24 16:02:15,Netflix,mobile_app,USD,196.36
b2589647-a1c,ACC-20939,2026-07-24 04:52:17,Delta Airlines,mobile_app,EUR,140.36
52c16263-6bf,ACC-68678,2026-07-24 12:20:53,Shell,online,CAD,50.41
1964070c-777,ACC-19365,2026-07-24 10:14:22,Walmart,in_store,USD,31.79
b1c7af17-d5f,ACC-62057,2026-07-24 02:54:07,Uber,mobile_app,USD,171.54
e6bba9c2-ffd,ACC-22714,2026-07-24 06:16:45,Shell,in_store,EUR,6.48
79e94a95-423,ACC-30325,2026-07-24 03:04:59,Uber,in_store,CAD,83.41
2a37d65b-adc,ACC-66615,2026-07-23 23:44:02,Shell,online,CAD,204.19
b5dc7e26-aca,ACC-67244,2026-07-24 16:33:50,Shell,mobile_app,CAD,56.57
3fec632a-8e2,ACC-82029,2026-07-24 02:25:22,Target,mobile_app,GBP,76.05
8cde90c8-b22,ACC-11931,2026-07-24 05:57:02,Netflix,online,GBP,125.13
7f10e66c-204,ACC-87516,2026-07-24 12:19:04,Best Buy,mobile_app,CAD,84.59
5b852b72-841,ACC-85270,2026-07-24 15:04:38,Costco,in_store,GBP,217.75
43bef292-911,ACC-29376,2026-07-24 19:50:52,Delta Airlines,mobile_app,CAD,42.41
924ba1ea-912,ACC-21850,2026-07-24 10:32:04,Delta Airlines,online,GBP,78.48
ee767cf4-912,ACC-63846,2026-07-24 11:22:00,Costco,online,GBP,118.44
c9e11dc0-29d,ACC-43397,2026-07-24 00:55:41,Shell,online,EUR,89.64
796fafbb-277,ACC-90954,2026-07-24 14:20:48,Walmart,mobile_app,EUR,232.21
46a59d5f-61b,ACC-79601,2026-07-24 13:39:22,Delta Airlines,in_store,CAD,115.58
14487196-7ae,ACC-40319,2026-07-24 02:52:16,Target,mobile_app,USD,103.97
c66735ad-a65,ACC-75617,2026-07-24 09:45:10,Target,online,GBP,155.01
2fc1cd94-3c0,ACC-30916,2026-07-24 19:16:28,Best Buy,in_store,GBP,105.18
7afcb137-220,ACC-29864,2026-07-24 16:24:59,Delta Airlines,in_store,GBP,33.76
1d10cf71-26a,ACC-42382,2026-07-24 02:08:53,Target,online,EUR,48.83
4efedc62-25c,ACC-89931,2026-07-24 18:04:09,Netflix,online,EUR,20.28
5ce03636-0e8,ACC-86342,2026-07-24 05:30:48,Target,in_store,GBP,252.58
e87053da-553,ACC-24278,2026-07-24 11:50:42,Uber,mobile_app,GBP,53.33
3860833a-c48,ACC-42662,2026-07-24 02:36:43,Netflix,online,EUR,74.26
898aa974-7cb,ACC-43235,2026-07-24 18:09:03,Uber,in_store,GBP,49.59
08df9aa7-960,ACC-27243,2026-07-24 19:00:34,Uber,in_store,USD,29.9
1133cc71-052,ACC-13801,2026-07-24 08:31:02,Uber,in_store,EUR,44.66
4aa57236-f6f,ACC-30985,2026-07-24 12:46:43,Best Buy,online,USD,52.2
cbf4c326-953,ACC-31334,2026-07-24 18:23:25,Best Buy,mobile_app,GBP,11.37
ae6e7cf0-d9a,ACC-17121,2026-07-24 09:44:55,Shell,in_store,EUR,56.71
5c19695b-212,ACC-69353,2026-07-24 16:06:17,Netflix,in_store,EUR,54.87
6cfc0ed9-77c,ACC-76275,2026-07-24 21:53:45,Uber,mobile_app,GBP,133.96
d341019b-a3d,ACC-19877,2026-07-24 07:02:43,Best Buy,online,USD,38.57
9d60ab3b-d55,ACC-10350,2026-07-24 09:35:56,Walmart,mobile_app,USD,17.28
b11a0406-939,ACC-58158,2026-07-24 05:42:08,Uber,in_store,EUR,121.18
0b3c59a5-82d,ACC-97340,2026-07-24 00:49:42,Walmart,online,USD,65.11
e8535914-5b9,ACC-84832,2026-07-24 13:38:21,Target,mobile_app,USD,40.27
206bcccd-6d0,ACC-79074,2026-07-24 14:29:38,Target,online,GBP,177.85
ebf70523-d74,ACC-75404,2026-07-24 20:53:34,Starbucks,mobile_app,USD,179.55
2fcc6b3e-693,ACC-28286,2026-07-24 13:47:03,Delta Airlines,online,USD,32.18
358e0a67-aef,ACC-13872,2026-07-24 16:19:15,Best Buy,mobile_app,USD,6.03
dda1e0ff-601,ACC-49349,2026-07-24 03:30:10,Uber,in_store,EUR,191.69
0d3ccd68-08a,ACC-29809,2026-07-24 08:30:47,Best Buy,online,CAD,65.49
58b93a03-f81,ACC-89814,2026-07-23 23:19:35,Delta Airlines,mobile_app,GBP,100.57
05a75328-a9b,ACC-21324,2026-07-24 04:45:49,Best Buy,online,USD,146.0
0ef4f80e-3e2,ACC-24645,2026-07-24 02:33:57,Uber,in_store,USD,48.23
0eea5105-095,ACC-14189,2026-07-24 13:40:20,Target,online,USD,9.19
b520f077-b29,ACC-58657,2026-07-23 22:36:59,Walmart,online,CAD,11.54
ce26d15e-4c7,ACC-63428,2026-07-24 07:02:23,Netflix,in_store,EUR,101.14
c608c050-e6f,ACC-61376,2026-07-24 11:12:57,Amazon,online,GBP,33.84
c4e27089-121,ACC-86760,2026-07-24 00:19:57,Netflix,mobile_app,GBP,226.86
78745d0c-2be,ACC-98460,2026-07-24 17:33:57,Netflix,in_store,EUR,32.6
a5323464-cc8,ACC-33029,2026-07-24 13:40:19,Starbucks,online,EUR,61.31
11871aa1-248,ACC-69160,2026-07-24 07:49:07,Delta Airlines,online,GBP,31.26
9bc9d078-2f8,ACC-41228,2026-07-24 05:19:15,Costco,in_store,GBP,195.9
7b574809-eb8,ACC-12929,2026-07-24 19:28:04,Target,in_store,EUR,97.75
c8586e42-0bb,ACC-49517,2026-07-24 00:59:11,Best Buy,in_store,EUR,42.45
de2b8032-951,ACC-42490,2026-07-23 23:50:45,Best Buy,online,USD,55.82
f7296584-e3e,ACC-42039,2026-07-24 16:55:43,Delta Airlines,online,USD,93.02
474951bd-ef5,ACC-83022,2026-07-24 13:40:41,Target,in_store,GBP,142.57
109cd273-459,ACC-19589,2026-07-24 01:08:11,Shell,online,CAD,51.45
1bbd0f55-9ba,ACC-54322,2026-07-24 07:03:25,Starbucks,in_store,GBP,58.83
7456e9ec-f38,ACC-87764,2026-07-24 19:03:44,Walmart,in_store,USD,83.43
73ccd223-11a,ACC-75401,2026-07-24 00:29:09,Amazon,in_store,USD,132.88
e1edc949-a0e,ACC-30774,2026-07-24 14:03:36,Target,online,EUR,28.45
f63c86ab-ce7,ACC-74595,2026-07-24 04:24:40,Starbucks,in_store,GBP,89.77
e4d30e35-85b,ACC-27860,2026-07-24 03:38:10,Target,mobile_app,GBP,101.46
7d7c7309-c5a,ACC-35252,2026-07-24 00:08:58,Starbucks,online,EUR,81.39
943146f4-23c,ACC-58149,2026-07-24 15:06:43,Netflix,mobile_app,USD,154.28
23431008-fe7,ACC-29194,2026-07-24 08:31:53,Walmart,online,GBP,44.95
893a3dc5-fbf,ACC-26139,2026-07-24 00:23:05,Uber,in_store,EUR,124.28
f435af7d-b25,ACC-26093,2026-07-24 19:47:54,Uber,mobile_app,CAD,185.37
2afb6d3e-550,ACC-44317,2026-07-24 17:46:10,Walmart,online,EUR,65.63
698efaf0-44a,ACC-20052,2026-07-23 23:11:34,Uber,mobile_app,EUR,103.03
a7342959-38a,ACC-53308,2026-07-24 04:25:45,Costco,online,GBP,46.38
d4dee791-071,ACC-88337,2026-07-24 16:12:01,Delta Airlines,in_store,CAD,74.12
14f24c63-c40,ACC-15113,2026-07-24 15:31:24,Starbucks,online,CAD,42.33
5cfbfbe4-246,ACC-67527,2026-07-23 23:28:52,Costco,in_store,USD,65.36
0734fea6-66b,ACC-31342,2026-07-24 08:51:00,Amazon,online,CAD,163.4
0341e2c3-b86,ACC-12570,2026-07-24 06:17:44,Amazon,online,CAD,109.19
e66b8ade-c9f,ACC-90241,2026-07-24 16:45:58,Walmart,in_store,USD,116.49
83341fcc-1a9,ACC-54828,2026-07-24 05:14:19,Amazon,online,GBP,47.1
fc3f0e79-2c5,ACC-54119,2026-07-24 00:06:15,Uber,mobile_app,GBP,52.41
0b2a87df-3bd,ACC-42866,2026-07-24 15:48:38,Costco,mobile_app,GBP,57.79
a93b13d3-889,ACC-56736,2026-07-25 04:38:55,Target,mobile_app,CAD,79.03
1f529de5-2ff,ACC-80794,2026-07-25 14:14:01,Costco,in_store,GBP,87.72
a830b4f6-49f,ACC-74421,2026-07-25 10:41:42,Starbucks,mobile_app,EUR,161.68
ace8125e-7ee,ACC-76696,2026-07-25 15:38:39,Best Buy,in_store,EUR,99.64
90778cd5-c3c,ACC-40817,2026-07-25 10:00:23,Best Buy,mobile_app,CAD,49.76
5236f074-aba,ACC-54530,2026-07-25 04:19:48,Uber,mobile_app,USD,49.65
1e453015-70a,ACC-10419,2026-07-25 21:40:10,Netflix,in_store,USD,27.6
1d68f470-56d,ACC-77397,2026-07-25 16:41:42,Shell,mobile_app,USD,76.75
f0a5e2df-40f,ACC-62547,2026-07-25 16:40:07,Uber,in_store,CAD,81.89
c337868d-cd8,ACC-21788,2026-07-25 00:38:37,Netflix,in_store,CAD,36.84
8f375ad1-a2f,ACC-94056,2026-07-25 00:50:23,Target,online,GBP,93.39
ed95ae64-1ce,ACC-68030,2026-07-25 18:11:52,Amazon,online,GBP,198.98
54d42f49-500,ACC-40733,2026-07-25 00:25:55,Costco,in_store,USD,69.63
316bb127-c01,ACC-35546,2026-07-25 07:51:47,Best Buy,online,CAD,185.62
b74feab5-05c,ACC-82767,2026-07-25 11:26:50,Amazon,online,CAD,140.99
4d229202-066,ACC-29854,2026-07-25 16:08:53,Uber,in_store,GBP,6.55
d1c446d7-5fb,ACC-94752,2026-07-25 05:44:43,Starbucks,mobile_app,CAD,43.85
63f1ab9d-2a9,ACC-97548,2026-07-25 09:28:12,Target,mobile_app,EUR,54.91
392ffeb7-243,ACC-49019,2026-07-25 08:32:53,Target,online,CAD,130.2
9e18d7b6-9f8,ACC-41993,2026-07-25 09:38:03,Amazon,online,GBP,91.38
c6b5cf1a-6d7,ACC-94423,2026-07-25 15:44:12,Costco,mobile_app,CAD,90.13
350bc6fb-667,ACC-18454,2026-07-25 22:02:56,Target,online,GBP,69.68
1421e7b6-74b,ACC-61110,2026-07-25 09:04:45,Uber,in_store,EUR,105.79
cd47474a-0a1,ACC-44269,2026-07-25 20:48:52,Costco,mobile_app,EUR,198.26
ba9fc908-fe8,ACC-67171,2026-07-25 00:43:26,Shell,in_store,USD,58.84
18ee806a-517,ACC-44661,2026-07-25 19:18:49,Delta Airlines,mobile_app,CAD,29.6
3d2905bf-905,ACC-60393,2026-07-25 06:46:57,Netflix,online,USD,48.12
40977c37-67e,ACC-75523,2026-07-25 04:27:16,Starbucks,online,USD,28.35
a7c5fe64-1f5,ACC-77610,2026-07-25 04:10:22,Shell,in_store,CAD,56.18
a9b2ab2c-4b6,ACC-34554,2026-07-25 08:31:36,Amazon,mobile_app,GBP,34.81
dbef0bdd-f71,ACC-53330,2026-07-25 02:21:04,Netflix,online,USD,140.52
dd493239-eee,ACC-79842,2026-07-25 09:10:11,Costco,mobile_app,GBP,20.92
c29fddd4-094,ACC-17431,2026-07-25 15:29:27,Netflix,online,GBP,69.73
c144c64a-7ae,ACC-78491,2026-07-25 06:30:38,Delta Airlines,online,USD,108.5
8fc41cb2-0af,ACC-80183,2026-07-25 02:06:41,Amazon,in_store,EUR,117.61
d29ceec1-ecd,ACC-36114,2026-07-25 09:05:18,Costco,in_store,EUR,77.02
1280f933-f85,ACC-52926,2026-07-25 14:23:42,Shell,online,GBP,53.05
066eb8b6-6cb,ACC-56571,2026-07-25 00:29:27,Uber,mobile_app,CAD,22.71
332a061c-9e1,ACC-63316,2026-07-25 06:26:11,Starbucks,in_store,USD,9.85
cdca9f96-5d8,ACC-66273,2026-07-25 03:01:54,Shell,in_store,CAD,177.86
7486eff2-da3,ACC-82755,2026-07-25 21:30:06,Best Buy,in_store,CAD,33.41
10a7cc63-3a8,ACC-79169,2026-07-24 23:02:14,Walmart,online,EUR,68.78
52686511-721,ACC-90637,2026-07-25 00:39:55,Target,online,GBP,113.13
db384b09-ce9,ACC-51849,2026-07-25 19:52:42,Uber,mobile_app,USD,56.85
0a0f138d-3d9,ACC-69851,2026-07-25 00:42:08,Amazon,in_store,USD,38.21
097aade2-18b,ACC-35407,2026-07-25 15:52:49,Uber,online,USD,30.51
6a3b365f-17e,ACC-45313,2026-07-24 22:40:07,Delta Airlines,mobile_app,CAD,26.06
e6bd9ea3-ddd,ACC-65784,2026-07-25 03:14:47,Delta Airlines,mobile_app,EUR,93.07
119ae2aa-abf,ACC-95150,2026-07-25 13:15:54,Starbucks,mobile_app,CAD,62.44
eba11c0e-b76,ACC-21393,2026-07-25 00:16:53,Costco,online,EUR,136.97
a86d7210-449,ACC-84752,2026-07-25 00:35:05,Delta Airlines,in_store,USD,204.6
fa2adc6d-bae,ACC-19551,2026-07-25 12:32:31,Shell,mobile_app,CAD,98.99
c1955217-891,ACC-23842,2026-07-25 21:07:52,Starbucks,online,CAD,54.46
65de9f53-1a9,ACC-51365,2026-07-25 19:59:31,Walmart,in_store,GBP,2.38
1f9ce9fc-1fb,ACC-38959,2026-07-24 23:23:31,Best Buy,mobile_app,CAD,57.04
049924ad-e3e,ACC-35111,2026-07-25 13:06:43,Uber,online,USD,107.4
ce16e968-d14,ACC-68770,2026-07-25 08:20:30,Starbucks,in_store,CAD,23.09
c112fc19-4a9,ACC-69379,2026-07-25 06:02:41,Shell,in_store,EUR,12.3
5b0bf080-d46,ACC-13057,2026-07-25 21:18:17,Shell,in_store,USD,69.36
f58cf604-558,ACC-72069,2026-07-25 15:09:44,Best Buy,in_store,CAD,63.46
f4fe2609-d16,ACC-62617,2026-07-25 16:57:39,Walmart,mobile_app,EUR,102.95
2577987d-2a3,ACC-39983,2026-07-25 09:22:41,Costco,mobile_app,CAD,28.47
fa2686ef-59e,ACC-37879,2026-07-25 14:26:00,Uber,online,USD,64.19
441c29e8-0e4,ACC-86915,2026-07-25 18:13:17,Netflix,mobile_app,CAD,68.92
f6bb8e4b-a9c,ACC-64543,2026-07-24 23:12:03,Netflix,in_store,GBP,12.24
a1e79a1a-12b,ACC-90415,2026-07-25 01:52:48,Shell,online,CAD,44.45
d7afb1b1-914,ACC-35773,2026-07-25 09:30:09,Shell,online,CAD,132.49
98b40805-231,ACC-16765,2026-07-25 19:49:02,Starbucks,mobile_app,CAD,97.12
8312650e-489,ACC-87378,2026-07-25 01:00:57,Netflix,mobile_app,GBP,63.78
cc31e8b4-641,ACC-72676,2026-07-25 19:40:09,Uber,in_store,CAD,88.2
a4c6a38e-7cf,ACC-30594,2026-07-25 18:24:33,Amazon,online,GBP,10.43
da23e64a-651,ACC-12820,2026-07-25 17:07:26,Uber,mobile_app,GBP,186.09
62a206a0-f46,ACC-74906,2026-07-25 17:49:35,Netflix,online,CAD,190.09
71162c3a-d03,ACC-47898,2026-07-25 16:20:03,Shell,mobile_app,EUR,147.26
8e56a255-738,ACC-89409,2026-07-25 02:09:48,Amazon,in_store,CAD,6.05
1f66b1e1-2b6,ACC-83035,2026-07-25 17:52:55,Delta Airlines,mobile_app,USD,110.25
422bb5fc-f1e,ACC-56219,2026-07-25 09:09:31,Shell,online,USD,59.95
032510a8-c95,ACC-49372,2026-07-24 22:55:15,Best Buy,mobile_app,EUR,223.74
b9cddb9e-ad1,ACC-38313,2026-07-25 11:49:27,Shell,mobile_app,GBP,52.11
ef0ff126-bec,ACC-56978,2026-07-25 03:55:28,Costco,mobile_app,USD,100.93
584c9d97-707,ACC-59090,2026-07-25 18:14:03,Shell,mobile_app,CAD,9.34
3ddd6c35-f1d,ACC-50778,2026-07-25 04:00:07,Costco,online,EUR,39.13
16bac4c5-419,ACC-13333,2026-07-25 05:04:11,Walmart,online,USD,90.14
67b2e1f0-c7b,ACC-44654,2026-07-25 05:33:24,Amazon,in_store,USD,22.73
8c95329d-3c2,ACC-13681,2026-07-25 19:47:48,Uber,in_store,EUR,159.02
b07c1eae-10a,ACC-57489,2026-07-25 21:20:07,Netflix,in_store,EUR,32.28
31075b3a-c97,ACC-51118,2026-07-25 15:50:47,Amazon,in_store,GBP,28.42
cc9e2aa0-32f,ACC-76225,2026-07-25 20:46:30,Netflix,online,EUR,89.76
5c4634d9-32e,ACC-91224,2026-07-25 20:30:31,Netflix,online,GBP,19.1
98821290-4bb,ACC-66514,2026-07-25 14:36:47,Target,online,EUR,81.52
d9e0d8f9-aa2,ACC-56552,2026-07-25 15:49:02,Costco,mobile_app,GBP,129.91
86d72380-abb,ACC-51747,2026-07-25 06:27:32,Starbucks,in_store,GBP,134.64
3b043156-a31,ACC-39983,2026-07-25 00:44:38,Delta Airlines,mobile_app,USD,137.09
da16f6d3-2d5,ACC-99169,2026-07-25 00:52:21,Best Buy,mobile_app,USD,34.82
0706e840-37c,ACC-52474,2026-07-25 02:03:30,Amazon,mobile_app,GBP,173.66
22e8e13b-39b,ACC-88656,2026-07-25 16:30:01,Best Buy,in_store,USD,69.93
dc298cd5-ae2,ACC-64738,2026-07-25 02:17:58,Amazon,mobile_app,EUR,209.48
b7ae24a1-371,ACC-45738,2026-07-25 18:45:06,Amazon,mobile_app,EUR,27.44
4294d004-927,ACC-17040,2026-07-25 10:19:48,Delta Airlines,in_store,EUR,52.38
663f9e48-8ba,ACC-12690,2026-07-25 19:01:45,Netflix,online,GBP,61.59
367c9c52-2ab,ACC-42621,2026-07-24 22:43:07,Uber,in_store,GBP,40.02
3a4b4094-6b3,ACC-12127,2026-07-24 23:08:15,Netflix,in_store,CAD,161.35
e288991c-73e,ACC-32596,2026-07-25 20:08:48,Uber,online,USD,31.02
5e4cc4d1-b21,ACC-22613,2026-07-25 04:30:26,Delta Airlines,mobile_app,EUR,29.44
5334da2d-f42,ACC-81437,2026-07-25 09:56:49,Costco,mobile_app,CAD,86.96
add87fc1-61c,ACC-42005,2026-07-25 16:48:48,Shell,in_store,GBP,65.28
02269b2f-500,ACC-44812,2026-07-25 16:56:47,Delta Airlines,in_store,EUR,26.88
16f75905-846,ACC-12911,2026-07-25 08:58:08,Uber,in_store,CAD,102.78
54976f4e-4c9,ACC-94922,2026-07-24 23:45:05,Amazon,mobile_app,CAD,166.81
185cc0f0-aca,ACC-78397,2026-07-25 08:59:14,Starbucks,in_store,CAD,102.37
52ddad31-241,ACC-69588,2026-07-25 12:06:38,Walmart,in_store,EUR,74.51
f3099376-9f2,ACC-95789,2026-07-25 19:43:01,Starbucks,online,USD,109.94
8ae3d12e-c83,ACC-80038,2026-07-25 07:34:55,Netflix,mobile_app,CAD,164.25
8323324d-526,ACC-82892,2026-07-25 17:20:07,Uber,online,GBP,29.54
8a59612a-a69,ACC-56762,2026-07-25 17:24:29,Walmart,mobile_app,USD,104.13
bdc7054b-c14,ACC-29433,2026-07-24 23:04:44,Shell,mobile_app,USD,141.06
e6aab77b-b21,ACC-83715,2026-07-25 14:53:25,Shell,mobile_app,USD,32.24
9a411588-13e,ACC-32702,2026-07-25 19:47:45,Walmart,in_store,EUR,98.54
bb0d012f-4a5,ACC-38415,2026-07-25 16:46:30,Delta Airlines,mobile_app,GBP,42.75
8648f2e3-ce3,ACC-92781,2026-07-25 19:37:38,Costco,online,USD,101.39
c3a0df74-b2a,ACC-96073,2026-07-25 06:36:07,Starbucks,mobile_app,USD,61.23
23f9e2d6-c24,ACC-50778,2026-07-25 07:25:50,Netflix,online,USD,329.69
d70f9fa2-266,ACC-34115,2026-07-25 21:46:40,Uber,online,EUR,27.16
ece641b4-f92,ACC-17499,2026-07-25 04:37:05,Netflix,online,EUR,18.11
71904d75-07b,ACC-93144,2026-07-25 05:56:15,Amazon,mobile_app,EUR,43.76
96d81ab4-10c,ACC-94536,2026-07-25 15:50:05,Netflix,in_store,EUR,36.79
b2cd3ed7-c29,ACC-93246,2026-07-25 10:13:37,Walmart,mobile_app,USD,46.51
bcaf4c56-448,ACC-83816,2026-07-25 00:11:00,Uber,in_store,GBP,71.32
c29e0908-bd6,ACC-94915,2026-07-25 12:42:22,Target,in_store,CAD,81.96
20e190b1-d22,ACC-14613,2026-07-25 22:26:10,Starbucks,mobile_app,GBP,84.97
ee182f02-853,ACC-36212,2026-07-25 08:26:18,Walmart,online,GBP,46.03
a2cffb09-86a,ACC-41087,2026-07-25 05:22:51,Shell,in_store,USD,5.95
140c3b2d-54d,ACC-97776,2026-07-25 21:39:36,Shell,mobile_app,GBP,52.42
e177f37a-47c,ACC-10927,2026-07-25 16:33:29,Amazon,in_store,CAD,263.44
a413dda1-884,ACC-60339,2026-07-25 20:00:21,Walmart,mobile_app,GBP,85.61
24cc89a5-381,ACC-25322,2026-07-25 00:21:59,Amazon,in_store,GBP,240.71
6038dc0f-25b,ACC-53256,2026-07-25 18:53:25,Shell,online,EUR,84.15
320db145-7e7,ACC-75566,2026-07-25 06:01:00,Amazon,in_store,EUR,54.08
3926c004-1cd,ACC-34859,2026-07-25 14:55:08,Delta Airlines,mobile_app,USD,43.13
58c7d8fd-c44,ACC-81122,2026-07-25 01:26:09,Amazon,online,EUR,127.04
b8c9c590-cac,ACC-71314,2026-07-25 12:33:21,Starbucks,in_store,CAD,84.03
275a20b3-260,ACC-57705,2026-07-25 04:32:01,Amazon,in_store,USD,88.23
98f5743b-890,ACC-46276,2026-07-25 03:58:12,Target,mobile_app,USD,90.97
ccf2821e-ba8,ACC-41657,2026-07-24 23:37:31,Shell,online,USD,98.64
654c77bc-c42,ACC-28183,2026-07-25 00:17:26,Netflix,mobile_app,USD,144.13
aa7729c2-fd4,ACC-24753,2026-07-25 20:10:01,Starbucks,in_store,EUR,81.08
b6be92be-e66,ACC-69022,2026-07-25 05:32:45,Walmart,in_store,EUR,42.24
e5b4a0ec-f9a,ACC-93933,2026-07-25 01:16:25,Best Buy,online,USD,98.58
67bc73ad-b86,ACC-80192,2026-07-25 04:43:53,Shell,in_store,EUR,34.69
7fcb86dd-98d,ACC-84466,2026-07-25 12:21:37,Best Buy,online,CAD,39.06
630aa104-b79,ACC-72166,2026-07-25 22:47:43,Uber,online,USD,92.47
900dff23-150,ACC-54009,2026-07-26 05:37:55,Amazon,in_store,CAD,84.28
2db7d340-42f,ACC-81021,2026-07-26 09:08:21,Uber,mobile_app,EUR,36.99
8d900a0c-d6b,ACC-60256,2026-07-26 04:25:59,Netflix,mobile_app,USD,214.24
3591f896-dfc,ACC-15355,2026-07-26 22:22:09,Uber,in_store,GBP,20.9
7c45344d-384,ACC-42040,2026-07-26 09:15:09,Walmart,mobile_app,EUR,36.15
7e1aff56-19e,ACC-61559,2026-07-26 21:27:33,Netflix,in_store,USD,54.01
f968bfc8-ff3,ACC-25822,2026-07-26 18:53:22,Shell,mobile_app,GBP,114.46
1179dd9b-608,ACC-89358,2026-07-26 20:05:43,Costco,mobile_app,GBP,208.21
3071f127-722,ACC-73347,2026-07-26 07:07:00,Uber,mobile_app,EUR,197.59
80024ac0-ad0,ACC-62913,2026-07-26 08:02:39,Delta Airlines,mobile_app,USD,62.59
1f4fe279-329,ACC-95917,2026-07-26 03:23:01,Amazon,in_store,GBP,84.36
98863bea-9db,ACC-52313,2026-07-26 06:10:59,Costco,in_store,EUR,246.14
f9b05fb6-b84,ACC-68656,2026-07-26 08:20:48,Amazon,in_store,EUR,170.59
1919e6b3-752,ACC-76341,2026-07-26 11:54:10,Costco,online,GBP,16.99
1828848f-479,ACC-59849,2026-07-26 05:49:33,Best Buy,mobile_app,GBP,187.79
7fb28336-ef1,ACC-25092,2026-07-25 22:37:53,Amazon,mobile_app,USD,35.57
81bfbdb8-4ed,ACC-53020,2026-07-26 21:25:43,Uber,in_store,USD,75.71
46cfb432-48d,ACC-66524,2026-07-26 00:58:02,Starbucks,in_store,EUR,123.18
1b00f985-12b,ACC-72151,2026-07-26 15:26:46,Shell,in_store,GBP,63.23
76d83ea3-d2d,ACC-62097,2026-07-26 19:02:57,Starbucks,in_store,CAD,6.02
35249095-9da,ACC-99851,2026-07-26 18:11:44,Costco,online,EUR,108.53
a4387107-fba,ACC-90816,2026-07-26 03:10:02,Costco,online,USD,189.49
fc77f761-1e2,ACC-64261,2026-07-26 13:56:52,Target,mobile_app,EUR,28.77
a03988e3-cda,ACC-98250,2026-07-26 19:25:47,Netflix,mobile_app,USD,59.17
6c74c565-02d,ACC-22892,2026-07-26 12:02:02,Amazon,online,CAD,109.5
1df75809-a10,ACC-99624,2026-07-26 07:55:05,Uber,mobile_app,CAD,40.74
e20ad112-835,ACC-24805,2026-07-26 12:08:29,Amazon,mobile_app,USD,39.44
20d7a1ee-3e6,ACC-40062,2026-07-26 15:55:24,Walmart,online,EUR,31.62
b8d566a1-b21,ACC-31005,2026-07-26 00:55:04,Best Buy,in_store,EUR,139.75
29091eea-2e6,ACC-89092,2026-07-26 01:59:04,Netflix,online,GBP,218.79
23754245-c27,ACC-58676,2026-07-26 22:14:47,Shell,mobile_app,EUR,98.18
a328622a-79b,ACC-98762,2026-07-26 00:32:59,Best Buy,in_store,GBP,138.0
75226a27-181,ACC-47492,2026-07-26 14:45:32,Shell,in_store,EUR,117.73
b5de4b31-aee,ACC-67853,2026-07-25 22:59:00,Delta Airlines,in_store,CAD,123.44
97e41052-518,ACC-76775,2026-07-26 20:29:32,Target,mobile_app,GBP,55.24
8c7d7f6c-e04,ACC-80640,2026-07-26 00:43:52,Target,in_store,GBP,42.67
648cc937-ceb,ACC-48020,2026-07-26 02:07:08,Walmart,in_store,CAD,144.12
568fa8ed-820,ACC-61710,2026-07-26 08:46:02,Delta Airlines,in_store,CAD,80.15
084b702c-500,ACC-20578,2026-07-26 11:36:08,Walmart,online,CAD,23.68
cd4fba7d-563,ACC-20411,2026-07-26 18:00:49,Target,in_store,EUR,99.22
99b6cb9a-288,ACC-65488,2026-07-26 19:18:10,Walmart,mobile_app,EUR,139.66
0115a934-a94,ACC-68261,2026-07-26 03:59:05,Uber,in_store,GBP,111.03
2b604f77-d74,ACC-37949,2026-07-26 12:33:57,Amazon,online,EUR,71.45
b9c113dd-74d,ACC-28647,2026-07-26 16:10:29,Target,online,EUR,98.0
577288a2-f2f,ACC-18442,2026-07-26 02:43:10,Costco,mobile_app,EUR,46.81
95cf7d3d-6a8,ACC-53630,2026-07-26 06:22:38,Delta Airlines,online,USD,90.84
c50e1c61-d19,ACC-16373,2026-07-26 08:50:00,Netflix,mobile_app,EUR,107.18
0e37c13b-a17,ACC-19852,2026-07-26 14:03:26,Walmart,mobile_app,USD,92.68
e1f38fbe-6ab,ACC-53556,2026-07-26 22:19:46,Delta Airlines,in_store,EUR,159.52
11fb58a1-e7d,ACC-89088,2026-07-26 00:14:10,Target,in_store,CAD,57.99
95ab36d2-bab,ACC-50221,2026-07-26 09:33:19,Shell,online,USD,48.68
a9c6a6ec-63c,ACC-30612,2026-07-26 13:51:17,Delta Airlines,mobile_app,EUR,71.1
3d06cf92-58b,ACC-17927,2026-07-26 10:15:20,Shell,online,EUR,60.08
7ce64e38-0f8,ACC-81611,2026-07-26 03:41:11,Best Buy,mobile_app,GBP,182.99
63c95e80-3a0,ACC-32462,2026-07-26 07:39:01,Best Buy,mobile_app,GBP,108.23
ed7d30b6-aeb,ACC-87984,2026-07-26 04:43:27,Uber,online,GBP,65.5
68e51249-746,ACC-39348,2026-07-26 13:53:27,Delta Airlines,online,USD,88.38
58b26e04-cb3,ACC-22535,2026-07-26 17:08:17,Starbucks,online,EUR,154.43
6c929bb4-771,ACC-75050,2026-07-26 13:55:25,Delta Airlines,in_store,EUR,124.3
420f39c1-1a8,ACC-20105,2026-07-26 12:01:27,Target,online,EUR,46.94
9cf1ec7a-e15,ACC-21778,2026-07-26 03:16:30,Best Buy,mobile_app,CAD,77.1
7685b424-57a,ACC-40979,2026-07-26 13:24:00,Netflix,in_store,GBP,6.99
c18b3bd0-813,ACC-94839,2026-07-26 03:04:53,Uber,in_store,CAD,55.62
772736fd-094,ACC-83523,2026-07-26 11:24:25,Uber,mobile_app,EUR,74.59
c12e5dba-011,ACC-60602,2026-07-26 09:03:34,Amazon,in_store,CAD,106.8
c03b321f-8ac,ACC-84554,2026-07-26 10:04:26,Walmart,online,GBP,73.47
a57663f1-735,ACC-59587,2026-07-26 20:07:56,Walmart,mobile_app,EUR,77.08
6835a92c-d37,ACC-79592,2026-07-26 21:49:39,Walmart,mobile_app,GBP,56.79
7f4c754c-8ef,ACC-39606,2026-07-26 16:25:07,Walmart,online,GBP,39.9
0fd04a3d-b80,ACC-36431,2026-07-26 15:49:42,Uber,in_store,GBP,40.32
414eb940-5eb,ACC-72869,2026-07-26 09:42:50,Amazon,online,GBP,63.7
808b64b0-254,ACC-35101,2026-07-26 16:40:04,Amazon,online,CAD,105.35
280d5b59-225,ACC-20846,2026-07-26 01:24:37,Costco,mobile_app,USD,25.26
180c07b1-5e7,ACC-69414,2026-07-26 07:24:31,Delta Airlines,mobile_app,CAD,50.75
d0ffc5cf-7ab,ACC-51760,2026-07-26 10:13:11,Amazon,mobile_app,CAD,118.42
efcccebc-858,ACC-56345,2026-07-26 14:33:02,Uber,online,GBP,242.2
6449519e-8e3,ACC-99654,2026-07-26 21:14:34,Costco,online,EUR,110.41
a9b8f848-bd4,ACC-92508,2026-07-26 11:02:09,Walmart,online,USD,52.72
96d5fc95-c8b,ACC-22135,2026-07-26 16:56:17,Target,in_store,EUR,193.91
ba0dfcba-029,ACC-51546,2026-07-26 09:29:05,Costco,in_store,GBP,83.05
a1a7da1a-c36,ACC-69449,2026-07-26 01:26:33,Amazon,in_store,EUR,95.8
f50e22f9-570,ACC-97735,2026-07-26 09:58:30,Walmart,online,CAD,97.78
90aa5f57-bee,ACC-89694,2026-07-26 17:21:33,Costco,in_store,USD,41.93
fa211367-530,ACC-16183,2026-07-26 03:52:25,Target,in_store,USD,25.04
fc407498-40e,ACC-28367,2026-07-26 14:34:30,Delta Airlines,online,GBP,67.36
38c0214d-f1c,ACC-89928,2026-07-26 21:28:18,Netflix,online,GBP,92.08
edd6c363-f51,ACC-10149,2026-07-26 13:50:17,Delta Airlines,mobile_app,CAD,93.68
34c2c2bf-400,ACC-37742,2026-07-26 01:58:51,Walmart,in_store,GBP,42.7
e44c02b3-718,ACC-97454,2026-07-26 22:11:09,Costco,mobile_app,EUR,93.4
94aa6470-ffc,ACC-53044,2026-07-26 13:37:49,Best Buy,mobile_app,EUR,39.53
dd5e65ca-203,ACC-70604,2026-07-26 14:10:29,Amazon,in_store,USD,121.98
5df5b825-6ef,ACC-23988,2026-07-26 15:33:04,Best Buy,online,EUR,80.67
19cc8924-828,ACC-79848,2026-07-26 19:14:08,Best Buy,mobile_app,CAD,21.33
6f562961-919,ACC-38006,2026-07-25 22:42:00,Shell,mobile_app,EUR,51.21
03b9c56b-1f6,ACC-96541,2026-07-26 15:55:30,Delta Airlines,online,CAD,58.24
b183c7e0-eb0,ACC-37344,2026-07-26 19:55:01,Walmart,in_store,EUR,191.32
d079e3d9-e13,ACC-40311,2026-07-26 14:09:30,Walmart,online,CAD,94.68
9a4b111d-b91,ACC-56208,2026-07-26 03:14:01,Walmart,online,GBP,143.62
b1107462-dac,ACC-80467,2026-07-26 22:11:53,Netflix,in_store,CAD,57.26
9ef65eb0-df3,ACC-71326,2026-07-25 23:35:04,Netflix,in_store,GBP,90.5
3e1bfa61-4b8,ACC-29010,2026-07-26 19:13:48,Target,online,CAD,17.43
1d6cb079-eff,ACC-57090,2026-07-26 19:04:30,Amazon,mobile_app,USD,110.87
744b59ac-dc8,ACC-97640,2026-07-26 14:05:36,Starbucks,in_store,USD,68.82
bcfded0e-21e,ACC-51514,2026-07-26 01:34:08,Starbucks,in_store,USD,57.57
47d6d960-fa4,ACC-27967,2026-07-26 09:55:09,Amazon,mobile_app,CAD,86.21
437e73f1-c42,ACC-33114,2026-07-26 10:50:28,Target,online,GBP,177.01
c104b741-13c,ACC-68205,2026-07-25 23:08:36,Starbucks,online,USD,89.61
17d8c15c-226,ACC-34764,2026-07-26 05:52:08,Shell,in_store,CAD,62.01
23d6a172-c78,ACC-49696,2026-07-26 01:53:24,Amazon,in_store,CAD,144.76
bcc955fc-47b,ACC-21679,2026-07-26 11:31:12,Delta Airlines,online,GBP,50.67
e58f9784-a52,ACC-49050,2026-07-26 00:55:25,Costco,in_store,USD,120.95
49b03d70-c56,ACC-53128,2026-07-26 04:49:21,Starbucks,online,USD,81.75
42339c17-ef6,ACC-49674,2026-07-26 15:18:08,Delta Airlines,online,GBP,143.8
241bff5c-8d5,ACC-21465,2026-07-26 06:00:47,Shell,mobile_app,USD,71.83
726711bc-237,ACC-48763,2026-07-26 00:26:06,Uber,in_store,CAD,60.26
cbca1911-912,ACC-20097,2026-07-26 13:06:14,Costco,in_store,USD,250.19
78b37be7-68c,ACC-42177,2026-07-26 13:35:12,Shell,mobile_app,GBP,282.9
1728754c-4c3,ACC-39813,2026-07-26 14:31:34,Delta Airlines,online,USD,116.34
906c31a5-bca,ACC-64047,2026-07-26 09:46:51,Uber,mobile_app,GBP,170.37
93fab86b-421,ACC-84058,2026-07-26 13:09:04,Best Buy,in_store,GBP,23.45
35e0adee-d10,ACC-69776,2026-07-25 23:12:15,Amazon,in_store,CAD,134.89
166cab62-1c0,ACC-22158,2026-07-26 12:20:36,Uber,mobile_app,USD,214.71
9f1c9d2f-c8a,ACC-48873,2026-07-25 22:52:00,Uber,online,USD,79.54
37470db8-771,ACC-13870,2026-07-26 07:14:36,Delta Airlines,mobile_app,USD,192.57
bb6b83fb-341,ACC-57221,2026-07-25 23:37:46,Amazon,in_store,EUR,98.57
d5baadb7-87a,ACC-64940,2026-07-25 23:28:05,Walmart,in_store,CAD,84.57
fae39bbb-a58,ACC-55057,2026-07-26 02:07:35,Shell,in_store,CAD,44.91
5015a425-03a,ACC-98332,2026-07-26 03:45:05,Uber,in_store,USD,62.52
53ea5656-f0f,ACC-80388,2026-07-26 21:01:40,Costco,mobile_app,USD,119.91
6bb7a035-c38,ACC-72267,2026-07-26 20:24:38,Target,in_store,USD,10.75
ce5b6dbd-488,ACC-31577,2026-07-26 19:44:29,Costco,in_store,EUR,93.04
bf64b5ab-720,ACC-24743,2026-07-26 16:23:55,Uber,in_store,USD,76.31
c7064102-70f,ACC-39442,2026-07-26 10:32:31,Shell,mobile_app,GBP,123.81
b546c133-bad,ACC-63657,2026-07-26 01:32:19,Delta Airlines,mobile_app,USD,45.8
580d393f-956,ACC-79184,2026-07-26 20:01:11,Walmart,online,CAD,15.74
77a2d131-be5,ACC-42595,2026-07-26 16:03:02,Netflix,online,USD,88.92
a5faee02-698,ACC-60006,2026-07-26 19:42:03,Delta Airlines,online,CAD,278.98
f3f48df1-c70,ACC-45835,2026-07-26 03:09:55,Best Buy,mobile_app,USD,43.42
ea36ff83-59c,ACC-53714,2026-07-26 05:13:14,Shell,in_store,CAD,57.24
9a8d95de-278,ACC-67040,2026-07-26 17:41:53,Target,mobile_app,GBP,24.77
579b30ce-a80,ACC-79468,2026-07-25 23:17:01,Starbucks,mobile_app,EUR,3.61
3161145f-92a,ACC-70261,2026-07-26 05:48:07,Delta Airlines,mobile_app,GBP,198.74
e82730a4-1fa,ACC-48600,2026-07-26 22:29:35,Uber,mobile_app,USD,213.31
5a11e081-645,ACC-21899,2026-07-26 03:18:25,Starbucks,mobile_app,USD,2.22
5ee60d40-57c,ACC-41062,2026-07-26 22:33:42,Walmart,online,USD,16.99
f331497b-b6b,ACC-44514,2026-07-26 01:32:34,Best Buy,online,CAD,106.99
c58779d6-076,ACC-86093,2026-07-26 08:42:54,Delta Airlines,online,GBP,60.51
ff16c327-2e4,ACC-45559,2026-07-26 17:08:09,Best Buy,mobile_app,GBP,180.67
80a104f5-ed0,ACC-27862,2026-07-26 21:52:03,Target,in_store,EUR,53.63
3ad05ac0-d54,ACC-39662,2026-07-27 04:55:17,Walmart,online,CAD,52.01
7c97b6a1-93e,ACC-53809,2026-07-27 22:27:41,Costco,mobile_app,USD,190.58
c5d2a5b4-20c,ACC-15702,2026-07-27 00:44:13,Shell,online,CAD,44.43
0b165fa0-323,ACC-86668,2026-07-27 00:19:13,Delta Airlines,mobile_app,EUR,64.0
258e64c3-636,ACC-67030,2026-07-27 10:08:16,Netflix,online,USD,85.15
3f5f6eef-052,ACC-63101,2026-07-27 12:22:57,Delta Airlines,online,EUR,115.65
ddff231d-410,ACC-67966,2026-07-27 15:01:07,Best Buy,mobile_app,USD,63.89
9c7d1ab3-3cb,ACC-10489,2026-07-27 04:16:56,Shell,online,EUR,80.57
57da2e2d-a6d,ACC-39029,2026-07-27 03:35:11,Shell,mobile_app,EUR,76.27
97335d8d-948,ACC-97833,2026-07-26 23:20:43,Costco,online,GBP,74.78
279e2c80-6fb,ACC-32950,2026-07-27 20:56:03,Netflix,online,GBP,87.0
96cc7754-b0a,ACC-19353,2026-07-27 21:52:04,Netflix,mobile_app,USD,153.03
38017243-545,ACC-16891,2026-07-27 18:36:00,Delta Airlines,mobile_app,CAD,219.39
9c6d5a99-6c7,ACC-70500,2026-07-27 01:16:24,Delta Airlines,online,EUR,83.16
4986e1d9-845,ACC-57960,2026-07-27 20:52:47,Netflix,online,USD,118.48
a723ac0a-9d9,ACC-52427,2026-07-27 22:04:30,Costco,in_store,CAD,31.46
eadd9dcd-98b,ACC-35942,2026-07-27 20:11:50,Amazon,mobile_app,EUR,100.56
94082e95-96d,ACC-93106,2026-07-27 15:25:23,Shell,mobile_app,USD,34.08
d96de33a-93d,ACC-52705,2026-07-27 18:46:02,Netflix,online,CAD,80.46
db117e99-a50,ACC-46008,2026-07-27 10:06:30,Walmart,mobile_app,USD,55.5
89ac3318-5df,ACC-50042,2026-07-27 19:33:16,Shell,mobile_app,USD,88.28
c972d232-fc7,ACC-88380,2026-07-27 01:55:49,Best Buy,in_store,GBP,51.77
eb99780d-984,ACC-54494,2026-07-27 00:15:23,Costco,mobile_app,EUR,40.28
ee7e9ba7-f89,ACC-79574,2026-07-27 19:34:54,Uber,online,GBP,132.92
1f6721c7-42e,ACC-78612,2026-07-26 23:06:38,Uber,in_store,GBP,73.22
e2208a7b-31b,ACC-74019,2026-07-27 10:55:56,Best Buy,mobile_app,GBP,73.52
5fcd41d7-37f,ACC-56898,2026-07-27 18:03:53,Walmart,in_store,GBP,137.67
21fba14a-86e,ACC-87974,2026-07-27 08:57:10,Target,in_store,CAD,12.49
2cc75b2f-8b7,ACC-55436,2026-07-27 00:36:12,Target,online,USD,181.32
45dec3b8-492,ACC-90874,2026-07-27 18:03:43,Target,mobile_app,USD,119.18
5544f901-c21,ACC-67446,2026-07-27 21:19:17,Costco,in_store,EUR,62.34
bbf1bfea-5b8,ACC-50960,2026-07-27 12:32:40,Best Buy,in_store,USD,27.52
a26311bc-dda,ACC-60434,2026-07-27 14:37:21,Walmart,mobile_app,USD,106.66
f56718ba-5f0,ACC-22473,2026-07-27 08:02:49,Starbucks,online,GBP,234.94
605c027a-473,ACC-89576,2026-07-27 15:07:07,Shell,in_store,EUR,193.03
6785418a-883,ACC-56878,2026-07-27 07:48:32,Walmart,mobile_app,USD,43.83
81146ec9-977,ACC-22996,2026-07-27 16:09:03,Best Buy,mobile_app,EUR,96.71
68c924b8-5ab,ACC-79092,2026-07-27 06:44:16,Costco,online,EUR,89.01
263d324f-284,ACC-75047,2026-07-27 00:48:09,Delta Airlines,in_store,USD,116.41
a05e8662-4ba,ACC-45228,2026-07-27 14:55:43,Amazon,mobile_app,USD,98.72
03692577-89b,ACC-98875,2026-07-27 15:36:34,Walmart,in_store,EUR,46.17
0cca796c-6f3,ACC-53157,2026-07-27 13:40:58,Costco,online,CAD,160.05
929d9f90-832,ACC-78919,2026-07-27 17:21:33,Uber,in_store,GBP,57.26
9aee53b4-c31,ACC-21225,2026-07-27 11:19:01,Shell,in_store,EUR,165.17
86259f9b-ad2,ACC-10183,2026-07-27 05:31:13,Walmart,online,CAD,37.11
b485a252-567,ACC-71929,2026-07-27 00:51:48,Target,online,GBP,130.26
940d587d-394,ACC-61084,2026-07-27 21:14:17,Uber,in_store,EUR,37.82
bafbe968-929,ACC-38991,2026-07-27 01:40:07,Amazon,online,USD,175.16
eb9b9ec1-163,ACC-74712,2026-07-27 04:24:38,Costco,in_store,CAD,65.63
e9eaf6d2-ddf,ACC-81824,2026-07-27 11:59:29,Netflix,in_store,EUR,76.77
edff4be0-f58,ACC-66420,2026-07-27 17:58:39,Walmart,in_store,USD,282.51
77540d10-454,ACC-89868,2026-07-27 11:32:16,Costco,mobile_app,USD,130.34
6d6f8ac8-4cc,ACC-26482,2026-07-27 07:28:05,Starbucks,in_store,EUR,133.72
38f91608-cf3,ACC-48722,2026-07-27 07:29:48,Target,mobile_app,CAD,156.92
f1905b9e-ed5,ACC-38336,2026-07-27 02:28:58,Best Buy,in_store,USD,166.74
bae87e04-de2,ACC-38328,2026-07-27 12:01:08,Walmart,online,GBP,52.23
a2998162-0c4,ACC-10325,2026-07-27 00:07:53,Netflix,online,GBP,192.97
a0b23094-1a1,ACC-36703,2026-07-27 00:16:42,Shell,online,EUR,10.48
1bf0f961-a35,ACC-57091,2026-07-27 02:06:12,Best Buy,in_store,USD,12.33
3de46466-cde,ACC-67874,2026-07-27 03:08:58,Walmart,mobile_app,GBP,54.81
c82236ab-ff0,ACC-26353,2026-07-27 14:37:10,Starbucks,mobile_app,CAD,59.65
d946d179-29d,ACC-10473,2026-07-27 08:14:58,Best Buy,mobile_app,CAD,30.73
8e096b32-0a7,ACC-41599,2026-07-27 18:07:42,Delta Airlines,online,CAD,53.27
6ef80dfb-e88,ACC-36089,2026-07-27 06:43:51,Walmart,in_store,GBP,125.11
27fef343-359,ACC-82516,2026-07-27 06:43:38,Walmart,mobile_app,GBP,76.65
e840aa0d-40f,ACC-16550,2026-07-27 13:45:40,Best Buy,online,USD,55.65
6d5257ef-0ba,ACC-70643,2026-07-27 21:34:14,Shell,online,EUR,111.0
46acb071-7b0,ACC-69081,2026-07-27 00:52:33,Best Buy,online,USD,15.27
94c14063-4c2,ACC-26569,2026-07-27 07:24:42,Delta Airlines,online,GBP,99.1
2613256b-f63,ACC-72443,2026-07-27 20:39:37,Shell,online,USD,152.25
68b11f89-c0d,ACC-47149,2026-07-27 03:34:33,Target,online,GBP,24.33
467c1158-d1a,ACC-88293,2026-07-27 22:01:15,Target,mobile_app,GBP,44.98
6f2c6218-b96,ACC-28862,2026-07-27 15:01:44,Shell,in_store,USD,38.63
fcb3b1b0-1fa,ACC-30916,2026-07-27 21:37:15,Delta Airlines,online,CAD,69.03
59d085f0-cf4,ACC-51558,2026-07-27 06:27:21,Netflix,online,USD,88.14
3e2e23eb-2d6,ACC-70118,2026-07-27 14:47:59,Delta Airlines,in_store,EUR,65.77
587924fd-bdc,ACC-45873,2026-07-27 09:08:01,Shell,in_store,EUR,147.15
4fa7ca4f-11a,ACC-49661,2026-07-27 08:28:55,Costco,mobile_app,USD,277.85
7ef24015-188,ACC-76295,2026-07-27 19:20:52,Costco,online,USD,20.45
43c375b1-731,ACC-70497,2026-07-27 11:55:55,Walmart,in_store,CAD,41.22
09925e75-0bc,ACC-21161,2026-07-27 06:10:52,Shell,in_store,CAD,49.53
fdb11b4e-860,ACC-26028,2026-07-27 00:35:41,Costco,mobile_app,CAD,105.98
563f4f80-092,ACC-99096,2026-07-27 03:52:39,Delta Airlines,mobile_app,USD,88.75
6d8b6236-e15,ACC-25721,2026-07-27 03:35:22,Best Buy,online,CAD,50.44
fee8413a-249,ACC-27989,2026-07-27 02:32:28,Walmart,online,USD,100.03
6f98a2ed-1dd,ACC-82545,2026-07-27 14:48:06,Target,in_store,USD,70.12
2a844148-972,ACC-36183,2026-07-26 23:24:36,Netflix,in_store,USD,142.75
3a6288ca-e93,ACC-87481,2026-07-27 03:32:08,Walmart,in_store,EUR,24.92
ac34d05c-f65,ACC-38503,2026-07-27 00:17:10,Best Buy,in_store,CAD,222.46
702c2ab5-662,ACC-37075,2026-07-27 17:14:21,Delta Airlines,online,EUR,101.64
b9f53f72-ea8,ACC-64009,2026-07-26 23:10:09,Amazon,online,CAD,117.66
132bb7ac-cbe,ACC-94788,2026-07-27 04:11:26,Amazon,in_store,GBP,104.87
6eeb2906-044,ACC-34359,2026-07-27 07:33:55,Costco,online,GBP,26.18
c1da6c32-e3f,ACC-83619,2026-07-27 20:40:42,Uber,in_store,EUR,48.83
3b9ec16f-6d4,ACC-98911,2026-07-27 07:59:26,Starbucks,mobile_app,GBP,212.9
550cf2fe-460,ACC-82959,2026-07-27 04:44:02,Costco,online,GBP,115.93
264d2025-8c9,ACC-14892,2026-07-27 22:08:34,Uber,mobile_app,USD,90.55
bd3eb8d8-3ac,ACC-86312,2026-07-27 00:02:10,Costco,online,EUR,89.18
463729e7-538,ACC-23114,2026-07-27 01:01:17,Starbucks,mobile_app,EUR,153.25
59ad7c2d-15b,ACC-45781,2026-07-27 15:36:54,Starbucks,in_store,USD,38.68
81e645ca-4c6,ACC-32658,2026-07-27 21:27:23,Costco,mobile_app,EUR,130.03
2377f5e6-b0c,ACC-40405,2026-07-27 21:15:22,Costco,mobile_app,GBP,50.45
3805202a-2de,ACC-59710,2026-07-27 02:14:12,Costco,mobile_app,GBP,59.85
f238053a-ea8,ACC-94147,2026-07-27 07:35:17,Shell,online,EUR,35.28
8f2cf183-a10,ACC-41828,2026-07-26 23:36:04,Netflix,online,CAD,24.8
dff01ab6-f75,ACC-81700,2026-07-27 03:32:21,Uber,mobile_app,USD,109.25
6ff6036c-ac6,ACC-83097,2026-07-27 04:50:55,Best Buy,mobile_app,EUR,71.86
25e661f0-0be,ACC-26191,2026-07-27 09:15:20,Costco,in_store,GBP,8.11
ff6ec025-78f,ACC-48430,2026-07-27 02:27:58,Amazon,mobile_app,CAD,264.42
a381a5ee-c77,ACC-69512,2026-07-27 17:27:53,Delta Airlines,online,USD,25.23
e75b2449-7fb,ACC-99433,2026-07-27 06:53:28,Uber,online,USD,69.77
e6eb4a31-c8f,ACC-96661,2026-07-27 05:37:58,Walmart,online,EUR,60.43
b60badaf-f7f,ACC-94225,2026-07-27 19:53:48,Costco,mobile_app,CAD,16.25
66f0d143-3de,ACC-90274,2026-07-27 15:44:45,Target,in_store,CAD,18.78
9aec02b4-494,ACC-78960,2026-07-27 17:42:25,Starbucks,in_store,USD,263.51
97429ef3-14a,ACC-49250,2026-07-27 19:54:26,Costco,in_store,EUR,279.62
119627f0-1fb,ACC-50407,2026-07-27 09:05:33,Netflix,in_store,CAD,23.86
e8cb29b9-46f,ACC-34276,2026-07-27 18:35:07,Netflix,online,CAD,92.25
de316993-24b,ACC-54382,2026-07-27 17:28:30,Costco,online,CAD,136.46
e9da47d0-603,ACC-21398,2026-07-27 14:33:53,Walmart,online,GBP,125.13
79b17904-e16,ACC-90718,2026-07-27 20:07:07,Starbucks,in_store,CAD,66.43
495fd175-21a,ACC-93126,2026-07-27 20:34:50,Best Buy,in_store,GBP,27.61
c2a2f9da-017,ACC-98471,2026-07-27 01:53:19,Best Buy,mobile_app,USD,81.48
24cc2db3-f60,ACC-72922,2026-07-27 14:10:17,Delta Airlines,mobile_app,EUR,152.89
b8dfe517-62d,ACC-77026,2026-07-27 12:51:03,Costco,in_store,GBP,122.51
ac5bb14c-24c,ACC-13574,2026-07-27 04:36:57,Target,online,EUR,53.28
08a64d6f-f58,ACC-84246,2026-07-27 04:47:05,Best Buy,online,GBP,83.69
bace11ed-549,ACC-95364,2026-07-27 01:49:23,Delta Airlines,online,EUR,141.74
dc859ffe-f99,ACC-20162,2026-07-27 14:55:00,Delta Airlines,online,GBP,105.64
a748dbd4-84e,ACC-67817,2026-07-27 12:02:23,Uber,online,CAD,68.32
dd60ac56-86c,ACC-10465,2026-07-27 18:43:09,Costco,mobile_app,CAD,16.55
5a699171-96a,ACC-34697,2026-07-27 10:21:55,Costco,mobile_app,GBP,52.09
48a6e239-dd8,ACC-81755,2026-07-27 11:00:50,Best Buy,mobile_app,USD,113.67
647c2441-f36,ACC-41173,2026-07-27 22:10:52,Delta Airlines,in_store,GBP,106.15
fa9ecd76-123,ACC-30893,2026-07-27 16:34:06,Delta Airlines,online,EUR,51.62
fbd32493-146,ACC-40254,2026-07-27 14:31:18,Shell,in_store,GBP,74.97
174bb4cb-44c,ACC-91266,2026-07-27 15:33:54,Delta Airlines,mobile_app,EUR,44.56
c3e0d788-ab4,ACC-91178,2026-07-27 07:13:35,Best Buy,mobile_app,GBP,23.83
5d53db5a-d6d,ACC-43368,2026-07-27 11:43:37,Shell,mobile_app,CAD,30.4
3235c946-f96,ACC-99621,2026-07-27 16:40:42,Uber,mobile_app,GBP,158.56
d6e6840b-947,ACC-67470,2026-07-27 12:31:30,Shell,in_store,CAD,188.37
7a794ec5-c4a,ACC-28905,2026-07-27 19:37:15,Best Buy,mobile_app,CAD,201.77
606c86e2-e78,ACC-40715,2026-07-27 19:00:08,Target,mobile_app,EUR,27.32
da43d071-cff,ACC-56696,2026-07-27 01:57:14,Walmart,online,USD,108.01
a8ef0f9f-c06,ACC-13852,2026-07-27 08:37:30,Target,in_store,USD,102.43
8e058af6-f61,ACC-12597,2026-07-27 15:23:01,Target,in_store,USD,86.38
aa8a12ad-aeb,ACC-61286,2026-07-27 00:32:22,Netflix,in_store,CAD,48.79
448a54e9-393,ACC-94956,2026-07-27 21:03:22,Starbucks,mobile_app,USD,60.16
36d26fbc-eb7,ACC-98245,2026-07-26 23:50:04,Costco,online,CAD,65.29
d21462d6-451,ACC-57378,2026-07-27 12:08:50,Delta Airlines,mobile_app,USD,22.68
3161aa35-f5d,ACC-66056,2026-07-28 13:41:03,Delta Airlines,online,EUR,26.24
779eff87-90e,ACC-74434,2026-07-28 04:21:22,Delta Airlines,in_store,EUR,172.46
6bbdbc4b-505,ACC-17613,2026-07-28 19:59:02,Walmart,mobile_app,EUR,68.73
f72533ec-206,ACC-34561,2026-07-28 00:35:31,Netflix,mobile_app,CAD,63.86
47d26597-7ff,ACC-39799,2026-07-28 02:17:51,Amazon,mobile_app,GBP,155.55
2444140c-147,ACC-53696,2026-07-27 23:45:50,Starbucks,in_store,CAD,95.07
3fde8aed-09e,ACC-76801,2026-07-28 05:44:01,Target,in_store,USD,214.5
928971c6-ee3,ACC-23502,2026-07-28 22:05:24,Amazon,online,USD,112.4
670529d3-81b,ACC-81106,2026-07-28 00:10:47,Amazon,online,GBP,60.89
e9396fb9-6b3,ACC-68505,2026-07-28 20:02:03,Netflix,online,CAD,81.11
5c3ada2b-68e,ACC-91533,2026-07-28 18:46:42,Starbucks,in_store,EUR,186.53
55dfdab4-c50,ACC-79341,2026-07-28 14:14:50,Starbucks,online,USD,159.27
e50e40a6-581,ACC-20805,2026-07-28 03:15:47,Best Buy,online,EUR,97.09
9c67fdb2-018,ACC-83568,2026-07-28 21:18:55,Uber,in_store,USD,173.95
3986f797-452,ACC-66791,2026-07-28 12:05:44,Delta Airlines,in_store,USD,94.84
141f046b-b75,ACC-62345,2026-07-28 16:30:48,Uber,online,CAD,42.91
659431dc-a5a,ACC-52745,2026-07-28 22:34:11,Shell,in_store,USD,173.65
2f142705-68e,ACC-56721,2026-07-28 17:42:39,Shell,online,GBP,35.42
35ad75a0-941,ACC-73119,2026-07-27 22:50:07,Uber,mobile_app,EUR,147.1
706af5ca-43f,ACC-86430,2026-07-28 15:16:29,Uber,in_store,USD,117.74
7c9cb019-296,ACC-51863,2026-07-28 07:36:53,Costco,mobile_app,CAD,176.84
9d029488-3ea,ACC-65727,2026-07-28 18:18:04,Best Buy,in_store,USD,98.83
84d871f8-dc9,ACC-74496,2026-07-28 16:30:10,Costco,in_store,GBP,40.0
9669ef16-7e4,ACC-88073,2026-07-28 14:12:53,Delta Airlines,online,GBP,108.87
9dc75b90-8cd,ACC-85131,2026-07-28 04:16:15,Walmart,in_store,EUR,11.62
3798b21b-b49,ACC-13251,2026-07-28 03:13:52,Target,mobile_app,GBP,127.24
fe0facd6-e26,ACC-11659,2026-07-28 11:59:09,Delta Airlines,mobile_app,EUR,85.03
efbdae77-12a,ACC-81861,2026-07-28 00:14:53,Delta Airlines,online,CAD,45.02
9fde75ba-7c5,ACC-12581,2026-07-28 07:04:40,Best Buy,online,CAD,48.69
b33e20da-200,ACC-12288,2026-07-28 17:05:48,Costco,mobile_app,EUR,70.81
3db986e5-2dc,ACC-78417,2026-07-28 17:42:47,Target,online,USD,97.55
ec5c55ff-725,ACC-47677,2026-07-28 05:26:00,Best Buy,mobile_app,CAD,117.16
0ad39061-b0b,ACC-64690,2026-07-28 15:21:00,Costco,mobile_app,CAD,181.05
e86a13c6-8b3,ACC-70482,2026-07-28 13:33:22,Best Buy,in_store,EUR,38.94
40d61cee-067,ACC-82386,2026-07-28 01:37:38,Best Buy,online,USD,141.27
55b138ac-256,ACC-96639,2026-07-28 01:06:59,Uber,online,EUR,49.74
011d1c0a-528,ACC-67208,2026-07-28 18:35:33,Costco,in_store,CAD,27.46
ea106082-2f9,ACC-32578,2026-07-28 07:18:34,Uber,mobile_app,USD,59.45
475a9536-e29,ACC-51787,2026-07-28 03:37:32,Delta Airlines,in_store,CAD,191.43
d2d4c986-51e,ACC-66256,2026-07-28 01:01:03,Costco,mobile_app,USD,144.72
0c893797-c03,ACC-86552,2026-07-28 18:44:27,Shell,in_store,CAD,65.81
7b4157e8-3d2,ACC-95384,2026-07-28 17:22:09,Uber,in_store,EUR,67.86
634c4357-13a,ACC-64766,2026-07-28 08:21:36,Starbucks,mobile_app,CAD,163.73
d12da5fa-1de,ACC-46846,2026-07-28 11:51:00,Amazon,in_store,CAD,49.44
91b17876-1ee,ACC-27967,2026-07-28 18:12:15,Walmart,online,GBP,48.57
63889fde-dab,ACC-95793,2026-07-27 23:17:27,Target,online,GBP,79.14
7a971960-3cf,ACC-94122,2026-07-28 11:14:17,Best Buy,mobile_app,EUR,36.28
2c774857-392,ACC-22385,2026-07-28 16:57:28,Shell,online,CAD,22.83
73b39183-a69,ACC-47909,2026-07-28 10:43:12,Target,in_store,GBP,75.64
16b15371-38b,ACC-86131,2026-07-28 00:43:30,Costco,mobile_app,CAD,71.97
9f5401b6-02b,ACC-59743,2026-07-28 16:03:00,Walmart,mobile_app,EUR,22.18
86d76cd9-498,ACC-48295,2026-07-28 17:35:10,Best Buy,online,GBP,111.34
bc90f994-a39,ACC-16101,2026-07-28 16:35:22,Netflix,in_store,EUR,36.84
b22116c1-9a6,ACC-77889,2026-07-28 06:04:33,Target,mobile_app,GBP,174.93
6a309fd5-0e1,ACC-86203,2026-07-28 07:53:43,Delta Airlines,online,CAD,43.43
7e7798c9-f69,ACC-56131,2026-07-28 00:09:28,Best Buy,mobile_app,CAD,13.04
f8051e9f-e84,ACC-43169,2026-07-28 04:01:26,Starbucks,online,CAD,78.73
4d661a93-af1,ACC-93877,2026-07-27 23:34:42,Best Buy,in_store,CAD,301.93
902426f7-87b,ACC-89745,2026-07-28 03:41:35,Netflix,mobile_app,GBP,93.21
2251c2f1-a37,ACC-99228,2026-07-28 09:00:41,Netflix,mobile_app,EUR,66.48
6fd8b400-c20,ACC-66761,2026-07-28 05:42:28,Shell,online,USD,162.93
15f910e4-fb5,ACC-30385,2026-07-28 02:34:47,Uber,in_store,GBP,67.79
e7bb340e-33b,ACC-42255,2026-07-28 12:22:24,Netflix,in_store,GBP,47.96
0f216012-d2a,ACC-31052,2026-07-28 07:26:14,Target,in_store,USD,25.97
836e566f-7b4,ACC-56374,2026-07-28 09:09:31,Uber,mobile_app,EUR,45.65
a7cb4427-ddb,ACC-37120,2026-07-28 14:10:19,Walmart,mobile_app,CAD,91.3
dfb536bd-2c3,ACC-60305,2026-07-28 08:25:15,Delta Airlines,in_store,EUR,66.11
a6157b49-d55,ACC-70111,2026-07-28 20:10:43,Walmart,online,GBP,7.81
3838300d-cbc,ACC-52992,2026-07-28 19:13:17,Shell,mobile_app,GBP,121.22
3bd1ad8f-4fd,ACC-74010,2026-07-27 22:51:48,Walmart,in_store,USD,238.27
3ae6bb58-48e,ACC-16861,2026-07-28 16:14:58,Walmart,online,GBP,8.9
5fd403e4-b15,ACC-90884,2026-07-28 07:09:05,Target,in_store,CAD,249.01
b70ab6bc-ba6,ACC-45618,2026-07-28 07:25:44,Best Buy,in_store,GBP,54.0
657457a3-355,ACC-52396,2026-07-28 11:16:38,Starbucks,online,USD,132.5
e2f0fd60-491,ACC-92967,2026-07-28 10:35:04,Delta Airlines,mobile_app,USD,214.21
291fb864-f65,ACC-16588,2026-07-28 21:14:44,Target,in_store,GBP,14.18
76c6b819-707,ACC-33883,2026-07-28 07:04:47,Shell,in_store,USD,155.31
7e4355bd-fc6,ACC-13423,2026-07-28 12:08:51,Best Buy,online,USD,123.5
8e06d8b4-c70,ACC-20408,2026-07-28 16:14:29,Best Buy,online,CAD,355.68
68e502c0-3cf,ACC-48944,2026-07-28 04:24:14,Shell,mobile_app,GBP,187.7
5251e340-365,ACC-46979,2026-07-28 12:12:49,Amazon,mobile_app,USD,59.33
d5f49b7d-053,ACC-35173,2026-07-28 12:46:21,Walmart,mobile_app,CAD,88.89
4fc0220d-f02,ACC-80730,2026-07-28 17:49:18,Target,mobile_app,USD,59.29
08170c8f-87e,ACC-44449,2026-07-28 15:10:37,Shell,mobile_app,EUR,129.41
b1d8ce05-36b,ACC-88819,2026-07-28 08:19:46,Target,in_store,USD,21.33
df7ac16b-024,ACC-94149,2026-07-28 04:50:51,Delta Airlines,in_store,USD,19.91
28a82a18-849,ACC-48533,2026-07-27 22:52:19,Costco,online,CAD,12.29
f62a8d32-336,ACC-52286,2026-07-28 16:02:06,Uber,online,GBP,40.16
37f00dd0-68f,ACC-48070,2026-07-28 17:32:50,Netflix,in_store,CAD,118.91
bacfceba-b90,ACC-57936,2026-07-27 22:39:37,Amazon,mobile_app,USD,94.67
bad47b78-178,ACC-49728,2026-07-28 12:38:27,Best Buy,online,USD,42.11
a6ad5c4f-18b,ACC-67185,2026-07-28 19:38:13,Costco,mobile_app,CAD,57.51
135b6330-7c6,ACC-95554,2026-07-28 02:07:57,Netflix,in_store,EUR,17.72
6aaec4cf-e7d,ACC-74156,2026-07-28 16:25:00,Shell,online,USD,111.92
3dfe2bbb-305,ACC-91737,2026-07-28 07:25:04,Target,in_store,GBP,114.94
12756870-7f8,ACC-77045,2026-07-28 17:18:19,Shell,in_store,CAD,149.58
6d9ff16b-da3,ACC-13342,2026-07-28 14:58:56,Delta Airlines,online,GBP,92.18
062aaba4-aa4,ACC-29655,2026-07-28 18:51:43,Walmart,mobile_app,CAD,97.63
608c9132-9f9,ACC-96459,2026-07-28 01:28:29,Amazon,mobile_app,CAD,121.92
d0e39eb7-9bc,ACC-76971,2026-07-28 09:03:58,Amazon,in_store,EUR,108.0
5e62bd40-8bb,ACC-35861,2026-07-28 10:06:12,Delta Airlines,mobile_app,USD,83.29
cdac0df5-e67,ACC-61128,2026-07-28 20:59:03,Target,in_store,USD,34.31
7534c1bb-c63,ACC-76625,2026-07-28 05:12:59,Target,in_store,EUR,58.82
945458b0-deb,ACC-69959,2026-07-28 04:37:44,Uber,in_store,EUR,93.34
af9b14c3-103,ACC-51538,2026-07-28 04:41:35,Amazon,mobile_app,USD,119.8
180cab52-d4a,ACC-42979,2026-07-28 06:17:39,Shell,in_store,EUR,118.81
61bd51c9-975,ACC-95076,2026-07-28 02:56:06,Best Buy,in_store,GBP,193.38
16179416-709,ACC-47141,2026-07-28 01:07:52,Walmart,mobile_app,USD,19.13
53fc4cf0-6c8,ACC-34056,2026-07-28 02:51:06,Uber,online,USD,77.21
39b4452a-7f7,ACC-33679,2026-07-28 21:13:56,Walmart,in_store,USD,198.04
9c46084e-083,ACC-15057,2026-07-28 21:30:24,Shell,in_store,USD,35.02
c296e0db-d22,ACC-40139,2026-07-28 21:31:10,Uber,online,CAD,23.39
b402f152-012,ACC-61166,2026-07-28 06:07:24,Delta Airlines,online,EUR,149.43
e0fdee5b-bdf,ACC-14661,2026-07-28 10:14:43,Target,in_store,EUR,38.88
dbb74bb2-bb4,ACC-45127,2026-07-28 14:32:47,Target,online,CAD,24.75
b0ffba5f-9e0,ACC-43776,2026-07-28 01:28:52,Walmart,mobile_app,USD,10.75
fc8c87bc-372,ACC-95117,2026-07-28 19:31:44,Costco,in_store,CAD,140.56
fccf6899-f70,ACC-70531,2026-07-27 22:49:11,Shell,in_store,EUR,18.3
0ab605b9-5b8,ACC-53894,2026-07-28 21:47:33,Costco,in_store,EUR,50.39
c67f90c4-180,ACC-67486,2026-07-28 08:28:45,Delta Airlines,in_store,USD,104.16
b2e1a690-da0,ACC-88809,2026-07-28 09:25:16,Delta Airlines,mobile_app,EUR,27.63
a562d062-9b1,ACC-97401,2026-07-28 04:43:38,Delta Airlines,online,GBP,148.05
92bf9e46-057,ACC-47883,2026-07-28 11:47:48,Best Buy,online,GBP,52.65
901bfc2b-482,ACC-97508,2026-07-28 00:36:14,Target,online,GBP,39.6
ad2e548b-576,ACC-13148,2026-07-28 15:26:12,Uber,in_store,EUR,81.97
275e309a-2f6,ACC-11905,2026-07-28 21:33:07,Netflix,in_store,CAD,35.5
110bd4d7-630,ACC-38039,2026-07-28 00:25:48,Amazon,mobile_app,USD,50.55
cdc11aa5-a25,ACC-83488,2026-07-28 16:25:31,Delta Airlines,mobile_app,USD,42.48
a7d66480-127,ACC-26841,2026-07-28 09:40:36,Starbucks,mobile_app,EUR,95.49
71e35a72-607,ACC-73331,2026-07-28 19:22:02,Uber,in_store,CAD,145.11
7ac44708-634,ACC-98347,2026-07-28 19:54:26,Uber,online,CAD,142.81
21a9bc75-78c,ACC-59099,2026-07-28 07:59:51,Starbucks,mobile_app,CAD,88.48
11a8f637-a10,ACC-79574,2026-07-28 21:32:04,Costco,in_store,GBP,67.77
4450fd54-3c4,ACC-10569,2026-07-28 11:39:10,Uber,in_store,EUR,43.27
d4394c53-5da,ACC-33190,2026-07-28 03:15:55,Walmart,mobile_app,CAD,22.18
b7051336-d53,ACC-79678,2026-07-28 17:55:13,Delta Airlines,in_store,GBP,15.28
70566ec9-275,ACC-16861,2026-07-28 10:15:36,Starbucks,online,CAD,37.12
b2c3954e-c64,ACC-49069,2026-07-28 10:21:35,Costco,online,CAD,36.53
25e524fe-7ba,ACC-59836,2026-07-28 09:45:46,Best Buy,online,CAD,9.18
a873f732-ff4,ACC-49074,2026-07-28 01:31:13,Delta Airlines,online,GBP,202.33
e9790f17-374,ACC-54348,2026-07-27 23:28:54,Walmart,mobile_app,USD,13.9
1dff7c92-bce,ACC-20281,2026-07-28 21:29:28,Walmart,in_store,EUR,28.38
bf8f132b-b9e,ACC-79556,2026-07-28 21:31:47,Netflix,online,GBP,51.84
dab6d7a4-1c8,ACC-76456,2026-07-28 03:02:57,Walmart,online,CAD,136.11
8f5a2206-59e,ACC-32404,2026-07-28 19:12:32,Costco,online,USD,161.12
4098c5d2-354,ACC-66648,2026-07-28 12:52:57,Shell,in_store,USD,155.72
1a68349a-bab,ACC-25244,2026-07-28 13:09:21,Walmart,online,USD,124.55
9d401912-09c,ACC-65207,2026-07-28 15:50:15,Starbucks,online,EUR,332.31
d46cf68e-f32,ACC-29448,2026-07-28 13:07:35,Netflix,online,GBP,177.35
ee9fb6fe-7c4,ACC-88755,2026-07-27 23:02:26,Delta Airlines,mobile_app,USD,111.79
6d44a22e-10b,ACC-65492,2026-07-29 01:41:35,Netflix,online,CAD,95.17
55091ee4-489,ACC-60636,2026-07-29 05:45:50,Delta Airlines,online,USD,71.67
ea2dddca-fd0,ACC-56742,2026-07-29 17:18:42,Walmart,in_store,EUR,153.11
89d46370-248,ACC-76626,2026-07-29 13:05:16,Best Buy,mobile_app,EUR,27.63
676933fe-ec7,ACC-86459,2026-07-29 16:35:01,Uber,in_store,USD,21.64
1c81729b-3aa,ACC-88175,2026-07-29 16:07:10,Delta Airlines,online,EUR,30.27
a21a00b1-c10,ACC-48132,2026-07-29 13:08:35,Amazon,online,CAD,58.72
bc184f20-3e1,ACC-63820,2026-07-29 06:38:29,Walmart,mobile_app,CAD,100.92
7b3294fe-a10,ACC-90141,2026-07-29 05:12:28,Target,in_store,EUR,38.09
5d23c41f-057,ACC-43322,2026-07-29 18:30:07,Target,mobile_app,EUR,195.28
00da0d25-27a,ACC-89185,2026-07-28 22:38:53,Starbucks,online,USD,105.76
215abada-f29,ACC-27389,2026-07-29 18:20:03,Uber,mobile_app,EUR,58.38
c7bb6312-191,ACC-99255,2026-07-29 09:52:37,Costco,mobile_app,GBP,62.57
856e7c5f-7a2,ACC-40637,2026-07-29 18:43:42,Shell,online,CAD,77.89
991b516b-a81,ACC-43310,2026-07-29 01:40:18,Amazon,in_store,CAD,104.98
bd38293b-e46,ACC-94754,2026-07-29 01:44:03,Target,in_store,EUR,69.29
5b5a2dad-3ca,ACC-76036,2026-07-29 15:01:53,Costco,mobile_app,USD,126.36
055ac6a9-611,ACC-60240,2026-07-29 14:00:34,Shell,in_store,EUR,171.79
cb998a8b-14e,ACC-18805,2026-07-29 09:50:43,Starbucks,in_store,USD,177.34
2258cf1e-144,ACC-68766,2026-07-28 22:46:19,Costco,in_store,GBP,86.37
434a6a8e-ec6,ACC-71322,2026-07-29 07:01:36,Starbucks,in_store,CAD,86.72
0d1c9a20-5c2,ACC-54609,2026-07-29 11:27:27,Walmart,in_store,EUR,50.42
8fa06ef9-53e,ACC-56051,2026-07-29 03:16:59,Target,in_store,CAD,83.43
6ee29a0d-df0,ACC-48286,2026-07-29 02:43:47,Amazon,in_store,CAD,78.09
310391fe-9ef,ACC-15441,2026-07-29 16:42:31,Costco,mobile_app,USD,58.79
1757fcfc-6db,ACC-71755,2026-07-29 12:07:34,Amazon,mobile_app,CAD,111.19
062f8820-088,ACC-96609,2026-07-29 20:14:21,Best Buy,in_store,GBP,62.26
7a41563c-aa9,ACC-49331,2026-07-29 17:48:14,Starbucks,online,USD,79.48
5a8d5184-39c,ACC-85662,2026-07-29 16:50:11,Uber,online,GBP,42.33
b5298011-d7f,ACC-75020,2026-07-29 21:44:59,Amazon,in_store,EUR,100.24
321226c2-40b,ACC-91154,2026-07-29 05:02:18,Shell,in_store,CAD,59.29
c7a18608-246,ACC-24596,2026-07-29 11:12:17,Shell,in_store,USD,136.46
0d096abf-640,ACC-90752,2026-07-29 18:17:37,Delta Airlines,mobile_app,EUR,204.72
9743c354-60b,ACC-92283,2026-07-29 16:59:34,Best Buy,in_store,CAD,33.54
3ac2db7a-c2a,ACC-97490,2026-07-29 08:03:21,Delta Airlines,online,EUR,89.69
67be85e7-f04,ACC-40421,2026-07-28 23:56:48,Shell,mobile_app,EUR,12.9
f1a6d4d4-587,ACC-73630,2026-07-29 20:13:23,Target,mobile_app,EUR,20.87
21ffd7ab-36d,ACC-96026,2026-07-29 19:57:34,Walmart,online,USD,87.29
b11a8e4d-18b,ACC-27027,2026-07-29 09:11:59,Costco,online,CAD,157.61
ae4b934e-b06,ACC-76012,2026-07-29 09:17:19,Uber,in_store,EUR,37.72
931e2358-d69,ACC-78373,2026-07-29 04:55:14,Walmart,mobile_app,GBP,75.81
2cfa1a10-6f3,ACC-77859,2026-07-29 08:36:24,Uber,in_store,USD,20.75
2780c923-b3d,ACC-47461,2026-07-29 04:53:45,Uber,mobile_app,GBP,40.33
1010336a-7b9,ACC-29475,2026-07-29 12:03:18,Amazon,online,CAD,18.31
a377700b-f8a,ACC-37808,2026-07-29 15:23:09,Walmart,mobile_app,USD,112.29
82871220-938,ACC-57301,2026-07-29 08:32:35,Walmart,mobile_app,USD,64.71
3707d2fd-242,ACC-79798,2026-07-28 23:27:12,Costco,mobile_app,GBP,49.57
2b510ecd-a62,ACC-74452,2026-07-29 03:58:59,Best Buy,online,USD,28.11
bb0f97c8-8f1,ACC-29538,2026-07-29 21:53:52,Best Buy,online,CAD,55.58
781f22d2-468,ACC-41306,2026-07-28 23:54:56,Costco,in_store,USD,55.37
e38825cb-6cd,ACC-36126,2026-07-29 20:23:37,Walmart,mobile_app,GBP,18.41
ccd49da2-05a,ACC-21877,2026-07-29 01:54:56,Amazon,in_store,EUR,111.23
430ee3d0-edc,ACC-53689,2026-07-29 13:41:04,Costco,online,USD,40.29
8f074894-029,ACC-94589,2026-07-28 22:54:11,Walmart,mobile_app,EUR,67.54
a9af2e34-0e2,ACC-90719,2026-07-29 17:19:40,Netflix,online,EUR,48.9
8929546c-220,ACC-39974,2026-07-29 03:35:22,Delta Airlines,online,USD,164.75
fed32fbe-a86,ACC-39381,2026-07-29 18:59:35,Amazon,mobile_app,GBP,54.35
dd4e6dcd-9f0,ACC-11016,2026-07-29 22:07:38,Shell,mobile_app,EUR,22.54
9a0ff535-6d3,ACC-45195,2026-07-29 02:46:05,Starbucks,mobile_app,CAD,54.14
6eec1082-9e9,ACC-24356,2026-07-29 00:40:12,Walmart,mobile_app,CAD,71.48
696bc3a1-14f,ACC-20016,2026-07-29 03:16:23,Best Buy,mobile_app,USD,248.73
feb41b13-2cd,ACC-46941,2026-07-29 00:37:03,Delta Airlines,mobile_app,CAD,119.16
167e9d6c-64f,ACC-62421,2026-07-29 22:23:59,Netflix,in_store,EUR,66.79
e54b4e01-cb5,ACC-58139,2026-07-29 07:19:10,Amazon,online,USD,111.67
980556eb-b6e,ACC-55782,2026-07-29 05:35:24,Shell,in_store,CAD,200.69
77d19203-788,ACC-38950,2026-07-29 21:01:25,Delta Airlines,online,GBP,97.65
0ae50169-c9c,ACC-68570,2026-07-29 13:29:42,Uber,online,CAD,29.08
6b771d02-89e,ACC-43142,2026-07-29 06:14:53,Walmart,in_store,USD,72.45
e006221e-a50,ACC-13691,2026-07-29 10:54:07,Starbucks,in_store,CAD,114.75
a47d1f89-fbc,ACC-38583,2026-07-29 00:03:54,Starbucks,in_store,EUR,35.29
81c554a3-f0f,ACC-99971,2026-07-29 04:13:21,Amazon,online,USD,56.28
d7b38110-cb2,ACC-10947,2026-07-29 05:25:44,Netflix,mobile_app,CAD,149.06
a5a9b737-59f,ACC-20046,2026-07-29 05:04:22,Amazon,online,USD,65.77
6e52e738-51d,ACC-34025,2026-07-29 10:50:53,Shell,in_store,USD,135.81
72bd4c39-43b,ACC-55926,2026-07-29 10:17:49,Costco,online,USD,104.81
c533d184-b3f,ACC-37574,2026-07-29 19:20:54,Shell,in_store,USD,69.07
63cd360c-6f0,ACC-89675,2026-07-29 04:57:32,Netflix,online,GBP,248.83
7696f3dc-f10,ACC-51415,2026-07-29 14:35:44,Starbucks,online,USD,52.32
eb4ec733-2c9,ACC-51618,2026-07-29 03:09:11,Netflix,online,EUR,106.34
e984dda2-1c6,ACC-16382,2026-07-29 17:48:56,Shell,mobile_app,USD,16.2
ee696fcf-cc7,ACC-46486,2026-07-29 16:18:09,Target,mobile_app,EUR,5.47
1379f049-3b0,ACC-11999,2026-07-29 00:01:19,Costco,online,USD,243.64
56fc902c-92a,ACC-96187,2026-07-29 06:09:37,Uber,mobile_app,USD,119.59
a43aafa2-854,ACC-51290,2026-07-29 09:26:18,Best Buy,in_store,CAD,77.66
8c42546c-c8e,ACC-78977,2026-07-29 01:49:02,Amazon,in_store,EUR,90.94
cd571d50-e20,ACC-55774,2026-07-29 04:58:03,Netflix,mobile_app,USD,182.01
208619ab-789,ACC-93087,2026-07-29 13:11:19,Amazon,mobile_app,CAD,113.13
4d5172a2-823,ACC-27323,2026-07-29 16:02:27,Amazon,in_store,GBP,400.01
3caab492-039,ACC-63308,2026-07-29 02:01:57,Shell,mobile_app,EUR,136.5
81f047e2-982,ACC-59408,2026-07-29 16:52:34,Best Buy,in_store,CAD,45.99
46266054-279,ACC-43521,2026-07-29 14:36:51,Best Buy,online,GBP,33.65
96e4f801-a67,ACC-32695,2026-07-29 18:25:53,Netflix,mobile_app,EUR,88.53
9575e95a-92c,ACC-73337,2026-07-29 03:19:19,Netflix,in_store,CAD,55.81
0e4db472-6b3,ACC-85753,2026-07-29 19:13:50,Shell,mobile_app,GBP,65.06
eaba1c21-bff,ACC-58013,2026-07-29 12:05:01,Starbucks,online,EUR,27.4
f732f0ba-ee2,ACC-38515,2026-07-29 09:56:00,Target,online,USD,15.53
4d0e7579-316,ACC-44516,2026-07-29 09:26:23,Netflix,mobile_app,CAD,83.61
a0367c89-804,ACC-25776,2026-07-29 01:59:47,Shell,mobile_app,CAD,12.65
7470b647-cf7,ACC-51670,2026-07-29 15:26:44,Walmart,in_store,EUR,182.73
4358f8eb-f0b,ACC-63490,2026-07-29 03:39:37,Amazon,in_store,CAD,63.09
92121dbc-37e,ACC-85225,2026-07-29 19:51:31,Starbucks,in_store,CAD,100.97
a0b7fd4a-036,ACC-63413,2026-07-29 01:54:02,Amazon,in_store,USD,185.55
ca467b5f-b4c,ACC-58858,2026-07-29 03:47:29,Walmart,online,USD,97.17
f9124534-872,ACC-80379,2026-07-29 00:17:02,Starbucks,in_store,GBP,188.69
a7b6eee4-18d,ACC-93142,2026-07-29 01:23:13,Target,in_store,EUR,152.0
979b5131-8ef,ACC-16408,2026-07-29 14:43:37,Walmart,mobile_app,GBP,175.23
96371a62-a2a,ACC-74874,2026-07-29 20:52:32,Target,mobile_app,EUR,151.11
43cd856c-983,ACC-44421,2026-07-29 13:32:24,Costco,online,EUR,65.17
eaf7e42f-7cf,ACC-51321,2026-07-29 15:13:11,Netflix,online,CAD,148.62
3bd23460-2db,ACC-76268,2026-07-29 09:22:08,Walmart,in_store,USD,23.34
fc86f7e3-f30,ACC-98600,2026-07-29 11:05:50,Starbucks,in_store,USD,11.6
f0fac314-57f,ACC-51616,2026-07-29 06:59:40,Target,mobile_app,CAD,89.51
c3e9cea8-e33,ACC-70792,2026-07-29 20:51:11,Amazon,in_store,GBP,16.77
719d7f56-949,ACC-82484,2026-07-29 06:10:27,Costco,online,USD,189.5
dfaf2a1b-0cc,ACC-19730,2026-07-29 02:15:21,Costco,mobile_app,CAD,13.64
1a5506d0-07e,ACC-87291,2026-07-29 09:16:52,Costco,mobile_app,GBP,83.85
bb19c92b-d07,ACC-59941,2026-07-29 21:01:24,Walmart,in_store,GBP,120.35
e5bb4eec-01a,ACC-54888,2026-07-29 21:31:41,Walmart,in_store,USD,100.33
6861d2ec-25d,ACC-88628,2026-07-29 06:59:47,Netflix,mobile_app,GBP,241.08
097ef536-8c1,ACC-10086,2026-07-29 22:29:03,Walmart,online,USD,12.09
3f9d615f-2ea,ACC-58473,2026-07-29 04:35:40,Target,in_store,EUR,30.22
6830454b-364,ACC-29310,2026-07-29 11:29:44,Uber,online,GBP,46.41
ffe98060-e2e,ACC-95922,2026-07-29 20:24:44,Amazon,online,GBP,56.73
08e94627-63b,ACC-78362,2026-07-28 23:49:18,Shell,in_store,USD,71.46
f5a76344-79a,ACC-80410,2026-07-29 16:12:18,Costco,in_store,CAD,130.9
40a589eb-ba3,ACC-46026,2026-07-29 07:46:06,Uber,online,GBP,171.45
0bd9384e-9f1,ACC-74569,2026-07-29 01:47:07,Walmart,mobile_app,CAD,79.14
2809e7aa-4d6,ACC-97664,2026-07-29 20:22:02,Starbucks,mobile_app,CAD,339.88
5a41b016-633,ACC-76902,2026-07-29 06:06:28,Amazon,online,USD,42.76
319cb134-422,ACC-69810,2026-07-29 02:47:52,Walmart,online,GBP,95.27
e75d5555-4f1,ACC-20184,2026-07-29 15:53:40,Starbucks,mobile_app,USD,145.25
a37d68c5-3a3,ACC-25931,2026-07-28 23:42:21,Amazon,online,EUR,70.65
bf05f4d0-01f,ACC-36440,2026-07-29 18:41:46,Amazon,online,USD,91.88
ff8e1265-2e7,ACC-69191,2026-07-29 04:00:29,Shell,mobile_app,GBP,43.33
25c9ecf9-d2a,ACC-83382,2026-07-29 01:32:32,Netflix,online,USD,45.09
53459db6-7a1,ACC-85109,2026-07-29 13:59:18,Delta Airlines,mobile_app,USD,141.91
3c73089d-22a,ACC-39379,2026-07-28 23:31:03,Delta Airlines,mobile_app,GBP,25.29
20056ad7-2bb,ACC-72415,2026-07-29 16:09:34,Shell,online,USD,12.26
4990ddbc-9f4,ACC-21050,2026-07-29 14:40:14,Shell,online,USD,50.63
66922fdc-e9e,ACC-24715,2026-07-28 23:02:37,Netflix,mobile_app,GBP,26.04
c898ee20-87c,ACC-38518,2026-07-29 06:06:24,Target,mobile_app,USD,168.02
da42e108-c9f,ACC-47585,2026-07-29 02:44:18,Shell,mobile_app,CAD,39.67
8125c0be-8a4,ACC-80624,2026-07-29 01:22:29,Best Buy,in_store,USD,51.28
9289c50e-833,ACC-30611,2026-07-29 10:59:37,Amazon,mobile_app,EUR,32.38
2129c503-f36,ACC-34349,2026-07-29 05:29:34,Netflix,online,EUR,180.69
bc53f1c6-b9f,ACC-59064,2026-07-29 22:32:33,Costco,online,CAD,26.1
d234b0fc-cb9,ACC-74876,2026-07-29 06:26:15,Amazon,online,CAD,52.37
f80195dd-75d,ACC-82052,2026-07-29 18:00:32,Shell,online,CAD,100.43
89583d42-a9a,ACC-64011,2026-07-29 22:03:26,Starbucks,online,GBP,82.56
c2ad7bec-0f5,ACC-90525,2026-07-29 21:04:03,Amazon,online,USD,83.65
40f81629-5c6,ACC-98891,2026-07-30 09:10:11,Amazon,in_store,CAD,16.4
8f1c407a-6ba,ACC-95696,2026-07-30 20:06:41,Shell,online,CAD,48.73
3a6032a8-cdf,ACC-54759,2026-07-30 16:33:54,Amazon,in_store,EUR,115.92
ae9b14b6-1d2,ACC-40144,2026-07-30 01:01:40,Amazon,online,USD,6.55
b3d06b90-f84,ACC-12933,2026-07-30 11:08:35,Delta Airlines,in_store,USD,80.1
6a758af9-867,ACC-91364,2026-07-30 12:40:00,Walmart,online,EUR,196.97
c56e3f35-786,ACC-56831,2026-07-30 19:33:24,Shell,in_store,USD,72.22
cd538384-9f3,ACC-71571,2026-07-30 02:04:00,Costco,in_store,CAD,20.21
d7a9638b-07b,ACC-82787,2026-07-30 08:01:59,Delta Airlines,mobile_app,GBP,157.57
c515901b-16d,ACC-78097,2026-07-30 13:14:10,Delta Airlines,online,CAD,202.6
793eb0d7-087,ACC-67457,2026-07-30 05:37:37,Target,online,GBP,212.64
40e4215a-7fc,ACC-60750,2026-07-30 05:51:59,Costco,in_store,CAD,121.17
9477f60d-37c,ACC-30948,2026-07-30 12:01:21,Shell,mobile_app,EUR,61.99
2a44ad02-9bd,ACC-37172,2026-07-30 19:17:03,Shell,mobile_app,EUR,41.75
40939c83-677,ACC-13639,2026-07-30 12:03:22,Uber,mobile_app,CAD,20.35
159ecc61-326,ACC-68974,2026-07-30 08:05:49,Uber,online,EUR,56.22
aa40f190-00b,ACC-48044,2026-07-30 16:54:35,Target,in_store,GBP,17.23
f1e6bb45-15f,ACC-20992,2026-07-30 15:13:08,Delta Airlines,in_store,USD,20.64
548edaad-9f8,ACC-72854,2026-07-30 15:00:33,Shell,in_store,USD,23.49
924e23ab-e13,ACC-54293,2026-07-30 04:37:47,Target,mobile_app,CAD,30.2
5ea0a3db-ca6,ACC-63711,2026-07-30 16:33:51,Best Buy,mobile_app,GBP,239.17
9e85fec1-d55,ACC-10005,2026-07-30 20:10:24,Amazon,online,CAD,70.1
1da22734-41d,ACC-42781,2026-07-30 18:11:25,Costco,online,CAD,113.77
8b9f6347-e1b,ACC-94315,2026-07-30 18:04:37,Costco,in_store,EUR,133.52
73df9cde-b7b,ACC-87737,2026-07-30 02:42:39,Delta Airlines,online,CAD,190.01
72e47884-e81,ACC-86550,2026-07-30 13:37:58,Amazon,in_store,USD,213.99
732734ed-934,ACC-81602,2026-07-30 17:58:32,Best Buy,mobile_app,USD,74.66
a5c151f1-338,ACC-70856,2026-07-30 08:53:02,Delta Airlines,in_store,EUR,77.56
adc93845-cb4,ACC-87449,2026-07-30 22:11:18,Delta Airlines,in_store,USD,74.15
c880fd7d-ead,ACC-82196,2026-07-30 12:04:42,Best Buy,mobile_app,GBP,19.54
5ab888c4-bf4,ACC-54993,2026-07-30 06:48:25,Walmart,in_store,USD,58.97
e0ddd210-12c,ACC-61622,2026-07-30 20:52:02,Costco,mobile_app,GBP,61.73
1fef596c-4e0,ACC-19920,2026-07-30 04:35:53,Delta Airlines,in_store,GBP,30.63
3f282f25-a7d,ACC-35002,2026-07-30 18:45:47,Best Buy,in_store,CAD,27.14
f1546110-f75,ACC-33389,2026-07-30 11:11:38,Delta Airlines,in_store,GBP,10.74
e45a2e81-841,ACC-64105,2026-07-30 13:56:11,Best Buy,mobile_app,CAD,218.62
98c24b55-c15,ACC-43638,2026-07-30 09:41:08,Delta Airlines,in_store,CAD,437.91
70ff64fd-126,ACC-97443,2026-07-30 01:07:59,Walmart,online,GBP,122.2
90e8fbd4-0bf,ACC-94932,2026-07-30 13:47:24,Walmart,online,GBP,33.68
75519092-2e4,ACC-29343,2026-07-30 07:46:01,Uber,in_store,GBP,22.88
09d460d5-37b,ACC-15087,2026-07-30 21:55:57,Best Buy,online,CAD,208.68
fb7c0e47-64b,ACC-66092,2026-07-30 13:03:43,Walmart,online,USD,184.26
62dc42ca-210,ACC-15596,2026-07-30 21:02:12,Walmart,mobile_app,EUR,19.45
5ab16d93-fb4,ACC-98693,2026-07-30 03:19:48,Costco,in_store,GBP,100.56
344a5e85-152,ACC-33505,2026-07-30 09:11:40,Walmart,mobile_app,GBP,62.59
01de292a-952,ACC-77037,2026-07-30 18:07:49,Target,mobile_app,CAD,31.9
3a98d7b5-2ea,ACC-85334,2026-07-30 12:23:08,Best Buy,in_store,GBP,21.53
4b34861d-0ed,ACC-45648,2026-07-30 21:52:49,Walmart,in_store,USD,103.99
e3d59e19-639,ACC-69329,2026-07-30 01:15:25,Amazon,mobile_app,USD,22.84
416dbad0-b46,ACC-90933,2026-07-30 07:08:13,Uber,mobile_app,CAD,230.02
eb10bdb2-6dd,ACC-75872,2026-07-30 15:39:09,Starbucks,online,GBP,87.84
70e5b2b6-186,ACC-93116,2026-07-30 07:45:03,Best Buy,in_store,EUR,37.02
fa399fdd-012,ACC-71439,2026-07-30 11:05:18,Target,mobile_app,CAD,64.86
768b6037-361,ACC-85833,2026-07-30 08:25:18,Amazon,online,GBP,131.55
5a21e1fb-2d1,ACC-84845,2026-07-30 02:26:44,Walmart,online,EUR,69.34
372a41cd-054,ACC-40311,2026-07-30 10:25:42,Delta Airlines,mobile_app,USD,248.96
62f28aa5-887,ACC-73933,2026-07-30 07:10:52,Shell,in_store,EUR,105.91
a65907e0-565,ACC-56303,2026-07-29 23:59:10,Uber,online,GBP,299.82
7a9d6199-04c,ACC-60029,2026-07-30 17:47:43,Starbucks,in_store,USD,102.09
9150ce1d-07f,ACC-71483,2026-07-30 15:51:54,Amazon,online,GBP,106.83
bfadc2ad-0ae,ACC-25544,2026-07-30 17:27:18,Costco,mobile_app,EUR,21.18
6e9bc8d1-cdf,ACC-69389,2026-07-30 03:07:28,Walmart,online,USD,469.25
9e7005e6-1d4,ACC-49809,2026-07-30 12:31:31,Shell,in_store,EUR,77.6
0bef1f5b-571,ACC-96690,2026-07-30 06:16:06,Costco,in_store,USD,101.79
baef8ad7-f68,ACC-27108,2026-07-30 20:46:28,Walmart,in_store,EUR,113.75
cdb91716-d02,ACC-81086,2026-07-30 03:25:26,Costco,mobile_app,CAD,11.82
d0bb2a40-d8a,ACC-70130,2026-07-30 02:43:03,Amazon,mobile_app,GBP,72.78
72f541b9-b5b,ACC-86839,2026-07-30 12:12:38,Delta Airlines,in_store,GBP,240.58
ce31aaa7-012,ACC-18798,2026-07-30 12:25:30,Best Buy,in_store,EUR,35.54
6fcffc7d-03e,ACC-74910,2026-07-29 23:44:01,Uber,online,CAD,132.56
2a3cf2c0-37c,ACC-77677,2026-07-30 03:13:45,Walmart,in_store,CAD,22.46
1de96cee-915,ACC-40819,2026-07-29 23:03:46,Starbucks,mobile_app,USD,86.43
a18a45a5-788,ACC-75513,2026-07-30 08:23:16,Uber,mobile_app,CAD,42.92
fbd2ee5f-a9f,ACC-82087,2026-07-30 14:01:24,Walmart,in_store,EUR,37.69
cb8ac35c-c65,ACC-46419,2026-07-30 22:32:34,Netflix,online,CAD,60.47
e01c05cc-9b1,ACC-52793,2026-07-30 07:14:46,Shell,in_store,USD,151.56
e5c6f961-4ab,ACC-44237,2026-07-30 18:01:05,Netflix,in_store,CAD,146.88
3275da1d-cfc,ACC-10901,2026-07-30 17:27:50,Costco,online,CAD,92.3
ed00e2db-cf0,ACC-69841,2026-07-30 20:13:04,Costco,online,CAD,138.56
4b0c756e-759,ACC-28283,2026-07-30 15:40:04,Uber,in_store,USD,52.3
a022cccf-9b4,ACC-24010,2026-07-30 20:38:54,Amazon,online,GBP,75.51
96ebd167-e84,ACC-56376,2026-07-30 01:06:37,Costco,in_store,EUR,21.63
2a7e890a-0b2,ACC-39956,2026-07-30 01:47:23,Costco,mobile_app,GBP,78.61
3668c5bb-93b,ACC-50471,2026-07-30 22:25:43,Best Buy,mobile_app,CAD,117.49
2c20a341-49d,ACC-98992,2026-07-30 19:30:11,Starbucks,in_store,GBP,58.24
0fc15f22-2b2,ACC-93421,2026-07-29 23:08:19,Netflix,in_store,GBP,77.92
327cd867-369,ACC-97456,2026-07-30 07:52:17,Target,online,USD,44.38
ec925c38-bac,ACC-28026,2026-07-30 00:58:14,Amazon,mobile_app,EUR,228.72
25151d04-c49,ACC-47341,2026-07-30 18:37:32,Best Buy,mobile_app,CAD,22.21
33dedffc-c6a,ACC-84268,2026-07-30 07:47:25,Delta Airlines,mobile_app,CAD,61.38
f4ea9694-1e3,ACC-76681,2026-07-30 10:55:14,Best Buy,in_store,USD,49.82
8085d345-6f1,ACC-95450,2026-07-30 09:31:54,Walmart,online,CAD,65.2
7172e75c-092,ACC-88477,2026-07-29 22:44:19,Shell,in_store,USD,160.3
e600e131-3ad,ACC-73260,2026-07-30 11:02:32,Starbucks,in_store,CAD,42.35
1380b512-616,ACC-81477,2026-07-30 18:28:48,Netflix,in_store,USD,81.76
2f34e374-044,ACC-80062,2026-07-30 19:04:34,Netflix,in_store,CAD,27.83
7ee6119f-851,ACC-45409,2026-07-29 23:13:41,Delta Airlines,in_store,USD,160.12
7f6bebaf-69e,ACC-57870,2026-07-30 08:10:17,Amazon,mobile_app,CAD,371.19
5d92b254-5f0,ACC-87689,2026-07-30 02:02:52,Uber,in_store,GBP,27.21
ef244a1d-426,ACC-82042,2026-07-30 22:02:13,Uber,in_store,USD,141.59
b5841a82-78b,ACC-73000,2026-07-30 09:39:46,Best Buy,online,EUR,69.73
dd634546-edf,ACC-34154,2026-07-30 00:39:01,Starbucks,in_store,GBP,87.28
39f75532-8d0,ACC-76617,2026-07-30 17:15:52,Walmart,in_store,GBP,28.62
4fb3fed8-f03,ACC-38689,2026-07-30 22:12:38,Walmart,in_store,USD,73.13
238dd65e-82a,ACC-39633,2026-07-30 19:14:25,Walmart,in_store,CAD,70.58
20a19ff1-10e,ACC-63200,2026-07-30 02:10:51,Best Buy,mobile_app,CAD,130.84
a5864327-288,ACC-96244,2026-07-30 17:27:39,Walmart,in_store,USD,171.7
d5d17fbf-c3e,ACC-11137,2026-07-30 12:21:05,Target,mobile_app,USD,25.75
15774824-93d,ACC-29626,2026-07-30 10:17:35,Walmart,in_store,EUR,137.43
34db957b-4cf,ACC-37462,2026-07-30 19:07:10,Shell,online,EUR,41.14
701b3c17-dc5,ACC-52565,2026-07-30 05:27:31,Best Buy,in_store,USD,81.89
05c55b46-050,ACC-11357,2026-07-30 12:59:26,Costco,online,USD,109.29
28330aa7-fa5,ACC-89336,2026-07-29 22:40:33,Best Buy,in_store,EUR,112.23
f0b2e029-429,ACC-25389,2026-07-30 22:16:56,Target,mobile_app,USD,182.48
3426f0d0-7d0,ACC-99509,2026-07-30 07:32:02,Walmart,in_store,GBP,34.74
aab0d6b6-fd5,ACC-29984,2026-07-30 13:28:55,Costco,mobile_app,GBP,22.43
fbd97c8b-473,ACC-35788,2026-07-30 16:59:14,Netflix,in_store,CAD,47.63
45fc457b-25a,ACC-68574,2026-07-30 05:04:38,Best Buy,online,CAD,41.49
9a184a71-efe,ACC-26106,2026-07-30 21:18:31,Target,online,GBP,55.91
e51da891-4b6,ACC-90168,2026-07-30 18:52:36,Costco,online,GBP,64.71
8eb978a6-8c5,ACC-99661,2026-07-30 03:26:26,Target,in_store,EUR,54.02
5130d436-ac6,ACC-76480,2026-07-30 15:39:31,Delta Airlines,in_store,EUR,63.77
91dd128e-bfe,ACC-29888,2026-07-30 05:56:35,Target,mobile_app,CAD,106.57
caea7792-5aa,ACC-62609,2026-07-30 19:37:29,Best Buy,mobile_app,GBP,31.74
f7e6c8b6-6d3,ACC-77805,2026-07-30 22:26:21,Shell,in_store,CAD,41.94
796d39d0-be4,ACC-44906,2026-07-30 12:29:02,Walmart,online,EUR,59.34
eaeeec29-bff,ACC-12207,2026-07-30 13:34:29,Shell,in_store,USD,19.0
10069934-3e5,ACC-15590,2026-07-30 21:57:48,Delta Airlines,online,USD,91.74
03cdbd1c-010,ACC-54315,2026-07-30 11:37:51,Starbucks,online,GBP,109.63
df829a1f-4bc,ACC-12120,2026-07-30 11:32:54,Target,mobile_app,USD,125.68
d0f74ac9-2a4,ACC-70036,2026-07-30 07:48:18,Shell,in_store,GBP,77.71
86787e29-0cc,ACC-42993,2026-07-30 13:34:47,Starbucks,in_store,GBP,81.69
d68762c6-329,ACC-46969,2026-07-30 15:02:26,Best Buy,mobile_app,GBP,102.33
ffe8ce81-d01,ACC-39487,2026-07-30 13:42:15,Shell,online,CAD,37.34
f0cd9e47-3e2,ACC-90289,2026-07-30 01:55:54,Uber,in_store,CAD,103.51
0a685300-94b,ACC-97853,2026-07-30 00:11:42,Target,in_store,CAD,50.05
eae6f60e-22a,ACC-37434,2026-07-30 17:02:42,Best Buy,online,GBP,354.71
2f17a3f2-8b9,ACC-52914,2026-07-30 16:13:28,Walmart,online,CAD,24.98
3acf849c-6d9,ACC-31535,2026-07-30 19:55:37,Delta Airlines,online,USD,119.22
8af1693a-4f2,ACC-86071,2026-07-30 10:22:31,Netflix,in_store,GBP,57.68
23f7f497-11b,ACC-65142,2026-07-30 04:15:41,Amazon,mobile_app,USD,27.98
bbf6626f-d51,ACC-68150,2026-07-30 04:07:18,Target,online,EUR,23.17
4f472231-bb8,ACC-12590,2026-07-30 04:14:09,Best Buy,in_store,EUR,73.28
813ed594-2b1,ACC-18455,2026-07-30 16:51:40,Walmart,in_store,CAD,84.29
7e48ff0e-e2a,ACC-86183,2026-07-30 07:32:10,Uber,online,USD,103.04
0d9ae972-df3,ACC-68827,2026-07-30 11:40:48,Uber,in_store,EUR,49.17
7d7758d7-e89,ACC-33403,2026-07-30 00:14:42,Netflix,in_store,EUR,99.12
9f610094-365,ACC-53188,2026-07-30 13:20:27,Netflix,online,EUR,25.93
f545c53b-0db,ACC-60935,2026-07-30 02:50:51,Target,mobile_app,GBP,84.3
fde45f49-4d2,ACC-14799,2026-07-30 21:12:22,Uber,online,GBP,160.21
1b104eee-1fc,ACC-75449,2026-07-31 05:10:18,Shell,online,USD,33.14
0d7e5644-765,ACC-50548,2026-07-31 08:51:11,Amazon,in_store,USD,173.01
2b71d30b-849,ACC-41751,2026-07-31 04:37:29,Starbucks,in_store,GBP,52.06
06d01399-293,ACC-78314,2026-07-31 06:05:57,Amazon,online,EUR,88.89
0747c59b-101,ACC-48268,2026-07-31 10:00:15,Delta Airlines,online,EUR,171.32
23545c7c-e2e,ACC-88665,2026-07-31 14:14:04,Uber,in_store,EUR,40.33
985d0c6e-015,ACC-93385,2026-07-31 04:22:43,Uber,mobile_app,GBP,40.18
3afb86d0-744,ACC-97002,2026-07-31 17:42:59,Best Buy,mobile_app,USD,60.19
6f8dc6e1-b9c,ACC-83831,2026-07-31 15:41:14,Shell,in_store,GBP,71.02
8421ff35-b95,ACC-83453,2026-07-31 17:23:05,Best Buy,mobile_app,GBP,109.52
3b365a76-467,ACC-34936,2026-07-31 05:12:34,Best Buy,mobile_app,CAD,7.67
914b838b-380,ACC-84848,2026-07-31 02:48:35,Walmart,online,GBP,201.65
82a18d8c-482,ACC-48972,2026-07-31 10:16:45,Netflix,in_store,USD,95.63
113d1393-bb2,ACC-59163,2026-07-30 23:55:08,Uber,in_store,CAD,131.88
7e578888-5c6,ACC-19028,2026-07-31 10:47:08,Target,online,USD,34.47
0dd7a544-fda,ACC-59002,2026-07-31 18:47:06,Starbucks,in_store,CAD,135.96
5abd57d6-f65,ACC-57590,2026-07-31 21:35:27,Netflix,in_store,USD,108.56
e7fe2e03-924,ACC-39715,2026-07-31 05:02:32,Starbucks,mobile_app,EUR,36.45
a599b8c9-345,ACC-16223,2026-07-31 18:08:59,Best Buy,mobile_app,USD,58.22
68f3149f-314,ACC-83512,2026-07-31 11:57:55,Walmart,in_store,USD,51.57
4f2589f8-1cb,ACC-15232,2026-07-31 04:32:03,Target,mobile_app,USD,41.65
22f5e580-2ba,ACC-77992,2026-07-31 14:00:43,Shell,online,CAD,70.92
5e9df52a-e88,ACC-27045,2026-07-31 09:31:07,Starbucks,mobile_app,GBP,41.26
e1659d4f-af8,ACC-43466,2026-07-31 06:22:14,Best Buy,online,USD,29.1
b06ff1c2-24b,ACC-18828,2026-07-30 23:58:34,Walmart,online,EUR,125.82
f671172f-265,ACC-33046,2026-07-31 02:24:14,Uber,in_store,EUR,153.67
ecff904a-301,ACC-70539,2026-07-31 05:25:18,Netflix,in_store,CAD,25.91
f17e9a5d-692,ACC-30284,2026-07-31 01:13:13,Target,mobile_app,USD,205.99
e8117d23-dcf,ACC-84294,2026-07-31 16:14:36,Shell,in_store,GBP,50.46
235b499e-894,ACC-75250,2026-07-31 16:52:11,Starbucks,mobile_app,CAD,30.68
65df2bac-269,ACC-95368,2026-07-31 21:43:50,Best Buy,mobile_app,EUR,185.24
25cbf75a-230,ACC-31886,2026-07-31 05:39:29,Starbucks,in_store,USD,18.22
e881f4f4-072,ACC-80782,2026-07-31 14:27:06,Amazon,mobile_app,GBP,86.75
bc997fa6-fb4,ACC-38868,2026-07-31 03:28:25,Uber,mobile_app,EUR,253.58
8ca3c5c5-b9a,ACC-44953,2026-07-31 01:17:09,Costco,in_store,CAD,183.13
8a91d385-da7,ACC-83681,2026-07-31 10:56:21,Netflix,mobile_app,CAD,106.53
d8fea084-468,ACC-37184,2026-07-31 17:40:11,Starbucks,mobile_app,GBP,58.9
268bc8ec-392,ACC-29584,2026-07-31 04:38:25,Starbucks,mobile_app,CAD,21.1
f56a1888-1b9,ACC-64263,2026-07-31 04:09:20,Walmart,in_store,EUR,55.19
57303006-b7f,ACC-36054,2026-07-31 11:44:19,Delta Airlines,in_store,USD,163.86
cbe03d67-5c9,ACC-44432,2026-07-31 20:38:58,Shell,online,CAD,52.07
9be82a3a-719,ACC-30205,2026-07-31 21:09:22,Amazon,online,USD,92.47
70a0a1f5-84c,ACC-48982,2026-07-31 03:48:18,Uber,mobile_app,GBP,20.5
2d47f483-995,ACC-60631,2026-07-31 08:38:57,Best Buy,mobile_app,EUR,28.36
b48367aa-b0b,ACC-92115,2026-07-31 04:10:34,Shell,in_store,GBP,63.99
c224a763-c76,ACC-22860,2026-07-31 04:59:10,Netflix,online,CAD,117.13
67eb098b-fe4,ACC-80337,2026-07-31 13:28:38,Starbucks,online,GBP,29.09
885b702a-123,ACC-23684,2026-07-31 11:33:27,Starbucks,online,EUR,70.49
6e4f9ef2-e18,ACC-78920,2026-07-30 22:46:22,Costco,online,EUR,32.28
e831bbd9-a13,ACC-81580,2026-07-31 19:06:45,Target,online,USD,212.39
54dce081-be8,ACC-99385,2026-07-30 23:37:04,Shell,mobile_app,USD,60.06
b00a86e4-1b8,ACC-18379,2026-07-31 00:46:00,Shell,mobile_app,GBP,307.96
5110ffd0-21b,ACC-98864,2026-07-31 08:24:31,Starbucks,online,USD,19.6
21bc15ba-3ac,ACC-90355,2026-07-30 23:05:32,Netflix,in_store,EUR,78.46
a58a0c95-53a,ACC-75512,2026-07-31 06:14:37,Starbucks,online,CAD,156.18
5760eef1-36e,ACC-37563,2026-07-31 00:15:50,Netflix,mobile_app,GBP,80.97
d1bac13a-eb1,ACC-83465,2026-07-31 02:07:49,Walmart,in_store,USD,248.93
61a83816-301,ACC-69080,2026-07-31 19:03:23,Target,in_store,CAD,56.48
42a822b3-909,ACC-90005,2026-07-31 03:22:11,Delta Airlines,mobile_app,EUR,60.34
4a40732f-9d2,ACC-92685,2026-07-31 11:40:55,Uber,in_store,USD,126.39
f140ccaf-b86,ACC-45543,2026-07-31 22:04:50,Delta Airlines,in_store,USD,50.27
1ab06e74-975,ACC-62391,2026-07-31 22:25:05,Starbucks,online,USD,31.16
27eb4846-af1,ACC-33882,2026-07-31 09:47:07,Best Buy,online,GBP,68.96
ad42953b-c4c,ACC-56546,2026-07-31 04:41:59,Shell,in_store,EUR,167.9
3b1c4967-f89,ACC-99094,2026-07-31 08:01:02,Delta Airlines,in_store,EUR,41.58
fe269eb6-f5b,ACC-67069,2026-07-31 02:25:59,Target,online,CAD,99.49
0f57caa4-2cf,ACC-78298,2026-07-31 06:17:53,Target,online,USD,87.95
a1e8cd81-4e9,ACC-21594,2026-07-31 21:26:35,Best Buy,in_store,GBP,21.18
b4c9ae55-f6e,ACC-36903,2026-07-31 01:20:57,Target,in_store,EUR,202.41
a283653b-2ba,ACC-82448,2026-07-31 00:40:38,Starbucks,in_store,GBP,85.36
302525c2-061,ACC-76708,2026-07-31 00:30:45,Target,online,CAD,69.7
1b076719-a47,ACC-66670,2026-07-31 14:29:04,Amazon,mobile_app,EUR,76.05
07203f95-b53,ACC-24574,2026-07-31 06:00:10,Uber,online,USD,79.52
a5c58805-36f,ACC-82061,2026-07-31 11:01:31,Target,in_store,EUR,50.51
99c549b6-352,ACC-15974,2026-07-31 17:58:47,Best Buy,mobile_app,USD,129.3
a3200454-808,ACC-51898,2026-07-31 14:12:01,Starbucks,in_store,USD,94.5
2a0e73ae-596,ACC-49214,2026-07-31 14:32:24,Uber,in_store,EUR,49.7
4b77e5b0-bfe,ACC-64831,2026-07-31 09:31:06,Target,in_store,GBP,146.01
6b9b8a9c-2c0,ACC-72139,2026-07-31 14:36:45,Netflix,in_store,EUR,46.84
cbddbdfd-013,ACC-40297,2026-07-30 23:59:16,Best Buy,in_store,GBP,29.8
94d24169-71e,ACC-19956,2026-07-31 08:18:39,Best Buy,online,USD,163.07
435d9ca3-5cb,ACC-85123,2026-07-31 22:05:42,Amazon,online,EUR,110.46
3dc883f0-078,ACC-78902,2026-07-31 09:04:03,Netflix,in_store,EUR,247.3
9ae65373-90b,ACC-90033,2026-07-31 07:10:58,Starbucks,mobile_app,EUR,99.65
580f80a7-b39,ACC-45318,2026-07-31 12:49:52,Delta Airlines,mobile_app,USD,64.15
4dfe9bb5-039,ACC-12670,2026-07-31 09:14:09,Shell,online,USD,91.66
f27ad067-a9b,ACC-97607,2026-07-31 02:47:44,Uber,online,GBP,56.04
b965e1f1-913,ACC-59064,2026-07-31 20:43:13,Best Buy,mobile_app,USD,51.11
487e9732-1e7,ACC-29560,2026-07-31 21:15:03,Netflix,in_store,EUR,101.41
684d2537-ba8,ACC-11214,2026-07-31 22:04:30,Target,mobile_app,GBP,23.95
1b984fc2-96e,ACC-71068,2026-07-30 23:02:53,Walmart,online,USD,39.59
98526a80-b26,ACC-53471,2026-07-31 20:15:01,Starbucks,in_store,EUR,105.17
6db9c226-a60,ACC-12512,2026-07-31 06:12:26,Target,online,GBP,101.89
81e264c6-ab8,ACC-55730,2026-07-31 07:55:35,Walmart,in_store,EUR,120.73
4d5db750-316,ACC-31494,2026-07-31 03:51:38,Walmart,in_store,USD,199.5
5be9f188-c1f,ACC-21396,2026-07-31 16:48:29,Netflix,online,GBP,59.71
9f4ef790-a9a,ACC-70954,2026-07-31 06:35:15,Delta Airlines,online,USD,156.17
643ac9c0-339,ACC-77453,2026-07-30 23:14:09,Starbucks,in_store,EUR,97.23
438ef63a-685,ACC-60997,2026-07-31 11:02:01,Target,mobile_app,EUR,38.27
bc878416-be4,ACC-18232,2026-07-31 15:23:24,Netflix,in_store,EUR,68.16
7b4c79fd-efa,ACC-74455,2026-07-31 04:35:26,Shell,in_store,CAD,14.86
1e103ba1-f08,ACC-33768,2026-07-31 20:04:50,Starbucks,in_store,USD,146.82
f2ba22f5-19a,ACC-91002,2026-07-31 05:02:12,Starbucks,online,CAD,57.26
af504e26-773,ACC-38757,2026-07-31 08:20:34,Best Buy,mobile_app,CAD,51.32
c8f27ff7-8b5,ACC-40709,2026-07-31 11:59:35,Costco,in_store,USD,113.81
f742139c-f35,ACC-57499,2026-07-31 06:24:30,Netflix,in_store,EUR,56.72
3bf9f7ec-26d,ACC-96355,2026-07-31 05:18:01,Netflix,online,CAD,23.39
2cfb3b4a-79b,ACC-83127,2026-07-31 07:49:54,Uber,mobile_app,CAD,114.99
bee345c1-181,ACC-81832,2026-07-31 12:48:37,Shell,mobile_app,EUR,184.7
aeaa1835-913,ACC-92055,2026-07-31 01:22:28,Target,in_store,CAD,92.31
9ca9b810-3cd,ACC-15772,2026-07-31 07:05:09,Amazon,online,GBP,61.6
315e4c3d-c77,ACC-64192,2026-07-31 11:33:35,Walmart,online,EUR,137.13
b4b61975-790,ACC-61345,2026-07-31 06:09:16,Amazon,in_store,USD,43.84
2bd044e6-f1e,ACC-83272,2026-07-30 22:54:20,Costco,in_store,CAD,108.85
152c77f9-aa8,ACC-30755,2026-07-31 18:42:11,Target,in_store,EUR,33.98
41005efe-473,ACC-71612,2026-07-31 15:18:17,Target,mobile_app,EUR,68.52
04008e72-124,ACC-34409,2026-07-31 18:43:13,Delta Airlines,in_store,USD,62.75
934c17b7-029,ACC-43801,2026-07-31 18:24:16,Uber,mobile_app,USD,98.68
ba61ad7c-e3c,ACC-19072,2026-07-31 04:27:19,Walmart,in_store,EUR,118.7
9b3e9f2e-f46,ACC-24989,2026-07-31 15:03:26,Target,in_store,USD,133.05
a420bf91-cdb,ACC-50487,2026-07-31 12:45:14,Amazon,in_store,GBP,2.19
daff6d9b-e64,ACC-73713,2026-07-31 13:09:02,Netflix,in_store,USD,67.97
ea0e2e31-c69,ACC-84748,2026-07-31 18:14:57,Uber,mobile_app,USD,110.03
17f7bc44-261,ACC-32854,2026-07-31 09:15:58,Uber,in_store,EUR,31.88
3e5b399d-965,ACC-24151,2026-07-31 13:50:40,Delta Airlines,online,USD,44.21
9087280b-9bd,ACC-17187,2026-07-31 18:17:31,Shell,mobile_app,GBP,255.09
ed2f4358-bd2,ACC-90063,2026-07-31 05:47:13,Delta Airlines,in_store,GBP,113.98
9ca40aaa-d4e,ACC-74418,2026-07-31 08:54:05,Shell,in_store,GBP,112.34
67730c99-036,ACC-15962,2026-07-31 14:59:11,Starbucks,mobile_app,CAD,15.97
16d39810-b99,ACC-18974,2026-07-31 03:39:53,Delta Airlines,online,GBP,75.27
cdc1b854-876,ACC-56473,2026-07-31 03:22:53,Amazon,mobile_app,GBP,106.27
501a5a1d-91a,ACC-77522,2026-07-31 17:47:21,Amazon,in_store,USD,164.73
810b6d63-813,ACC-24463,2026-07-31 02:47:42,Delta Airlines,in_store,USD,25.94
493760a0-7c4,ACC-68311,2026-07-31 20:40:47,Uber,in_store,USD,68.94
244f1f30-50e,ACC-59761,2026-07-31 03:17:58,Target,online,USD,56.87
572bef36-0aa,ACC-34360,2026-07-31 01:52:41,Netflix,online,USD,30.41
7bec7b80-ac6,ACC-23892,2026-07-31 14:44:25,Delta Airlines,online,GBP,73.44
df28c2e0-bc5,ACC-80608,2026-07-31 04:22:39,Shell,online,CAD,28.77
d6d01533-713,ACC-58192,2026-07-31 01:31:12,Delta Airlines,in_store,EUR,52.42
a737eb1c-78c,ACC-97189,2026-07-31 02:45:44,Costco,mobile_app,CAD,33.97
27207832-3de,ACC-58725,2026-07-30 22:48:45,Delta Airlines,mobile_app,CAD,41.98
a1365b75-cfd,ACC-39574,2026-07-31 11:03:14,Best Buy,mobile_app,USD,135.89
463b655f-9fa,ACC-41697,2026-07-31 05:45:39,Starbucks,in_store,EUR,1.53
3cd5350e-b6f,ACC-79947,2026-07-31 10:10:18,Uber,in_store,GBP,73.04
73291422-f17,ACC-83769,2026-07-31 09:50:03,Amazon,in_store,USD,10.85
f9e5cf9a-41a,ACC-75519,2026-07-31 09:26:40,Uber,in_store,GBP,64.91
0659200e-e57,ACC-11993,2026-07-31 18:32:12,Shell,online,USD,17.88
474c5a21-ba1,ACC-75826,2026-07-30 23:00:47,Costco,online,USD,69.98
a464550b-ac8,ACC-19273,2026-07-31 11:40:49,Target,in_store,GBP,186.28
4cb98855-f49,ACC-80011,2026-07-31 20:21:26,Target,mobile_app,CAD,65.52
70f9d2b9-cef,ACC-78084,2026-08-01 06:35:58,Target,in_store,EUR,65.5
f33583cb-872,ACC-49865,2026-08-01 11:54:24,Costco,in_store,CAD,26.11
6027ed70-390,ACC-95665,2026-08-01 08:28:41,Starbucks,online,GBP,78.88
3f1e3c41-da4,ACC-40892,2026-08-01 18:48:53,Netflix,in_store,EUR,9.87
25a43587-bbf,ACC-17965,2026-08-01 13:41:13,Walmart,online,USD,105.5
cfc35e24-457,ACC-10388,2026-08-01 07:32:37,Starbucks,mobile_app,EUR,35.45
c85a9158-4b4,ACC-14490,2026-08-01 16:07:49,Costco,online,GBP,201.03
0a9c6629-09f,ACC-31336,2026-08-01 02:40:19,Amazon,mobile_app,USD,61.11
9e878190-b39,ACC-82613,2026-08-01 07:54:46,Target,in_store,EUR,148.77
86dc2228-5cd,ACC-40590,2026-07-31 22:35:39,Netflix,in_store,USD,17.94
0991bd42-051,ACC-32056,2026-08-01 16:50:54,Best Buy,in_store,USD,18.18
f1c1115c-db2,ACC-81049,2026-08-01 20:06:08,Walmart,in_store,GBP,44.15
d642cd57-bcc,ACC-55925,2026-08-01 05:58:22,Delta Airlines,in_store,EUR,75.24
52f9f171-2f3,ACC-52285,2026-08-01 08:44:35,Costco,mobile_app,CAD,12.95
2946bc9c-2d6,ACC-58547,2026-08-01 09:43:08,Shell,in_store,CAD,42.68
9c891b41-4a6,ACC-16505,2026-08-01 19:51:52,Best Buy,online,CAD,141.06
b98e5cd4-040,ACC-95240,2026-08-01 09:42:22,Amazon,online,CAD,59.25
e422c587-f25,ACC-34998,2026-08-01 06:41:24,Netflix,in_store,EUR,43.68
88e0bc63-0c9,ACC-60751,2026-08-01 17:26:45,Shell,mobile_app,USD,89.35
639fd175-aba,ACC-83952,2026-08-01 10:07:56,Uber,online,CAD,156.02
e054f2e7-745,ACC-13122,2026-08-01 12:41:56,Netflix,in_store,CAD,247.8
db3c7f44-a65,ACC-37017,2026-08-01 09:45:22,Shell,in_store,USD,16.8
17300741-2f5,ACC-73381,2026-08-01 01:46:45,Best Buy,in_store,USD,121.15
e2668c92-a1f,ACC-61014,2026-08-01 20:07:23,Shell,in_store,USD,257.55
d53dfd43-7e3,ACC-87947,2026-08-01 15:01:23,Target,mobile_app,USD,58.28
182515de-311,ACC-47170,2026-08-01 08:26:11,Starbucks,online,CAD,46.7
6930108e-ba2,ACC-99975,2026-08-01 10:50:15,Shell,mobile_app,EUR,136.42
646aee29-2ee,ACC-30431,2026-08-01 18:29:44,Amazon,in_store,GBP,116.97
c098c853-b95,ACC-68870,2026-08-01 01:05:25,Best Buy,mobile_app,USD,67.6
1aacced9-827,ACC-93545,2026-08-01 14:29:29,Costco,in_store,CAD,14.02
fe0c3506-4e7,ACC-29593,2026-08-01 14:36:52,Costco,online,GBP,382.09
0e0dd7e2-513,ACC-70005,2026-08-01 05:34:55,Best Buy,online,CAD,54.79
2a80ef46-ba7,ACC-77528,2026-08-01 09:54:39,Netflix,mobile_app,USD,12.66
8ed20da4-785,ACC-95109,2026-08-01 17:20:38,Starbucks,mobile_app,USD,27.16
a23e8c04-6d2,ACC-25819,2026-08-01 00:19:29,Walmart,online,GBP,81.37
85d38ac5-b0e,ACC-72038,2026-08-01 01:24:05,Shell,online,CAD,50.11
ead88db9-dfe,ACC-61182,2026-08-01 03:13:09,Netflix,in_store,CAD,91.82
59c2e93b-b40,ACC-64817,2026-08-01 08:14:13,Target,mobile_app,USD,140.89
fe09f0aa-5aa,ACC-49609,2026-08-01 03:58:14,Uber,mobile_app,USD,117.39
f14a09ab-d61,ACC-38467,2026-08-01 09:31:22,Uber,online,CAD,72.51
e19af3a2-a14,ACC-11859,2026-08-01 19:43:45,Shell,mobile_app,GBP,125.75
6f6d98b2-92b,ACC-31966,2026-08-01 07:35:52,Amazon,online,CAD,101.19
6620cefe-9e4,ACC-17959,2026-08-01 07:02:24,Delta Airlines,in_store,GBP,83.89
848bbed7-f1e,ACC-55512,2026-08-01 13:09:00,Walmart,in_store,GBP,77.04
487ee5a5-409,ACC-32818,2026-08-01 16:09:21,Walmart,mobile_app,EUR,26.24
1fcf26f8-a56,ACC-89314,2026-08-01 22:14:29,Delta Airlines,online,USD,154.37
9803f22b-cd1,ACC-30457,2026-08-01 17:20:04,Best Buy,online,EUR,49.62
e5fb31bc-ff8,ACC-94536,2026-08-01 19:15:49,Starbucks,online,GBP,21.65
aa12fe0b-f37,ACC-16800,2026-08-01 10:01:41,Target,mobile_app,CAD,71.43
c197ffc1-076,ACC-43658,2026-08-01 19:28:12,Best Buy,in_store,EUR,50.8
acaf13f6-c7f,ACC-43930,2026-08-01 14:38:15,Uber,mobile_app,USD,145.77
674dcda7-d01,ACC-34939,2026-08-01 03:06:18,Netflix,online,USD,172.51
c08553f7-5a9,ACC-93078,2026-08-01 05:48:24,Best Buy,mobile_app,EUR,19.72
14c84ddb-edb,ACC-13321,2026-08-01 12:35:40,Best Buy,mobile_app,GBP,258.45
6cd49cfe-dc6,ACC-45672,2026-08-01 01:18:30,Uber,online,USD,22.76
6f1ef19f-304,ACC-38497,2026-07-31 23:05:12,Best Buy,mobile_app,USD,23.79
c6909e2a-03c,ACC-84210,2026-08-01 07:47:38,Delta Airlines,in_store,EUR,101.72
b1ebb9b7-20b,ACC-35394,2026-08-01 06:32:03,Uber,online,GBP,97.93
01db79f5-1bb,ACC-19402,2026-08-01 00:48:57,Delta Airlines,in_store,CAD,72.17
0ba774a0-43d,ACC-48134,2026-08-01 21:56:54,Target,online,EUR,129.28
f22f35de-b8d,ACC-32962,2026-08-01 16:45:02,Amazon,online,USD,62.26
fb5cffc5-ab6,ACC-85868,2026-08-01 09:00:15,Shell,mobile_app,GBP,128.64
5bccd095-ec5,ACC-64453,2026-08-01 18:55:11,Best Buy,mobile_app,GBP,141.92
ca5d025e-8b6,ACC-36835,2026-08-01 19:01:30,Starbucks,mobile_app,USD,48.27
8baab5d9-8dd,ACC-79313,2026-08-01 18:46:27,Amazon,online,USD,133.68
194595a4-0e0,ACC-76020,2026-08-01 16:50:42,Delta Airlines,in_store,CAD,100.84
e0b9bb8f-dcf,ACC-68269,2026-08-01 20:18:11,Shell,online,CAD,101.58
2fa832b0-4e1,ACC-14297,2026-08-01 07:09:31,Best Buy,mobile_app,USD,31.04
34afe309-f44,ACC-62215,2026-08-01 06:22:38,Uber,in_store,GBP,187.14
215cbd28-eeb,ACC-99384,2026-07-31 23:20:39,Amazon,mobile_app,EUR,180.29
e687d5e0-7d3,ACC-45660,2026-08-01 05:59:41,Netflix,in_store,GBP,176.11
8d76e8f1-727,ACC-98217,2026-08-01 02:28:36,Best Buy,mobile_app,USD,29.2
66728935-b61,ACC-86428,2026-08-01 09:27:13,Netflix,online,CAD,220.07
a8153cd6-a5a,ACC-56322,2026-08-01 18:57:27,Walmart,online,GBP,150.0
45a6c77d-d16,ACC-16321,2026-07-31 23:35:51,Starbucks,online,USD,46.67
2aeee767-26f,ACC-32220,2026-08-01 01:58:17,Target,mobile_app,GBP,29.55
5e57e783-62c,ACC-18863,2026-08-01 16:05:01,Shell,in_store,CAD,79.95
e658a6cb-8c3,ACC-19254,2026-08-01 21:27:25,Netflix,in_store,EUR,212.81
d6af8b79-e05,ACC-34536,2026-08-01 14:05:49,Starbucks,mobile_app,EUR,96.12
fcca7a8f-b08,ACC-83787,2026-08-01 06:41:24,Costco,mobile_app,GBP,113.45
392bd9bf-457,ACC-64641,2026-08-01 13:33:58,Amazon,mobile_app,CAD,156.6
5d540834-43e,ACC-79806,2026-08-01 22:10:24,Target,in_store,CAD,107.11
b9c106c7-4b0,ACC-83330,2026-08-01 21:06:34,Walmart,online,USD,198.44
475cad92-d7b,ACC-16457,2026-08-01 19:37:47,Best Buy,mobile_app,CAD,49.3
74909a49-fb9,ACC-52572,2026-08-01 21:18:00,Uber,mobile_app,GBP,189.73
ee0675ab-0ae,ACC-98203,2026-08-01 02:03:05,Starbucks,mobile_app,EUR,209.74
2a9f8f91-4e7,ACC-24924,2026-08-01 21:21:02,Shell,mobile_app,GBP,90.63
9fbec4b1-f39,ACC-34483,2026-08-01 15:35:39,Amazon,in_store,EUR,82.59
80be6d77-0fd,ACC-86313,2026-08-01 04:45:59,Target,mobile_app,USD,27.69
c3d9f817-e22,ACC-19429,2026-08-01 21:21:52,Shell,online,USD,32.66
fd0fb19b-736,ACC-39363,2026-08-01 16:18:50,Delta Airlines,mobile_app,GBP,82.1
9bf8db2c-329,ACC-75632,2026-08-01 21:50:51,Best Buy,mobile_app,CAD,27.11
c34a240a-e20,ACC-68304,2026-08-01 20:16:20,Shell,online,USD,67.46
99f98b61-f33,ACC-25925,2026-08-01 05:47:39,Walmart,mobile_app,CAD,3.18
c1f2af99-fb2,ACC-35796,2026-08-01 03:42:12,Delta Airlines,online,EUR,139.92
4eabf4a2-612,ACC-54321,2026-08-01 15:34:58,Costco,in_store,CAD,22.49
2bf343d2-498,ACC-60332,2026-08-01 04:55:27,Netflix,mobile_app,GBP,114.54
988635e3-b99,ACC-74793,2026-08-01 21:33:27,Delta Airlines,mobile_app,CAD,104.39
d04dfddc-1ed,ACC-73925,2026-08-01 17:25:16,Walmart,in_store,USD,11.46
bb0bee79-9c6,ACC-60537,2026-08-01 02:39:48,Delta Airlines,mobile_app,GBP,106.5
9fbdb7f4-ee0,ACC-59979,2026-08-01 01:27:14,Costco,mobile_app,GBP,70.77
509125f6-1ea,ACC-80658,2026-08-01 05:02:11,Delta Airlines,in_store,CAD,87.42
7a20256f-a23,ACC-43432,2026-08-01 04:08:18,Costco,mobile_app,CAD,158.84
36e7459e-d5d,ACC-93477,2026-08-01 18:17:22,Best Buy,in_store,GBP,100.05
161b8ceb-cdd,ACC-18442,2026-08-01 07:17:43,Walmart,mobile_app,GBP,101.1
a93e1cba-823,ACC-50667,2026-08-01 16:12:05,Best Buy,online,GBP,78.5
4b6a1435-03a,ACC-68654,2026-08-01 04:02:53,Amazon,mobile_app,CAD,33.43
b63a8a76-e5d,ACC-75558,2026-08-01 16:00:50,Target,in_store,USD,67.79
f4e242bf-b77,ACC-71162,2026-08-01 05:26:47,Netflix,mobile_app,USD,66.36
bc6eaeab-49e,ACC-36634,2026-08-01 00:04:49,Costco,mobile_app,CAD,33.8
49051fa8-612,ACC-50587,2026-08-01 11:07:51,Amazon,in_store,EUR,106.76
1c504fe4-a15,ACC-55246,2026-08-01 06:03:02,Uber,mobile_app,EUR,47.09
6bb1d7b8-ef5,ACC-42506,2026-08-01 06:08:34,Netflix,in_store,USD,152.72
bbd9ce38-78f,ACC-49796,2026-08-01 10:17:14,Delta Airlines,online,GBP,45.74
2ba60f19-e59,ACC-63296,2026-08-01 02:07:50,Uber,online,EUR,58.49
a3840aa0-73e,ACC-34666,2026-08-01 07:58:51,Netflix,mobile_app,USD,144.66
e6b6cbcc-eee,ACC-34798,2026-08-01 13:14:25,Walmart,online,GBP,79.02
a641c567-270,ACC-25687,2026-08-01 09:52:45,Delta Airlines,mobile_app,CAD,27.56
3e5bdf3b-8bd,ACC-59637,2026-08-01 01:15:20,Walmart,online,USD,132.15
10bb1799-be8,ACC-73279,2026-08-01 04:25:02,Uber,mobile_app,GBP,33.4
97f6cf6c-e2e,ACC-81242,2026-08-01 03:26:41,Uber,in_store,USD,63.55
060ec4f2-79e,ACC-24861,2026-08-01 06:44:14,Walmart,in_store,CAD,117.92
d47c9649-18e,ACC-77162,2026-08-01 02:12:57,Starbucks,mobile_app,GBP,8.36
6623378d-6be,ACC-34674,2026-08-01 16:29:12,Starbucks,in_store,GBP,282.17
942e63eb-08c,ACC-45504,2026-08-01 20:53:52,Delta Airlines,online,GBP,86.88
15ac8e7a-601,ACC-93886,2026-08-01 10:24:47,Starbucks,online,GBP,91.23
f2ca5b27-a1c,ACC-85855,2026-08-01 18:27:53,Best Buy,in_store,GBP,109.79
a4453806-84d,ACC-84145,2026-08-01 20:50:37,Netflix,mobile_app,EUR,234.59
3f30d60c-c2c,ACC-65992,2026-08-01 03:48:48,Shell,online,USD,57.91
31a322e2-69e,ACC-34668,2026-08-01 00:47:35,Best Buy,in_store,GBP,36.84
814a469d-823,ACC-88982,2026-08-01 19:19:12,Best Buy,online,USD,70.15
caeaf1d8-0f1,ACC-10728,2026-08-01 08:48:48,Best Buy,online,CAD,153.9
9aa2592f-bd0,ACC-16929,2026-08-01 06:53:22,Costco,mobile_app,USD,100.05
7d95ea28-4a0,ACC-81941,2026-08-01 04:50:40,Costco,mobile_app,GBP,83.16
ede1a26a-4f5,ACC-97718,2026-08-01 09:08:10,Starbucks,in_store,CAD,155.93
62fbcdf2-6d4,ACC-51867,2026-08-01 17:53:47,Starbucks,online,GBP,256.94
4eb4736a-75f,ACC-67653,2026-08-01 14:12:31,Costco,in_store,GBP,58.8
49d117cf-246,ACC-89694,2026-08-01 20:14:19,Starbucks,online,EUR,71.68
68cafc97-156,ACC-23797,2026-08-01 08:56:25,Uber,mobile_app,EUR,4.92
dbb0d58e-bd8,ACC-84445,2026-07-31 23:07:59,Costco,online,USD,10.45
93f9798c-6b6,ACC-85249,2026-08-01 06:15:30,Delta Airlines,in_store,USD,178.7
1d52e7c3-c0f,ACC-90307,2026-08-01 00:46:24,Target,mobile_app,GBP,41.38
e4c2cdc9-094,ACC-39228,2026-07-31 23:11:27,Walmart,in_store,USD,51.42
07d82e46-1ae,ACC-65142,2026-08-01 05:36:04,Shell,online,GBP,58.25
30925830-81a,ACC-77674,2026-08-01 03:22:35,Amazon,in_store,GBP,45.22
69c1a3a3-475,ACC-74977,2026-08-01 15:23:52,Costco,mobile_app,USD,121.8
eed8e41b-74b,ACC-10364,2026-08-01 21:39:58,Amazon,online,CAD,28.59
1539bc23-8c6,ACC-96768,2026-08-01 15:39:19,Costco,mobile_app,GBP,22.62
298d1efe-1f0,ACC-85409,2026-08-01 06:37:57,Starbucks,online,USD,21.3
69355c92-ede,ACC-40362,2026-08-01 15:26:47,Best Buy,mobile_app,CAD,110.75
e15cb455-161,ACC-57098,2026-08-02 09:08:41,Uber,in_store,CAD,115.67
91f13449-04e,ACC-21310,2026-08-02 15:29:05,Costco,in_store,USD,24.31
9789519b-002,ACC-72017,2026-08-02 00:05:09,Starbucks,online,EUR,31.3
6872066e-ea7,ACC-56350,2026-08-02 00:07:06,Netflix,in_store,GBP,52.48
9db7852d-ad4,ACC-40146,2026-08-02 10:40:39,Walmart,mobile_app,GBP,36.23
ddaa2dc1-fd1,ACC-71000,2026-08-02 00:03:35,Shell,mobile_app,USD,167.59
77dbd132-8fa,ACC-98701,2026-08-02 21:36:57,Netflix,mobile_app,CAD,124.99
7c6a2853-215,ACC-56144,2026-08-02 15:44:00,Target,online,CAD,56.55
31591de1-a02,ACC-29093,2026-08-02 21:35:57,Walmart,online,GBP,92.65
479969d9-964,ACC-65294,2026-08-02 07:24:27,Shell,mobile_app,GBP,55.84
1064ace9-164,ACC-20364,2026-08-02 15:20:54,Delta Airlines,in_store,EUR,154.56
6170308d-b36,ACC-59270,2026-08-02 07:06:02,Delta Airlines,online,CAD,90.69
f64a6e05-f50,ACC-97124,2026-08-02 17:19:08,Amazon,online,USD,256.79
a3c712ea-9d4,ACC-50657,2026-08-02 20:05:50,Uber,in_store,GBP,52.68
c2b05f56-859,ACC-83853,2026-08-02 04:07:10,Costco,online,EUR,159.1
58d8f598-4cb,ACC-31236,2026-08-02 18:36:47,Delta Airlines,online,GBP,57.56
d6bfe89f-8cf,ACC-45663,2026-08-02 18:05:20,Shell,in_store,USD,93.33
4c98931c-43b,ACC-12447,2026-08-02 01:51:27,Best Buy,online,CAD,135.23
dc8ef208-ac8,ACC-37692,2026-08-02 07:39:46,Starbucks,in_store,EUR,118.25
452fdac1-e1d,ACC-81096,2026-08-02 06:45:51,Shell,mobile_app,USD,76.48
310ca435-3c8,ACC-42995,2026-08-02 09:09:04,Uber,online,GBP,84.88
81bf5c74-f87,ACC-63926,2026-08-02 20:06:21,Costco,online,GBP,178.8
4b964411-154,ACC-58147,2026-08-02 12:17:55,Amazon,in_store,EUR,227.92
6a0be4ec-48a,ACC-74769,2026-08-02 13:02:39,Target,in_store,USD,222.71
eeaa7875-e3c,ACC-49701,2026-08-02 20:03:45,Walmart,online,EUR,253.41
5b43af38-251,ACC-92725,2026-08-02 21:12:42,Best Buy,in_store,GBP,23.48
67d992a7-e03,ACC-68511,2026-08-02 14:14:31,Target,online,GBP,44.36
53ce1953-f9e,ACC-44878,2026-08-02 06:14:23,Starbucks,mobile_app,USD,203.94
f68b1758-2fc,ACC-20136,2026-08-02 19:03:07,Best Buy,in_store,CAD,71.67
a3823a9b-916,ACC-80095,2026-08-02 18:43:48,Uber,online,CAD,136.5
5d847589-3cd,ACC-98574,2026-08-02 08:33:10,Target,in_store,GBP,90.76
9cd39da0-126,ACC-71599,2026-08-02 11:59:49,Target,in_store,EUR,97.05
eb322958-99e,ACC-72643,2026-08-02 08:30:06,Delta Airlines,in_store,GBP,46.78
8328f07e-414,ACC-64308,2026-08-02 02:53:13,Best Buy,in_store,USD,116.29
f6421b95-680,ACC-43403,2026-08-02 12:29:35,Amazon,mobile_app,EUR,84.34
e946971d-f0e,ACC-83844,2026-08-02 11:39:47,Netflix,mobile_app,GBP,202.18
73fa04c2-a02,ACC-12775,2026-08-02 20:22:58,Netflix,mobile_app,CAD,261.4
d1e55003-390,ACC-43746,2026-08-02 05:52:29,Walmart,online,GBP,220.86
79ba5555-979,ACC-97555,2026-08-02 02:56:36,Starbucks,in_store,USD,91.74
c27f2107-ab9,ACC-19681,2026-08-02 17:54:43,Target,online,GBP,49.05
6c196686-6e3,ACC-14894,2026-08-02 10:58:19,Delta Airlines,online,USD,51.26
76e6b869-b1e,ACC-55632,2026-08-02 21:33:46,Target,mobile_app,EUR,122.46
b19141d0-66c,ACC-60633,2026-08-02 06:33:02,Delta Airlines,mobile_app,CAD,122.27
e3897f7d-634,ACC-94805,2026-08-02 07:21:44,Target,online,GBP,70.54
735b94f8-14c,ACC-78579,2026-08-02 19:15:37,Costco,mobile_app,CAD,115.19
56f878e6-f54,ACC-59649,2026-08-02 20:29:14,Uber,online,EUR,177.85
37a7dbd0-b8e,ACC-82560,2026-08-02 07:55:03,Netflix,online,EUR,78.39
72881411-3f2,ACC-60238,2026-08-02 11:21:44,Walmart,online,EUR,8.64
b72dce4b-49c,ACC-97761,2026-08-02 22:05:26,Delta Airlines,mobile_app,GBP,111.46
d3caec1e-02c,ACC-57880,2026-08-02 13:41:01,Starbucks,online,GBP,92.23
4cb71f0b-29d,ACC-93918,2026-08-02 15:51:14,Delta Airlines,in_store,USD,76.35
a9448de2-750,ACC-44878,2026-08-02 04:01:38,Delta Airlines,in_store,CAD,56.83
c8d095b0-985,ACC-18936,2026-08-02 08:24:14,Uber,online,USD,140.1
5aa1ac36-ad3,ACC-93428,2026-08-02 06:17:05,Uber,in_store,GBP,25.97
cebe532e-5c6,ACC-81256,2026-08-02 11:55:27,Target,in_store,EUR,45.22
e1274b0f-d81,ACC-75683,2026-08-02 00:47:37,Delta Airlines,online,EUR,84.04
f0d2c01a-5b7,ACC-46173,2026-08-01 22:41:57,Amazon,online,CAD,25.46
36e0cf25-0d6,ACC-82310,2026-08-01 23:11:34,Shell,in_store,EUR,267.4
030d4188-2da,ACC-45703,2026-08-02 10:56:47,Target,mobile_app,EUR,10.03
ff04290c-840,ACC-10367,2026-08-02 04:44:52,Target,online,USD,132.94
7eb2b888-faa,ACC-30389,2026-08-02 16:53:36,Shell,mobile_app,USD,72.45
de555b79-6ac,ACC-48195,2026-08-02 00:45:27,Starbucks,online,GBP,48.41
194ac5e1-11c,ACC-35763,2026-08-02 19:51:57,Netflix,online,USD,183.35
05978d1e-318,ACC-38260,2026-08-02 03:22:17,Starbucks,online,EUR,62.62
2d5383b0-6dc,ACC-25508,2026-08-01 22:58:02,Netflix,mobile_app,GBP,47.15
b438d3f7-b16,ACC-61996,2026-08-02 05:10:31,Starbucks,mobile_app,EUR,110.47
cbde84d9-bd9,ACC-30472,2026-08-02 00:41:30,Starbucks,in_store,GBP,196.56
6e2c788a-15c,ACC-14909,2026-08-02 03:24:21,Netflix,mobile_app,GBP,94.06
1c093da8-dd3,ACC-66850,2026-08-02 15:46:58,Best Buy,in_store,CAD,77.06
08beaaea-147,ACC-78760,2026-08-02 01:44:53,Uber,mobile_app,GBP,103.52
c1b79f12-d86,ACC-97954,2026-08-02 16:49:21,Delta Airlines,online,CAD,48.69
ea79552e-5b9,ACC-96036,2026-08-02 07:42:55,Starbucks,online,CAD,48.08
7bf42053-1a9,ACC-84338,2026-08-02 19:31:04,Costco,online,GBP,68.24
f8fadbea-093,ACC-52443,2026-08-02 08:07:24,Target,in_store,EUR,28.95
f1028525-7c3,ACC-81873,2026-08-02 10:56:29,Costco,online,CAD,170.69
938750a0-3de,ACC-90693,2026-08-02 15:47:57,Costco,in_store,GBP,115.03
616a2547-3c2,ACC-62314,2026-08-02 03:48:17,Starbucks,online,EUR,8.33
394b62dc-0c6,ACC-50987,2026-08-02 17:27:47,Starbucks,online,EUR,16.86
4ddaaa6d-e6a,ACC-35134,2026-08-02 14:53:10,Best Buy,in_store,USD,70.07
f7fee60c-d3d,ACC-16049,2026-08-02 07:00:38,Netflix,in_store,EUR,125.75
c5fc8622-c65,ACC-49745,2026-08-02 10:51:15,Target,in_store,GBP,47.54
ea321c8b-706,ACC-48765,2026-08-02 14:58:34,Target,online,GBP,15.0
20684465-b8e,ACC-58906,2026-08-02 16:59:55,Target,in_store,USD,111.62
e4f6494f-33d,ACC-29116,2026-08-02 21:14:27,Netflix,in_store,GBP,42.05
10b78b9b-09c,ACC-22463,2026-08-02 11:43:32,Delta Airlines,in_store,GBP,86.94
d28306bb-a08,ACC-13931,2026-08-02 01:26:23,Costco,in_store,GBP,29.04
40b7c9e1-628,ACC-46736,2026-08-02 17:03:35,Target,in_store,USD,154.47
5160d460-59b,ACC-86389,2026-08-02 02:51:27,Amazon,in_store,CAD,207.59
37ea3bf7-a9e,ACC-29697,2026-08-02 06:12:49,Starbucks,in_store,GBP,93.1
8c55cad4-e29,ACC-51602,2026-08-02 21:55:00,Target,in_store,USD,33.19
34261631-007,ACC-22732,2026-08-02 11:09:47,Shell,online,USD,65.54
cc763314-165,ACC-57606,2026-08-02 08:17:45,Best Buy,mobile_app,GBP,68.6
9ebc514e-233,ACC-79533,2026-08-02 14:11:18,Target,in_store,EUR,128.72
00559cde-892,ACC-19339,2026-08-02 00:28:44,Target,online,CAD,63.07
613505ab-e35,ACC-55418,2026-08-02 09:22:19,Delta Airlines,online,GBP,68.31
88ee3e6c-785,ACC-78840,2026-08-02 03:59:54,Netflix,in_store,CAD,80.18
3ffdb73a-652,ACC-84703,2026-08-02 16:16:35,Target,mobile_app,GBP,101.5
85fd0184-92d,ACC-37998,2026-08-02 19:38:16,Walmart,mobile_app,EUR,84.08
eaf89b6f-6ab,ACC-33349,2026-08-02 06:06:31,Best Buy,mobile_app,EUR,25.98
2eec9afd-ad4,ACC-60497,2026-08-01 23:07:21,Uber,online,GBP,40.79
84cbd4a9-31e,ACC-83039,2026-08-02 19:12:52,Costco,mobile_app,EUR,32.85
eb11bbe5-cff,ACC-96402,2026-08-02 03:42:33,Delta Airlines,mobile_app,CAD,371.19
559fc58e-8ad,ACC-29871,2026-08-02 17:21:55,Uber,online,CAD,21.42
22803cfd-804,ACC-92025,2026-08-02 05:27:32,Starbucks,in_store,USD,85.37
e61c3967-201,ACC-68439,2026-08-01 23:02:19,Uber,online,GBP,182.21
c1a7c804-4fa,ACC-36716,2026-08-02 10:47:54,Target,in_store,EUR,115.6
21ff49f4-d26,ACC-44462,2026-08-02 20:57:01,Target,online,EUR,74.63
b2dd0b41-f87,ACC-23368,2026-08-02 06:18:36,Shell,online,GBP,122.02
c4c61364-959,ACC-28341,2026-08-02 11:13:07,Delta Airlines,online,USD,22.64
92e80471-9a3,ACC-36687,2026-08-02 13:16:39,Walmart,in_store,USD,60.62
0cb77ee2-40f,ACC-26002,2026-08-02 13:59:53,Delta Airlines,in_store,EUR,208.91
e6ea4571-eef,ACC-99472,2026-08-02 03:33:32,Shell,mobile_app,CAD,97.88
7e352805-08a,ACC-35595,2026-08-02 01:42:31,Target,online,USD,8.59
b99f8cf8-853,ACC-99184,2026-08-02 18:16:27,Starbucks,in_store,CAD,73.24
882ed47b-f86,ACC-95551,2026-08-02 11:23:59,Delta Airlines,mobile_app,CAD,141.11
3caa132f-8d2,ACC-45431,2026-08-02 20:24:03,Shell,online,CAD,60.58
43683b8a-4eb,ACC-54965,2026-08-02 00:18:00,Shell,in_store,USD,154.19
33e668af-182,ACC-98044,2026-08-02 01:45:20,Target,mobile_app,GBP,92.68
59e323cd-312,ACC-19672,2026-08-02 09:58:58,Starbucks,mobile_app,USD,88.88
bc5a2332-2aa,ACC-87687,2026-08-02 12:38:01,Costco,mobile_app,GBP,31.95
7896bb05-8e4,ACC-64800,2026-08-02 14:49:05,Best Buy,online,GBP,61.96
fc90f388-85e,ACC-33140,2026-08-02 08:26:28,Delta Airlines,mobile_app,EUR,158.62
6016573a-f2b,ACC-89273,2026-08-01 23:59:48,Target,online,EUR,56.43
43750c22-722,ACC-48005,2026-08-02 18:26:39,Shell,in_store,GBP,162.78
cb045336-cfb,ACC-67174,2026-08-02 02:38:27,Target,online,USD,37.85
77e2d046-9cc,ACC-74293,2026-08-02 13:56:51,Walmart,in_store,EUR,92.15
f8662c53-74e,ACC-46586,2026-08-02 05:33:02,Best Buy,online,CAD,62.91
50004c5a-5b6,ACC-69027,2026-08-02 10:43:10,Best Buy,mobile_app,USD,80.62
e127d7ec-195,ACC-95571,2026-08-02 14:19:20,Target,mobile_app,USD,118.16
5364a629-99e,ACC-77654,2026-08-02 00:31:11,Uber,mobile_app,CAD,50.42
9939954f-79c,ACC-17751,2026-08-02 06:07:53,Starbucks,mobile_app,EUR,82.03
bcabcdfa-bf9,ACC-40842,2026-08-02 01:50:04,Costco,mobile_app,USD,59.16
2c0be129-f15,ACC-17721,2026-08-02 03:42:00,Amazon,mobile_app,EUR,127.67
a5b81ee5-054,ACC-13578,2026-08-02 17:52:32,Uber,online,USD,80.67
b10972aa-f91,ACC-29982,2026-08-02 15:45:44,Target,in_store,CAD,24.18
0652cc6e-309,ACC-91272,2026-08-01 22:37:40,Costco,in_store,GBP,80.08
082abf82-d2e,ACC-45267,2026-08-02 06:15:00,Amazon,mobile_app,EUR,80.07
e656a528-abf,ACC-76610,2026-08-02 14:40:54,Target,online,GBP,26.76
b948a872-701,ACC-67815,2026-08-01 23:03:45,Shell,mobile_app,CAD,32.73
8fce4773-b85,ACC-98646,2026-08-02 17:09:04,Netflix,in_store,CAD,74.31
cfd7f300-93e,ACC-23984,2026-08-02 14:16:46,Starbucks,online,USD,34.84
42dc864e-bbb,ACC-73834,2026-08-02 12:43:08,Delta Airlines,mobile_app,GBP,74.27
6283b21d-cac,ACC-33127,2026-08-02 03:22:44,Costco,online,GBP,71.63
54ab1a34-c04,ACC-26905,2026-08-02 20:36:50,Amazon,mobile_app,EUR,159.44
cf49ed91-2f6,ACC-76333,2026-08-01 23:59:03,Costco,online,GBP,44.52
8f5d5577-dc6,ACC-81860,2026-08-02 06:05:53,Netflix,in_store,GBP,144.03
9adef815-69d,ACC-87593,2026-08-02 08:16:33,Uber,mobile_app,EUR,51.12
7f3e4bcb-6bf,ACC-99173,2026-08-02 02:22:06,Best Buy,in_store,CAD,26.72
685a4ac9-369,ACC-44315,2026-08-02 18:39:21,Costco,online,USD,12.68
64b2f870-b85,ACC-84757,2026-08-02 22:33:10,Walmart,in_store,EUR,73.01
30214f1d-19a,ACC-31247,2026-08-02 23:20:38,Target,in_store,GBP,46.48
83bce02c-9cc,ACC-28711,2026-08-03 03:46:34,Delta Airlines,online,EUR,177.32
d56bd0be-af7,ACC-96143,2026-08-03 02:29:10,Walmart,in_store,EUR,55.1
fa8cbd05-3f5,ACC-61805,2026-08-03 19:20:28,Netflix,mobile_app,CAD,53.02
875981c6-5ec,ACC-93271,2026-08-03 19:33:58,Target,online,CAD,51.74
3d1084ce-1d2,ACC-91294,2026-08-03 13:53:08,Shell,mobile_app,GBP,145.85
60928260-264,ACC-13523,2026-08-03 06:34:06,Uber,online,CAD,52.69
2e392b74-d14,ACC-80459,2026-08-03 20:00:56,Costco,mobile_app,CAD,19.65
456fc3a8-cd1,ACC-91781,2026-08-03 21:02:28,Delta Airlines,online,GBP,53.6
9196bfe9-077,ACC-19793,2026-08-03 00:43:32,Walmart,in_store,GBP,142.34
c716072a-fd9,ACC-61117,2026-08-03 19:25:40,Starbucks,online,GBP,57.52
affba249-6ba,ACC-48483,2026-08-03 02:26:31,Costco,in_store,GBP,90.33
5e3e1e31-85d,ACC-28142,2026-08-03 12:00:49,Uber,mobile_app,USD,61.83
d66cad7f-2b3,ACC-12907,2026-08-02 23:56:14,Target,mobile_app,EUR,48.81
2f6d392d-974,ACC-99268,2026-08-03 06:18:08,Delta Airlines,mobile_app,EUR,136.19
1c715a49-b81,ACC-58767,2026-08-03 05:32:26,Costco,online,EUR,86.9
383d2378-385,ACC-83259,2026-08-03 20:54:53,Best Buy,online,CAD,56.2
d1fa438f-dcf,ACC-33586,2026-08-03 19:33:25,Delta Airlines,mobile_app,GBP,241.73
0cf72a50-6eb,ACC-55785,2026-08-03 06:07:45,Starbucks,mobile_app,USD,26.11
e85ab4fe-e4a,ACC-96984,2026-08-02 23:52:06,Shell,online,GBP,109.09
3b922b94-d0c,ACC-35489,2026-08-03 21:29:31,Starbucks,in_store,GBP,45.07
68cbce8a-155,ACC-98061,2026-08-03 07:29:47,Starbucks,in_store,GBP,134.59
9b917ae5-a5c,ACC-49252,2026-08-03 13:20:16,Uber,online,USD,133.69
838cb883-e12,ACC-86651,2026-08-03 03:41:08,Amazon,in_store,GBP,99.31
0739b87e-97c,ACC-91280,2026-08-03 22:24:13,Target,in_store,GBP,91.63
77349e22-4cd,ACC-16452,2026-08-03 20:01:12,Best Buy,in_store,EUR,51.37
98a6607f-49f,ACC-83129,2026-08-03 16:08:02,Delta Airlines,mobile_app,USD,39.25
e942227c-f00,ACC-73973,2026-08-03 15:56:56,Walmart,online,CAD,209.66
7fc84b1a-dee,ACC-65500,2026-08-02 23:42:11,Costco,mobile_app,CAD,32.81
b4365fbb-b07,ACC-41675,2026-08-03 08:25:08,Best Buy,online,GBP,162.72
da6f9df7-49c,ACC-54146,2026-08-03 19:22:45,Starbucks,online,CAD,103.31
44bf0c4b-492,ACC-25257,2026-08-03 03:15:22,Delta Airlines,online,EUR,31.94
85c57f7e-8ab,ACC-45994,2026-08-03 11:18:16,Uber,online,CAD,110.26
734b1579-f6a,ACC-39560,2026-08-03 17:15:50,Walmart,mobile_app,USD,14.98
a925af58-298,ACC-99749,2026-08-03 15:35:52,Netflix,mobile_app,GBP,216.17
d3196b43-412,ACC-22861,2026-08-03 13:26:21,Costco,mobile_app,USD,21.97
eb48faaa-4a1,ACC-97566,2026-08-03 00:38:11,Best Buy,in_store,GBP,93.74
df06e80e-4f9,ACC-95157,2026-08-02 23:44:02,Netflix,mobile_app,CAD,83.2
82fb925a-1ed,ACC-98891,2026-08-03 00:57:55,Target,online,EUR,186.34
32bb5927-9fa,ACC-75294,2026-08-03 11:05:05,Target,mobile_app,CAD,146.1
907116c9-c5d,ACC-55840,2026-08-03 08:03:56,Uber,online,CAD,15.3
5f6c2837-163,ACC-23939,2026-08-03 15:22:00,Costco,in_store,CAD,219.68
99cdc033-17e,ACC-69092,2026-08-03 10:07:19,Costco,mobile_app,USD,193.66
04273345-159,ACC-29344,2026-08-03 06:03:04,Shell,online,EUR,51.04
e724fb32-174,ACC-68284,2026-08-03 19:56:53,Netflix,in_store,GBP,165.25
36616733-9d1,ACC-34866,2026-08-02 22:36:17,Delta Airlines,mobile_app,EUR,30.46
eceb8c52-a53,ACC-38204,2026-08-03 13:28:08,Netflix,in_store,USD,62.9
031922f8-5e9,ACC-63339,2026-08-03 04:46:59,Best Buy,online,GBP,188.04
27480e02-f6c,ACC-75050,2026-08-03 12:43:41,Target,online,USD,28.89
381376b8-c84,ACC-23877,2026-08-03 21:36:54,Delta Airlines,mobile_app,EUR,120.91
d1b65c2a-f40,ACC-75211,2026-08-03 05:35:40,Target,in_store,CAD,64.77
783039e0-e00,ACC-99576,2026-08-03 03:21:20,Delta Airlines,in_store,USD,4.54
ee2936be-e8b,ACC-39717,2026-08-03 14:07:25,Starbucks,in_store,CAD,8.52
cef9999d-0b3,ACC-98072,2026-08-03 03:32:15,Costco,in_store,CAD,33.42
a741277c-6bf,ACC-82620,2026-08-03 01:10:06,Delta Airlines,mobile_app,USD,111.89
283d7f3a-b23,ACC-38424,2026-08-03 11:44:35,Netflix,in_store,USD,68.72
364ddde4-b5f,ACC-61785,2026-08-03 00:53:58,Uber,online,GBP,28.47
a065e1fa-e47,ACC-69182,2026-08-03 00:29:28,Shell,in_store,GBP,20.31
9a62ed1c-15a,ACC-12382,2026-08-03 13:14:01,Shell,mobile_app,CAD,58.74
a9359fbb-faa,ACC-88365,2026-08-03 11:08:12,Starbucks,mobile_app,CAD,53.99
7e9f6d15-082,ACC-99492,2026-08-03 08:22:03,Walmart,online,EUR,116.78
460cecb4-d60,ACC-86317,2026-08-03 03:54:51,Walmart,mobile_app,CAD,112.24
1f98d0ab-1ff,ACC-57371,2026-08-03 18:32:05,Best Buy,in_store,USD,55.76
2edf6e63-2e8,ACC-92900,2026-08-03 13:27:45,Best Buy,online,USD,13.94
2adfc286-55b,ACC-19839,2026-08-03 17:47:41,Delta Airlines,mobile_app,USD,21.03
f99461a3-383,ACC-73471,2026-08-03 20:38:07,Amazon,in_store,USD,89.19
af88952b-d88,ACC-70628,2026-08-03 15:11:04,Shell,mobile_app,USD,77.76
c9ef423e-aab,ACC-56574,2026-08-03 02:41:23,Delta Airlines,online,EUR,193.26
60834c8b-e8e,ACC-70047,2026-08-03 01:33:22,Uber,in_store,EUR,63.91
77df14f2-4c8,ACC-61314,2026-08-03 20:01:42,Shell,in_store,EUR,67.61
76ccdb8a-e5c,ACC-45014,2026-08-03 18:03:38,Starbucks,online,USD,63.32
97b6401e-917,ACC-98663,2026-08-03 10:12:17,Costco,online,USD,100.18
6509aaaf-49f,ACC-61070,2026-08-03 10:49:50,Netflix,mobile_app,USD,80.49
e1f66891-1a4,ACC-55897,2026-08-03 11:37:08,Starbucks,in_store,CAD,14.36
3fe8f7db-f79,ACC-21291,2026-08-03 07:27:34,Best Buy,in_store,GBP,121.27
2e51ecdc-4c7,ACC-92642,2026-08-03 20:42:59,Target,in_store,CAD,159.67
fc83446b-8f7,ACC-84548,2026-08-03 21:53:11,Netflix,online,GBP,68.67
ddbb203f-63c,ACC-75205,2026-08-03 14:18:28,Best Buy,in_store,CAD,131.16
b6b48f30-8e5,ACC-30849,2026-08-03 07:49:57,Amazon,in_store,GBP,64.81
8038a92b-4cc,ACC-24422,2026-08-03 20:53:59,Netflix,online,EUR,23.47
acd780b5-80f,ACC-50631,2026-08-03 13:54:23,Starbucks,in_store,GBP,378.02
9dd0ea0c-160,ACC-91153,2026-08-03 10:22:17,Uber,mobile_app,EUR,159.34
0a2b8168-38c,ACC-30754,2026-08-03 08:47:46,Starbucks,online,USD,75.47
f859d607-360,ACC-20220,2026-08-03 19:27:08,Uber,online,CAD,238.61
17bd03d2-4d4,ACC-74733,2026-08-03 19:15:32,Uber,mobile_app,EUR,77.15
31797bd3-19b,ACC-96919,2026-08-03 02:59:20,Shell,online,EUR,34.23
019171e3-9b1,ACC-16501,2026-08-03 21:44:34,Amazon,in_store,USD,27.89
fb3205b5-638,ACC-99554,2026-08-03 09:43:13,Target,mobile_app,EUR,162.41
121a83a2-fb9,ACC-67654,2026-08-03 11:16:36,Amazon,in_store,EUR,151.89
473f8f18-311,ACC-64541,2026-08-03 09:50:53,Starbucks,mobile_app,CAD,85.75
14f5de6d-2d4,ACC-66158,2026-08-03 21:30:52,Shell,online,EUR,141.1
5b5736a5-7a6,ACC-54756,2026-08-03 16:47:57,Best Buy,online,CAD,189.22
1a757b62-a29,ACC-93301,2026-08-03 07:11:06,Uber,online,USD,82.57
1d79c9a7-7b5,ACC-75619,2026-08-03 18:53:51,Uber,in_store,GBP,162.96
c891a927-ca1,ACC-56591,2026-08-03 01:02:03,Starbucks,online,GBP,46.31
b98779a6-22e,ACC-83754,2026-08-03 07:37:58,Best Buy,in_store,CAD,67.43
ebf31565-482,ACC-92388,2026-08-03 00:12:47,Netflix,mobile_app,CAD,41.34
10cb1aa0-968,ACC-16816,2026-08-03 20:17:57,Netflix,mobile_app,EUR,62.37
b5380ddc-70e,ACC-37220,2026-08-03 13:08:26,Walmart,mobile_app,USD,40.79
34b54f4a-77d,ACC-48074,2026-08-03 21:06:42,Walmart,mobile_app,CAD,101.77
23f91911-e1a,ACC-39212,2026-08-03 17:43:34,Starbucks,online,EUR,57.84
06f1c5fb-07d,ACC-82541,2026-08-03 06:20:18,Target,in_store,USD,130.46
52241b13-124,ACC-72183,2026-08-03 01:15:37,Netflix,in_store,GBP,57.35
865e09e7-32b,ACC-17247,2026-08-03 07:21:03,Delta Airlines,online,EUR,124.82
decb734f-5ce,ACC-98859,2026-08-03 03:12:40,Best Buy,online,CAD,37.92
e506e9c9-e03,ACC-67527,2026-08-03 19:12:28,Starbucks,in_store,CAD,131.22
ff32b0b5-a20,ACC-23292,2026-08-03 13:25:10,Delta Airlines,mobile_app,EUR,230.19
60bbb7ab-268,ACC-29521,2026-08-03 02:16:23,Walmart,mobile_app,GBP,60.62
3b03488f-d74,ACC-44913,2026-08-03 20:06:48,Costco,online,USD,25.93
526effe5-825,ACC-23749,2026-08-03 06:56:31,Shell,in_store,USD,149.97
347cb9ba-cc1,ACC-35663,2026-08-03 12:00:20,Starbucks,mobile_app,CAD,91.47
e84beee5-cb8,ACC-60070,2026-08-03 05:33:18,Costco,online,USD,47.08
e8e1514e-7ff,ACC-49272,2026-08-03 13:30:46,Delta Airlines,mobile_app,EUR,59.02
57360ae1-b18,ACC-51777,2026-08-03 06:13:45,Best Buy,mobile_app,EUR,32.92
8a1b70d1-227,ACC-96627,2026-08-03 10:29:26,Best Buy,online,GBP,47.1
ed170f41-62c,ACC-37840,2026-08-03 06:17:46,Netflix,mobile_app,CAD,165.92
894ca9e9-9d8,ACC-79448,2026-08-03 08:07:11,Starbucks,online,EUR,80.71
5498435f-b0e,ACC-81716,2026-08-03 12:45:10,Shell,in_store,GBP,29.32
6cdc8a68-343,ACC-40583,2026-08-03 16:31:42,Netflix,in_store,CAD,38.91
7b15186c-0c3,ACC-17642,2026-08-03 17:27:11,Costco,online,EUR,33.55
f8b245a8-b86,ACC-19426,2026-08-03 18:39:13,Target,online,CAD,124.91
92d5ab7d-f83,ACC-86105,2026-08-03 09:37:52,Shell,in_store,USD,90.82
d54ca7c0-de7,ACC-91139,2026-08-03 17:29:30,Costco,in_store,EUR,232.6
cfb2e3a6-386,ACC-64856,2026-08-03 04:40:25,Best Buy,mobile_app,CAD,124.12
70a8111f-d5a,ACC-93244,2026-08-03 06:47:02,Best Buy,mobile_app,EUR,26.23
88d5c84d-2b5,ACC-16969,2026-08-03 00:02:38,Uber,online,EUR,59.57
1f01a6db-f40,ACC-49216,2026-08-03 14:38:45,Shell,mobile_app,CAD,127.35
5c556429-649,ACC-82639,2026-08-03 09:35:21,Shell,mobile_app,EUR,249.86
c49807f2-aab,ACC-42392,2026-08-03 02:40:19,Delta Airlines,mobile_app,EUR,127.01
9c299e44-6bb,ACC-54680,2026-08-03 05:19:34,Shell,in_store,EUR,25.67
bd207918-c12,ACC-14111,2026-08-03 01:42:08,Uber,in_store,GBP,93.17
e299df5a-677,ACC-51511,2026-08-03 06:16:53,Uber,mobile_app,USD,78.37
2f469bb4-710,ACC-76177,2026-08-03 21:25:42,Walmart,online,USD,107.99
597dc6bf-34e,ACC-42083,2026-08-03 09:06:31,Starbucks,online,USD,72.97
7b686c55-97b,ACC-67798,2026-08-03 20:29:58,Amazon,mobile_app,EUR,35.5
9cc28109-c79,ACC-23910,2026-08-03 19:55:12,Costco,in_store,EUR,141.17
482942a5-80e,ACC-70802,2026-08-03 15:00:32,Walmart,online,GBP,78.35
1bf37832-0e6,ACC-74713,2026-08-03 13:45:40,Walmart,in_store,GBP,82.24
42b12585-2ff,ACC-24291,2026-08-03 12:53:21,Starbucks,in_store,USD,149.55
ffdbb58a-914,ACC-13773,2026-08-03 01:46:26,Walmart,in_store,GBP,51.18
e88f4367-635,ACC-65675,2026-08-03 02:06:11,Starbucks,mobile_app,EUR,28.76
aa06aa3e-276,ACC-39488,2026-08-03 17:08:02,Target,in_store,EUR,81.89
0b40aab5-326,ACC-42785,2026-08-03 20:00:33,Netflix,in_store,GBP,67.51
8a5251ee-94d,ACC-89908,2026-08-03 14:55:45,Delta Airlines,online,CAD,78.55
4d662cc4-8c2,ACC-44225,2026-08-03 06:49:14,Shell,in_store,EUR,9.15
26700fff-a37,ACC-34911,2026-08-03 10:01:47,Uber,mobile_app,USD,140.66
5080f633-0ce,ACC-84896,2026-08-03 05:56:53,Costco,online,EUR,25.49
062f6fee-00a,ACC-37719,2026-08-03 02:59:57,Walmart,online,CAD,207.35
c57dd1c6-b6e,ACC-70500,2026-08-03 17:37:14,Starbucks,online,EUR,119.8
66fd9b3b-507,ACC-61150,2026-08-03 14:07:36,Delta Airlines,in_store,USD,55.87
e21011df-cbd,ACC-87914,2026-08-03 23:18:17,Amazon,in_store,GBP,54.22
f4450f9e-f32,ACC-97637,2026-08-04 20:33:33,Costco,online,GBP,135.78
bc4a3f0d-9ef,ACC-36500,2026-08-04 19:46:48,Target,in_store,CAD,48.38
1b222ff0-804,ACC-19127,2026-08-04 17:16:43,Shell,mobile_app,EUR,57.26
d697f97d-603,ACC-38553,2026-08-04 02:00:09,Amazon,in_store,USD,13.73
4d97fb6a-112,ACC-64394,2026-08-04 20:31:22,Costco,mobile_app,GBP,41.0
819f81a8-8b5,ACC-45261,2026-08-03 23:03:25,Shell,in_store,USD,76.54
cb8f190d-ad4,ACC-56565,2026-08-04 17:16:36,Costco,online,EUR,66.19
bf849505-cf4,ACC-94210,2026-08-03 22:37:47,Shell,in_store,USD,7.24
278f35b3-968,ACC-22783,2026-08-04 01:31:58,Costco,online,CAD,65.2
00d27c15-686,ACC-45602,2026-08-04 19:29:46,Starbucks,in_store,GBP,85.1
39b14786-c6e,ACC-16730,2026-08-04 19:34:23,Costco,online,USD,102.34
680dbbe2-748,ACC-41952,2026-08-04 15:31:26,Netflix,online,GBP,101.67
10f406ee-760,ACC-85881,2026-08-04 08:27:56,Costco,online,GBP,131.83
35a16e03-8c2,ACC-98015,2026-08-04 10:12:48,Shell,in_store,EUR,49.52
6e7e4858-131,ACC-38397,2026-08-04 08:25:30,Target,in_store,CAD,19.17
8aa8658a-95d,ACC-63671,2026-08-04 19:25:26,Netflix,online,CAD,105.3
bc7ae798-57d,ACC-25746,2026-08-04 08:45:54,Walmart,in_store,USD,38.12
9fcdede4-c20,ACC-74844,2026-08-04 06:45:45,Netflix,online,EUR,82.61
82bc2375-3fd,ACC-92845,2026-08-04 16:50:02,Walmart,mobile_app,EUR,22.33
c93e027e-537,ACC-13561,2026-08-04 14:03:01,Walmart,mobile_app,CAD,162.28
eb1b98c0-5eb,ACC-41828,2026-08-04 04:12:23,Amazon,online,GBP,186.19
1a000e86-c95,ACC-75096,2026-08-04 04:04:00,Best Buy,in_store,USD,68.23
c9064b8c-c0a,ACC-74675,2026-08-04 10:18:25,Netflix,online,USD,125.32
d368ac26-23f,ACC-49913,2026-08-04 14:30:48,Starbucks,mobile_app,GBP,179.34
0a46013d-4cc,ACC-63077,2026-08-03 23:13:26,Best Buy,mobile_app,EUR,323.92
0820e68d-c80,ACC-85323,2026-08-04 17:41:55,Starbucks,online,USD,66.41
1df6b24c-a56,ACC-80616,2026-08-04 15:02:23,Netflix,mobile_app,GBP,183.32
28bfbe50-197,ACC-17173,2026-08-04 00:25:37,Costco,online,EUR,141.38
5df3adb2-c2c,ACC-48096,2026-08-03 22:48:22,Starbucks,in_store,USD,76.75
2d4f8d7d-742,ACC-30395,2026-08-04 08:24:30,Shell,online,EUR,102.4
999ae0cb-e3f,ACC-25848,2026-08-04 06:46:33,Shell,in_store,CAD,38.84
aa7e4144-2e4,ACC-92326,2026-08-04 11:45:51,Starbucks,mobile_app,EUR,106.28
1c8acf3d-bfa,ACC-40810,2026-08-04 12:13:32,Amazon,mobile_app,GBP,17.9
6724c669-362,ACC-91251,2026-08-03 23:00:05,Costco,online,EUR,74.12
bb704efd-744,ACC-95398,2026-08-04 20:01:04,Netflix,mobile_app,GBP,13.07
3cac34fd-38a,ACC-23275,2026-08-04 09:21:32,Target,in_store,USD,31.04
0e79840d-b39,ACC-50856,2026-08-04 21:48:39,Best Buy,mobile_app,CAD,44.62
3691d413-d8c,ACC-50152,2026-08-04 12:33:33,Netflix,mobile_app,EUR,23.59
3432982f-4e9,ACC-77895,2026-08-04 08:23:31,Costco,in_store,USD,93.04
eda5b078-50c,ACC-93351,2026-08-04 22:04:04,Costco,online,USD,78.78
964aeadc-6de,ACC-86510,2026-08-04 12:17:56,Starbucks,in_store,GBP,25.71
e27dd379-197,ACC-24397,2026-08-04 14:20:10,Walmart,online,USD,171.08
d4aec7ca-94c,ACC-73779,2026-08-04 18:33:06,Starbucks,online,CAD,45.83
5728f03c-2f8,ACC-75442,2026-08-04 06:05:36,Delta Airlines,online,GBP,60.32
f435a83e-7be,ACC-67870,2026-08-04 04:42:11,Walmart,mobile_app,USD,75.71
e3816f6e-44e,ACC-77377,2026-08-03 22:54:51,Costco,online,GBP,32.44
7a143f6e-aec,ACC-61394,2026-08-04 01:41:51,Amazon,online,CAD,206.06
675fc47f-7ba,ACC-53409,2026-08-04 19:35:06,Target,in_store,CAD,17.95
a2a8c7e1-966,ACC-57958,2026-08-04 15:15:25,Netflix,mobile_app,GBP,192.59
a04196ef-b2c,ACC-33729,2026-08-04 18:27:34,Starbucks,online,EUR,212.96
647a4d6c-016,ACC-34215,2026-08-04 10:57:56,Delta Airlines,mobile_app,USD,156.44
75a617d1-9d8,ACC-47139,2026-08-04 15:33:59,Shell,in_store,CAD,30.11
b87f30a0-bf0,ACC-23343,2026-08-04 17:24:34,Walmart,online,GBP,110.85
598d8c65-95b,ACC-96017,2026-08-04 03:35:05,Amazon,in_store,CAD,79.21
2124b87b-19e,ACC-66625,2026-08-04 04:04:06,Netflix,mobile_app,USD,70.68
530b6b22-182,ACC-46463,2026-08-04 05:03:04,Netflix,mobile_app,EUR,52.89
587546f8-499,ACC-18398,2026-08-04 18:24:36,Starbucks,mobile_app,GBP,121.24
b12d5db7-b41,ACC-24968,2026-08-04 13:16:10,Netflix,mobile_app,GBP,87.17
7c0456b6-f92,ACC-92543,2026-08-04 06:38:41,Netflix,in_store,CAD,94.42
ea3454d8-f64,ACC-53959,2026-08-04 16:21:39,Target,online,USD,172.44
6901d5db-b33,ACC-16198,2026-08-04 17:35:16,Uber,online,GBP,44.39
e9924c07-3b7,ACC-75095,2026-08-04 04:45:39,Walmart,online,EUR,22.21
5a537685-afc,ACC-22826,2026-08-03 23:58:44,Target,online,USD,22.04
1f24bedc-d09,ACC-14506,2026-08-04 07:33:53,Amazon,online,CAD,153.39
b96a4671-8ba,ACC-31816,2026-08-04 06:14:52,Best Buy,online,USD,41.28
fd13ecfa-cea,ACC-56200,2026-08-04 21:24:56,Target,online,CAD,84.85
41651ab6-24d,ACC-13176,2026-08-04 09:49:24,Uber,mobile_app,EUR,24.77
a07a5cce-49d,ACC-56726,2026-08-04 10:53:51,Starbucks,online,CAD,146.33
d496677a-19d,ACC-84202,2026-08-04 01:14:41,Amazon,in_store,GBP,43.3
7cfe404d-f49,ACC-71151,2026-08-04 00:07:08,Netflix,online,EUR,186.79
abf8a045-3a4,ACC-55556,2026-08-04 00:23:12,Best Buy,online,USD,68.65
524f7230-804,ACC-24197,2026-08-04 06:54:30,Target,in_store,CAD,165.59
7e85228a-7ca,ACC-44726,2026-08-04 05:44:17,Amazon,mobile_app,GBP,95.16
2c706904-46a,ACC-55657,2026-08-04 16:37:51,Starbucks,in_store,GBP,127.26
6a16d30e-1e8,ACC-74585,2026-08-04 10:55:24,Delta Airlines,online,CAD,76.73
c92ba250-95d,ACC-31927,2026-08-04 07:05:28,Delta Airlines,in_store,GBP,72.34
1e84a9d3-261,ACC-19609,2026-08-04 16:46:33,Best Buy,in_store,USD,9.97
0e69cf0b-6d1,ACC-61315,2026-08-04 13:53:00,Netflix,in_store,GBP,14.35
a034239f-502,ACC-98106,2026-08-04 00:25:55,Netflix,mobile_app,USD,21.77
8068588a-ce6,ACC-98770,2026-08-04 06:32:53,Best Buy,in_store,CAD,246.9
a04318d7-fea,ACC-23613,2026-08-04 00:22:03,Costco,mobile_app,USD,128.99
5b1c017f-a00,ACC-75943,2026-08-04 05:45:02,Starbucks,mobile_app,CAD,33.83
a15f861d-d46,ACC-19287,2026-08-04 12:14:17,Netflix,mobile_app,USD,30.53
92f86767-534,ACC-95055,2026-08-04 07:24:32,Amazon,online,GBP,128.24
562f5663-f25,ACC-88682,2026-08-04 09:43:45,Uber,online,USD,156.36
2618866e-417,ACC-67967,2026-08-04 02:00:06,Target,online,CAD,28.58
fd4719b5-1b5,ACC-47004,2026-08-04 13:18:23,Target,mobile_app,CAD,156.23
5f5c9f81-bed,ACC-17347,2026-08-04 17:25:34,Delta Airlines,in_store,CAD,13.96
137e7973-a45,ACC-92003,2026-08-04 15:50:33,Amazon,in_store,CAD,123.29
580ada17-037,ACC-14302,2026-08-04 10:37:58,Walmart,mobile_app,EUR,75.03
599d957d-dff,ACC-68802,2026-08-04 18:04:21,Best Buy,online,CAD,53.93
c7ec2662-383,ACC-77662,2026-08-04 17:38:31,Amazon,in_store,GBP,110.64
3be082f5-69e,ACC-41242,2026-08-04 22:22:05,Costco,in_store,EUR,41.44
04c6f236-35b,ACC-48976,2026-08-04 22:30:50,Costco,mobile_app,CAD,76.05
38244762-e0d,ACC-91337,2026-08-04 15:18:44,Amazon,in_store,USD,7.02
848fc1cc-29c,ACC-70093,2026-08-04 20:08:42,Target,in_store,GBP,7.86
a9fb0c3e-5c3,ACC-63667,2026-08-04 22:15:31,Target,mobile_app,GBP,46.51
f9063791-8ff,ACC-68914,2026-08-03 23:59:34,Uber,online,USD,290.03
8b5630c8-3f4,ACC-92350,2026-08-04 02:18:21,Shell,mobile_app,USD,85.52
2acaded1-3ae,ACC-42887,2026-08-04 04:01:29,Amazon,in_store,CAD,163.83
d78a38d3-3c4,ACC-97104,2026-08-04 10:32:37,Costco,online,GBP,50.44
063cbc7e-602,ACC-38359,2026-08-04 04:38:53,Amazon,mobile_app,GBP,17.2
95f644ee-044,ACC-53978,2026-08-04 08:56:02,Delta Airlines,in_store,CAD,73.6
9583944d-eff,ACC-21662,2026-08-04 10:59:52,Delta Airlines,mobile_app,USD,48.05
b10b4200-c96,ACC-71436,2026-08-04 14:04:18,Starbucks,online,GBP,38.0
38cecb41-142,ACC-60378,2026-08-04 00:16:57,Target,in_store,CAD,76.96
22cc46f6-713,ACC-79766,2026-08-04 21:13:08,Amazon,online,CAD,71.47
8caac907-cc7,ACC-54373,2026-08-04 13:46:59,Netflix,mobile_app,CAD,57.63
bbb7df44-d77,ACC-63338,2026-08-04 01:27:00,Best Buy,mobile_app,CAD,56.72
e735013a-af1,ACC-35234,2026-08-04 12:40:10,Walmart,in_store,GBP,80.2
82d636c8-b81,ACC-20538,2026-08-04 02:53:44,Uber,in_store,USD,68.24
fa50875e-edf,ACC-74072,2026-08-04 07:27:10,Starbucks,mobile_app,EUR,37.19
e9f0dc63-673,ACC-62237,2026-08-04 04:03:35,Amazon,mobile_app,CAD,64.53
f4251693-237,ACC-45310,2026-08-04 21:49:10,Netflix,in_store,GBP,203.65
78de9567-45b,ACC-13566,2026-08-04 02:41:47,Shell,in_store,USD,55.23
76c48fb1-6e9,ACC-77315,2026-08-04 08:27:10,Uber,online,USD,96.18
0935cb3e-08e,ACC-64612,2026-08-04 11:29:18,Walmart,online,EUR,126.43
7794a9ba-445,ACC-18891,2026-08-04 16:51:56,Amazon,mobile_app,GBP,41.79
41b79da0-15b,ACC-93303,2026-08-04 05:23:37,Netflix,online,EUR,75.82
4419e6c6-97e,ACC-99292,2026-08-04 18:47:35,Delta Airlines,mobile_app,EUR,56.12
d339cd98-9d3,ACC-88141,2026-08-04 00:24:17,Best Buy,online,CAD,26.17
109a97cb-c18,ACC-42101,2026-08-04 10:44:14,Shell,online,CAD,200.45
0ec52e8f-e45,ACC-79673,2026-08-04 08:03:25,Best Buy,in_store,CAD,355.56
a03355ea-127,ACC-20097,2026-08-04 05:19:53,Amazon,in_store,EUR,118.92
e9bb1acd-5c1,ACC-43131,2026-08-04 17:22:26,Costco,mobile_app,USD,41.2
09d38f7b-c94,ACC-77077,2026-08-04 10:54:31,Starbucks,mobile_app,GBP,155.31
8e4d8b12-ec5,ACC-93761,2026-08-04 01:32:45,Uber,online,GBP,69.96
92eed813-767,ACC-81323,2026-08-04 03:38:59,Netflix,in_store,CAD,148.96
1ece3edb-987,ACC-70161,2026-08-04 01:52:15,Amazon,online,USD,160.79
d9fa4db8-3ea,ACC-67896,2026-08-04 13:43:08,Shell,in_store,USD,66.92
a63826dc-628,ACC-14687,2026-08-04 06:17:33,Amazon,online,EUR,73.12
65fa0de0-c8b,ACC-78785,2026-08-04 08:00:23,Best Buy,in_store,EUR,210.37
78ce83e7-81b,ACC-37866,2026-08-04 02:57:24,Amazon,in_store,CAD,46.32
734d79a6-86c,ACC-86131,2026-08-04 06:09:34,Shell,mobile_app,GBP,38.5
d0f837c0-acc,ACC-43686,2026-08-04 04:06:49,Walmart,online,GBP,30.84
a2fe7e26-de6,ACC-26261,2026-08-04 21:51:14,Costco,online,GBP,51.52
63f629d3-ded,ACC-63102,2026-08-04 10:45:21,Uber,mobile_app,GBP,123.39
2e56485d-cad,ACC-83837,2026-08-04 19:45:40,Target,mobile_app,GBP,108.7
7bbbe3c1-5e9,ACC-20749,2026-08-04 02:43:19,Amazon,mobile_app,CAD,51.48
d7cf99df-fb0,ACC-34801,2026-08-04 12:27:56,Shell,online,USD,84.02
aecb4380-f54,ACC-75599,2026-08-04 12:19:44,Starbucks,mobile_app,CAD,59.86
96ebfd31-12a,ACC-14072,2026-08-04 15:35:59,Uber,mobile_app,EUR,174.26
37e7a90b-060,ACC-23022,2026-08-04 21:07:28,Delta Airlines,in_store,GBP,92.06
c758c69a-323,ACC-37952,2026-08-04 16:15:56,Amazon,mobile_app,GBP,120.39
62db5d3d-693,ACC-29313,2026-08-04 03:04:30,Delta Airlines,in_store,USD,89.21
d65059a2-bfe,ACC-23579,2026-08-04 16:27:26,Starbucks,mobile_app,CAD,112.59
1a979927-b71,ACC-38143,2026-08-04 22:12:14,Starbucks,in_store,EUR,138.06
fe98dd5c-aef,ACC-66206,2026-08-04 20:19:40,Target,online,GBP,8.62
64d33de0-716,ACC-74464,2026-08-04 07:32:46,Netflix,in_store,EUR,84.59
cb81d2b7-191,ACC-48528,2026-08-05 02:11:49,Best Buy,in_store,USD,105.5
0a59bed0-52f,ACC-63707,2026-08-05 04:36:06,Netflix,mobile_app,EUR,23.01
76698292-849,ACC-57506,2026-08-05 21:09:33,Amazon,in_store,USD,16.89
85fca290-d9d,ACC-19620,2026-08-05 21:56:38,Starbucks,online,CAD,68.21
4fd6fb3a-f2d,ACC-84927,2026-08-04 22:57:52,Delta Airlines,in_store,GBP,148.97
ec0c84d6-fea,ACC-88321,2026-08-05 00:04:57,Best Buy,online,CAD,29.54
967a5596-8d3,ACC-66161,2026-08-05 10:21:12,Amazon,in_store,USD,39.96
51590cd3-c4a,ACC-53087,2026-08-05 15:10:58,Amazon,in_store,CAD,155.81
b1708b58-824,ACC-22944,2026-08-05 10:36:09,Uber,online,USD,28.42
56e53c54-8c1,ACC-84263,2026-08-05 20:41:41,Delta Airlines,online,EUR,19.26
de6b3f76-e93,ACC-59430,2026-08-05 11:58:25,Shell,mobile_app,CAD,52.47
783ba3ee-cd0,ACC-26939,2026-08-05 15:51:01,Netflix,mobile_app,CAD,49.66
60655f8a-ecc,ACC-59724,2026-08-05 03:57:16,Best Buy,in_store,CAD,18.11
39f8f431-644,ACC-52094,2026-08-05 11:07:02,Shell,in_store,USD,34.81
4bad242b-8be,ACC-53576,2026-08-05 20:36:09,Delta Airlines,mobile_app,GBP,118.73
4d3e8e09-693,ACC-21773,2026-08-05 06:55:35,Shell,mobile_app,GBP,121.45
fc832102-d40,ACC-62058,2026-08-05 03:40:37,Starbucks,in_store,USD,102.85
c0451671-154,ACC-37449,2026-08-05 18:01:13,Best Buy,in_store,GBP,9.8
55fdf314-f24,ACC-16762,2026-08-05 18:01:03,Walmart,mobile_app,USD,82.46
77926235-173,ACC-66963,2026-08-04 22:57:26,Best Buy,online,CAD,121.04
cdaed9f9-1e7,ACC-40638,2026-08-05 21:35:01,Starbucks,in_store,EUR,55.36
3a706e1d-d19,ACC-65470,2026-08-04 23:00:51,Walmart,online,EUR,116.73
28bd90c8-363,ACC-50214,2026-08-05 12:41:14,Delta Airlines,online,USD,27.23
171d33df-da7,ACC-63142,2026-08-05 01:20:17,Netflix,mobile_app,EUR,69.98
17853e01-2b1,ACC-58851,2026-08-05 17:43:25,Delta Airlines,mobile_app,CAD,315.55
1940d60b-130,ACC-27883,2026-08-05 15:40:19,Shell,in_store,CAD,20.25
6c17e884-708,ACC-70684,2026-08-05 16:54:28,Target,online,CAD,83.44
aa0f1f6a-ed6,ACC-90087,2026-08-05 10:07:55,Netflix,mobile_app,USD,54.21
39d390b6-d6d,ACC-20488,2026-08-05 20:17:36,Costco,online,USD,96.19
bd62923d-ad1,ACC-58184,2026-08-05 19:55:30,Netflix,online,USD,130.29
c46bd5ab-4f7,ACC-24428,2026-08-05 17:17:27,Shell,online,GBP,234.51
cc679f83-a25,ACC-72139,2026-08-05 07:40:10,Shell,in_store,EUR,271.49
199b71d0-7da,ACC-34819,2026-08-05 05:54:46,Delta Airlines,online,GBP,142.93
cfaafbd6-bd3,ACC-76723,2026-08-05 17:55:01,Starbucks,mobile_app,USD,99.58
1b1b3f5c-8be,ACC-64014,2026-08-05 17:01:07,Target,mobile_app,USD,155.88
15ed5476-151,ACC-67699,2026-08-05 14:03:47,Walmart,online,USD,28.12
ffe61a4e-08d,ACC-32440,2026-08-05 18:25:03,Amazon,mobile_app,USD,120.11
f2b5e777-96c,ACC-37980,2026-08-05 17:39:05,Netflix,mobile_app,CAD,109.59
8a3caa15-3cc,ACC-75484,2026-08-05 08:36:40,Netflix,mobile_app,EUR,112.55
2795dc5e-61d,ACC-93667,2026-08-05 16:33:27,Starbucks,mobile_app,CAD,45.72
25a1b246-1ed,ACC-46503,2026-08-05 06:35:46,Walmart,mobile_app,EUR,90.97
9f02b598-b67,ACC-39545,2026-08-05 03:29:17,Best Buy,in_store,GBP,241.55
c62239ec-1ec,ACC-45458,2026-08-05 07:38:38,Walmart,online,USD,80.77
96050384-2b6,ACC-49176,2026-08-05 15:17:17,Costco,online,CAD,108.19
0386e729-d50,ACC-87447,2026-08-05 18:28:58,Walmart,in_store,GBP,104.27
99978d4b-2ed,ACC-54829,2026-08-05 12:21:54,Walmart,online,CAD,131.49
96ff87cc-888,ACC-81038,2026-08-05 09:05:00,Starbucks,mobile_app,EUR,34.92
30308a17-574,ACC-43218,2026-08-05 16:59:16,Amazon,online,CAD,76.18
89351ffd-98c,ACC-37842,2026-08-05 19:28:09,Costco,mobile_app,EUR,99.07
7d1f5d29-73a,ACC-54945,2026-08-05 14:43:14,Walmart,in_store,GBP,210.04
730d8dea-f49,ACC-51403,2026-08-05 15:21:05,Uber,online,GBP,60.68
315271b2-9f8,ACC-40818,2026-08-05 10:04:57,Delta Airlines,mobile_app,USD,64.67
d71f32c8-e11,ACC-75796,2026-08-05 09:04:43,Amazon,online,EUR,44.68
9c1137a0-201,ACC-57634,2026-08-04 23:22:25,Starbucks,in_store,CAD,107.51
978e4c0c-c78,ACC-89794,2026-08-04 23:16:40,Starbucks,in_store,GBP,96.04
c52e16df-4ed,ACC-16828,2026-08-05 10:04:54,Amazon,mobile_app,CAD,67.03
44613e58-697,ACC-11836,2026-08-05 06:18:01,Target,online,USD,115.31
f346c17f-a34,ACC-69901,2026-08-05 00:51:18,Walmart,in_store,CAD,87.65
b78727bf-2ea,ACC-10681,2026-08-05 20:54:13,Target,in_store,USD,132.44
51e056c7-3d8,ACC-54846,2026-08-05 11:07:28,Uber,online,EUR,84.82
d4fb1132-531,ACC-34205,2026-08-05 00:53:02,Starbucks,online,EUR,62.5
4fa96a67-fd8,ACC-52605,2026-08-05 03:32:51,Shell,in_store,USD,67.91
fd51af53-f95,ACC-39849,2026-08-05 07:10:31,Target,in_store,EUR,11.68
c473f67d-954,ACC-15713,2026-08-05 17:00:24,Target,in_store,CAD,61.93
b24be536-282,ACC-86041,2026-08-05 12:28:53,Best Buy,online,USD,114.55
9ee74843-3af,ACC-37970,2026-08-05 17:57:53,Starbucks,mobile_app,USD,122.76
38c17c20-829,ACC-53289,2026-08-04 23:00:23,Delta Airlines,in_store,USD,85.9
19da079d-70f,ACC-66096,2026-08-05 00:13:09,Walmart,mobile_app,GBP,53.42
c165a1d5-c2d,ACC-44092,2026-08-05 10:43:33,Netflix,in_store,CAD,104.14
926a8b21-d77,ACC-78569,2026-08-05 19:49:20,Costco,online,EUR,89.49
06d3cc74-298,ACC-38744,2026-08-05 02:55:39,Target,in_store,USD,182.59
9a20ee83-a5c,ACC-50679,2026-08-05 04:04:21,Starbucks,in_store,GBP,175.31
6f9a74ca-320,ACC-46097,2026-08-05 17:22:36,Delta Airlines,mobile_app,EUR,192.84
6e6f357d-fc7,ACC-34506,2026-08-05 09:57:57,Amazon,online,EUR,202.98
a5a8b43e-31d,ACC-71069,2026-08-04 23:21:33,Amazon,online,USD,5.23
04b435a8-790,ACC-37921,2026-08-05 08:49:31,Netflix,in_store,USD,24.08
9413f14b-2cc,ACC-21793,2026-08-05 19:31:34,Uber,in_store,CAD,66.63
7aeb8b7b-102,ACC-34126,2026-08-05 22:25:30,Best Buy,online,GBP,97.46
a93b5ccf-9b2,ACC-36012,2026-08-05 06:45:24,Netflix,in_store,EUR,152.63
3645a062-464,ACC-60215,2026-08-05 08:57:21,Netflix,mobile_app,CAD,68.17
63542c95-09e,ACC-82778,2026-08-05 20:58:54,Delta Airlines,online,GBP,123.17
6445b211-226,ACC-40977,2026-08-05 04:52:59,Amazon,online,USD,51.04
85c0ae89-dcd,ACC-97742,2026-08-05 08:02:34,Costco,mobile_app,USD,103.44
c2349953-cef,ACC-56709,2026-08-05 14:57:08,Best Buy,online,USD,94.41
a9c3dc3c-c7e,ACC-78646,2026-08-05 14:12:11,Netflix,online,GBP,103.45
44514f4b-40e,ACC-59085,2026-08-05 19:44:57,Target,in_store,CAD,25.3
6793a554-b5a,ACC-25497,2026-08-05 16:50:59,Uber,in_store,EUR,108.24
c94b4482-1d3,ACC-54657,2026-08-05 17:28:21,Uber,in_store,CAD,53.43
4964aa9e-aa8,ACC-55376,2026-08-05 01:15:14,Amazon,mobile_app,USD,55.52
a8a3543d-9c4,ACC-49316,2026-08-05 02:20:31,Walmart,in_store,EUR,81.06
54bd4b2e-7e4,ACC-54741,2026-08-05 07:08:48,Target,in_store,CAD,16.45
c35baaee-1a2,ACC-45701,2026-08-05 16:15:02,Uber,online,USD,81.72
fc42c287-4c2,ACC-55162,2026-08-05 06:44:23,Amazon,online,EUR,89.74
a16313c7-a6a,ACC-50017,2026-08-05 05:00:20,Delta Airlines,in_store,USD,181.52
fbe2eb27-fae,ACC-89087,2026-08-05 13:55:32,Netflix,mobile_app,CAD,17.75
710f7deb-3a4,ACC-87274,2026-08-05 01:12:28,Shell,in_store,USD,78.47
e8d2c236-026,ACC-16008,2026-08-05 03:16:06,Netflix,online,GBP,34.68
f3c86c1e-430,ACC-76544,2026-08-05 19:42:47,Shell,in_store,GBP,33.38
84ddd378-1c7,ACC-67631,2026-08-05 13:08:10,Starbucks,mobile_app,USD,125.57
398d8c24-8c1,ACC-68765,2026-08-04 23:38:08,Best Buy,mobile_app,CAD,204.52
e0d72c0d-125,ACC-41923,2026-08-05 01:21:11,Delta Airlines,mobile_app,GBP,190.56
5a4999db-8e2,ACC-23953,2026-08-05 05:14:29,Shell,online,USD,193.52
20a0b3d3-90b,ACC-58433,2026-08-04 23:51:54,Uber,in_store,EUR,121.48
f02a723c-989,ACC-13957,2026-08-05 11:33:43,Delta Airlines,online,USD,75.72
9ce0b971-08b,ACC-38522,2026-08-05 05:46:22,Uber,online,CAD,13.2
9e4deff7-200,ACC-25005,2026-08-05 09:48:43,Walmart,online,EUR,106.29
baf0d229-f11,ACC-86155,2026-08-05 03:17:33,Shell,mobile_app,EUR,27.66
ae946eac-47d,ACC-77200,2026-08-05 07:00:21,Target,in_store,GBP,176.58
6e4a1d42-9c0,ACC-43166,2026-08-05 14:11:45,Walmart,online,GBP,87.68
94599ba9-4d4,ACC-10346,2026-08-05 13:35:21,Costco,online,USD,237.8
8e9d054d-455,ACC-23411,2026-08-05 20:21:08,Starbucks,in_store,EUR,61.58
d557bef6-b13,ACC-58926,2026-08-05 14:47:56,Netflix,online,GBP,14.36
d89d22e7-62a,ACC-68103,2026-08-05 12:28:30,Best Buy,mobile_app,GBP,50.41
8a6f0f6b-1ab,ACC-54180,2026-08-05 14:19:22,Delta Airlines,mobile_app,CAD,225.43
d906964c-c64,ACC-22736,2026-08-05 01:28:27,Costco,online,USD,31.16
ec202668-688,ACC-14873,2026-08-05 04:44:09,Netflix,in_store,USD,214.4
4d11a9d5-212,ACC-25377,2026-08-05 15:52:39,Walmart,mobile_app,GBP,96.27
e7bd699c-52e,ACC-50492,2026-08-05 01:45:53,Netflix,mobile_app,USD,84.64
15cd8274-819,ACC-59127,2026-08-05 22:29:00,Delta Airlines,mobile_app,USD,33.69
a6e4d1a2-4d0,ACC-84861,2026-08-05 06:05:30,Amazon,in_store,CAD,166.74
3390ebac-ac6,ACC-29885,2026-08-05 20:03:35,Uber,in_store,USD,13.49
0c225f15-baf,ACC-69722,2026-08-05 09:56:33,Best Buy,online,USD,103.46
0e09c1f3-72d,ACC-14759,2026-08-05 12:12:41,Walmart,in_store,CAD,136.36
e444d072-24c,ACC-86754,2026-08-05 09:47:47,Target,online,GBP,100.19
0d0d67ea-854,ACC-42107,2026-08-05 03:37:08,Delta Airlines,online,EUR,78.58
39a20f6e-d9a,ACC-81480,2026-08-05 03:47:41,Starbucks,online,CAD,66.61
a2e3c0d8-632,ACC-35804,2026-08-05 06:14:32,Best Buy,online,CAD,51.26
8354ab81-994,ACC-76494,2026-08-05 08:17:45,Best Buy,online,EUR,109.1
4a7fc0df-a91,ACC-75914,2026-08-05 09:34:07,Starbucks,mobile_app,GBP,21.43
75eaa08d-2ed,ACC-79145,2026-08-05 11:27:31,Starbucks,in_store,GBP,146.61
ff8dcde8-c0e,ACC-74633,2026-08-05 13:20:23,Starbucks,in_store,EUR,40.25
c90c9548-443,ACC-56569,2026-08-05 01:20:35,Costco,in_store,EUR,169.53
fcae5473-2c1,ACC-75809,2026-08-04 23:46:28,Best Buy,in_store,USD,69.98
84b821cd-d6d,ACC-40508,2026-08-05 03:00:14,Shell,mobile_app,EUR,47.67
beafcca4-a84,ACC-27265,2026-08-05 10:42:22,Netflix,in_store,USD,121.67
46901d60-bb5,ACC-88824,2026-08-05 16:16:38,Shell,mobile_app,EUR,33.18
4dae4fa2-e56,ACC-88203,2026-08-05 03:48:30,Best Buy,in_store,EUR,85.06
41dfe4b7-cc8,ACC-81702,2026-08-05 16:48:32,Walmart,in_store,EUR,47.96
23837553-6b3,ACC-53751,2026-08-05 04:10:27,Starbucks,online,USD,18.15
e663fa20-403,ACC-69117,2026-08-05 18:13:58,Amazon,in_store,EUR,37.9
d1f3d45f-8e6,ACC-78172,2026-08-04 23:23:54,Starbucks,online,GBP,70.02
ebe9aa85-bb6,ACC-24159,2026-08-05 00:40:31,Amazon,mobile_app,GBP,48.31
6adeca0a-e66,ACC-86823,2026-08-05 08:19:09,Walmart,online,EUR,89.45
33fa1eaf-2ce,ACC-29596,2026-08-05 21:48:09,Costco,mobile_app,GBP,32.74
d7fcb463-e4a,ACC-43249,2026-08-05 19:15:40,Costco,online,GBP,98.46
6e8fe3f4-7e8,ACC-51016,2026-08-05 11:31:39,Target,mobile_app,CAD,55.69
7a58436c-fab,ACC-96613,2026-08-05 20:37:16,Amazon,in_store,EUR,37.39
f1a5c221-d65,ACC-45485,2026-08-05 22:32:00,Netflix,online,GBP,85.23
c18b594a-646,ACC-44116,2026-08-05 05:50:39,Amazon,in_store,EUR,33.3
07fceb56-770,ACC-16362,2026-08-05 21:53:44,Best Buy,online,CAD,86.86
2e1fe214-b05,ACC-84196,2026-08-06 03:21:59,Amazon,online,GBP,114.61
317a08e5-861,ACC-32628,2026-08-06 21:00:26,Starbucks,mobile_app,CAD,49.48
ee5e8222-e79,ACC-67739,2026-08-06 04:40:50,Target,online,USD,125.99
e3e1ff4b-444,ACC-64365,2026-08-06 09:34:50,Shell,mobile_app,EUR,387.14
0daf5482-21b,ACC-76733,2026-08-06 03:12:56,Shell,in_store,EUR,142.18
6f8e655c-421,ACC-32774,2026-08-06 15:15:54,Amazon,in_store,USD,43.68
e3cafb60-f89,ACC-62724,2026-08-06 09:40:22,Shell,online,GBP,54.4
4b3fba43-078,ACC-15826,2026-08-06 10:05:52,Walmart,in_store,USD,33.93
870636ae-8bd,ACC-31257,2026-08-06 15:52:06,Costco,mobile_app,CAD,93.52
0afdb09d-17e,ACC-17254,2026-08-06 04:48:09,Starbucks,in_store,USD,131.65
6c2ff3bd-ced,ACC-60384,2026-08-06 15:47:58,Target,online,CAD,23.11
050c1ff4-c1a,ACC-15359,2026-08-06 05:06:57,Costco,mobile_app,EUR,113.93
44dea6ba-8dc,ACC-32711,2026-08-06 11:48:56,Costco,in_store,EUR,106.97
6be97033-b0a,ACC-79372,2026-08-06 11:12:28,Walmart,online,CAD,220.13
2acbdac8-103,ACC-51218,2026-08-06 19:42:59,Best Buy,online,GBP,132.41
d7bb59f6-c63,ACC-64115,2026-08-06 20:37:31,Starbucks,in_store,GBP,92.81
830cdf2d-077,ACC-34244,2026-08-06 19:03:16,Uber,mobile_app,EUR,17.13
08015e4e-e73,ACC-27032,2026-08-06 09:44:35,Shell,online,GBP,80.11
74967e79-62e,ACC-53021,2026-08-06 18:42:23,Costco,online,EUR,6.52
4dea17c1-c13,ACC-53499,2026-08-06 14:34:07,Starbucks,mobile_app,EUR,197.54
96ad282b-a69,ACC-24704,2026-08-06 15:05:56,Best Buy,mobile_app,CAD,42.48
b15f3be1-b14,ACC-31001,2026-08-06 12:24:11,Best Buy,in_store,CAD,96.65
e67249d4-cc1,ACC-69782,2026-08-06 15:28:12,Target,online,GBP,35.02
daf4e727-6e2,ACC-46013,2026-08-06 08:09:56,Netflix,mobile_app,GBP,163.04
c513f950-707,ACC-53644,2026-08-06 05:10:26,Costco,online,EUR,37.81
d14e6e15-988,ACC-33023,2026-08-06 08:07:04,Walmart,online,GBP,27.08
7a0ce725-b7e,ACC-69300,2026-08-06 12:56:59,Walmart,mobile_app,EUR,30.78
4c6bdde2-ed7,ACC-85075,2026-08-06 17:32:39,Starbucks,in_store,EUR,90.27
9da60678-710,ACC-41184,2026-08-06 08:33:37,Starbucks,mobile_app,CAD,30.91
fbf56bcb-7ec,ACC-93285,2026-08-06 02:38:20,Uber,online,USD,109.98
e326b46f-495,ACC-85195,2026-08-06 03:17:41,Delta Airlines,in_store,CAD,34.21
63e0f94d-947,ACC-33064,2026-08-06 15:48:15,Shell,in_store,GBP,91.08
ef104a78-674,ACC-38132,2026-08-06 18:22:11,Netflix,online,GBP,105.34
7ac9f93f-015,ACC-10758,2026-08-06 21:38:08,Costco,in_store,GBP,172.01
c66b2138-6f6,ACC-12795,2026-08-06 15:29:52,Walmart,mobile_app,EUR,110.85
269e6c3a-5c0,ACC-19762,2026-08-06 08:37:10,Walmart,mobile_app,CAD,54.02
79dbed51-675,ACC-78687,2026-08-06 00:28:28,Delta Airlines,mobile_app,USD,60.24
997b987f-3e0,ACC-50133,2026-08-06 04:16:20,Uber,in_store,GBP,63.05
83962b5d-25a,ACC-61499,2026-08-06 18:56:35,Netflix,mobile_app,EUR,152.25
7fec7231-30c,ACC-88129,2026-08-06 07:10:59,Best Buy,online,USD,148.93
cdf9c09e-6ca,ACC-17341,2026-08-06 02:57:32,Shell,mobile_app,GBP,71.16
52cb0452-c12,ACC-81591,2026-08-06 08:40:44,Amazon,in_store,EUR,136.28
d20a2e5b-5c1,ACC-54746,2026-08-06 17:47:09,Amazon,in_store,EUR,53.98
5113c37c-4bb,ACC-52176,2026-08-05 23:42:42,Shell,online,USD,9.44
413b3b91-1e9,ACC-50782,2026-08-06 03:37:58,Delta Airlines,online,CAD,74.17
eb1b495a-86b,ACC-37864,2026-08-06 21:34:12,Shell,in_store,CAD,23.16
d6514dce-1c9,ACC-92634,2026-08-06 18:36:58,Starbucks,mobile_app,EUR,38.73
1fbf5e09-975,ACC-35709,2026-08-06 21:46:21,Delta Airlines,in_store,USD,64.07
9e2b51dd-bcb,ACC-66561,2026-08-06 09:51:18,Uber,online,CAD,1.7
af2b106f-b5a,ACC-26773,2026-08-06 13:50:54,Target,in_store,USD,86.75
c4d5ad34-2e0,ACC-82550,2026-08-06 08:41:37,Target,in_store,USD,103.11
961fc3a1-366,ACC-56704,2026-08-06 15:39:17,Netflix,in_store,EUR,68.93
96524fcf-268,ACC-20896,2026-08-06 15:13:15,Amazon,online,CAD,47.77
3c07698d-f0e,ACC-13657,2026-08-06 22:13:27,Shell,mobile_app,EUR,129.45
1f9a8a2e-6bc,ACC-30137,2026-08-06 06:36:38,Shell,in_store,GBP,46.52
2df599c3-3f2,ACC-12133,2026-08-05 23:09:25,Uber,in_store,USD,60.97
9e65480e-bf9,ACC-80466,2026-08-06 12:12:20,Walmart,mobile_app,CAD,101.27
1e6838ab-a30,ACC-15948,2026-08-06 12:19:54,Walmart,in_store,USD,72.49
8e891e41-631,ACC-95426,2026-08-06 02:24:13,Uber,mobile_app,USD,92.62
5e6e8e17-08e,ACC-56291,2026-08-06 14:52:55,Costco,mobile_app,CAD,89.2
d5325f50-f8b,ACC-31208,2026-08-06 20:46:51,Delta Airlines,online,CAD,145.28
941a9259-0d5,ACC-70954,2026-08-06 19:30:42,Amazon,online,GBP,93.87
ddff661f-73b,ACC-64726,2026-08-06 08:25:15,Amazon,mobile_app,GBP,132.59
446f1e94-3d1,ACC-15462,2026-08-06 18:18:51,Walmart,mobile_app,USD,290.63
c749344a-473,ACC-15820,2026-08-06 05:20:39,Walmart,in_store,USD,44.83
6ca72c56-eaf,ACC-97148,2026-08-06 06:06:27,Shell,mobile_app,USD,56.85
abf547ac-ec5,ACC-23880,2026-08-06 21:23:22,Target,online,USD,46.64
be85b6a5-d6f,ACC-26617,2026-08-06 14:53:37,Target,online,EUR,33.9
ab55501e-fd1,ACC-45255,2026-08-06 15:07:31,Uber,online,CAD,53.09
396fc1ed-499,ACC-55535,2026-08-06 19:03:01,Uber,online,USD,61.6
61accc24-34d,ACC-50794,2026-08-06 12:08:20,Walmart,mobile_app,EUR,129.0
7bc39b48-a7c,ACC-81717,2026-08-06 05:36:17,Walmart,online,EUR,26.61
3f98a060-17e,ACC-23079,2026-08-06 14:27:11,Shell,online,GBP,103.34
f744c440-403,ACC-56408,2026-08-06 21:31:18,Shell,online,USD,177.92
3380b7b9-a81,ACC-76255,2026-08-06 01:22:46,Target,mobile_app,EUR,91.48
deaa96e8-19a,ACC-64575,2026-08-06 10:28:36,Target,online,EUR,18.09
c4bddb59-c41,ACC-46491,2026-08-06 19:12:03,Shell,mobile_app,EUR,116.87
8779b7b0-bbe,ACC-37170,2026-08-06 17:58:51,Costco,mobile_app,EUR,140.81
a0173ebc-8bd,ACC-75309,2026-08-06 00:20:53,Amazon,in_store,GBP,108.64
837c11d8-ef1,ACC-57832,2026-08-06 06:18:20,Shell,mobile_app,CAD,148.75
7a32873d-170,ACC-14221,2026-08-05 23:11:42,Walmart,in_store,USD,170.7
f6c9ab3b-cc8,ACC-70319,2026-08-06 01:25:21,Walmart,in_store,USD,49.0
0fe15328-1e0,ACC-42411,2026-08-06 09:47:12,Shell,mobile_app,GBP,187.7
0f3f286c-558,ACC-39068,2026-08-06 15:57:21,Walmart,online,CAD,90.01
34e29ff5-6a5,ACC-63998,2026-08-06 01:31:27,Starbucks,mobile_app,CAD,34.46
41959b85-9c0,ACC-54552,2026-08-06 14:32:42,Netflix,mobile_app,EUR,12.56
6edfad2c-7b6,ACC-79076,2026-08-06 06:36:43,Netflix,online,USD,141.4
bd21a637-133,ACC-24147,2026-08-06 03:33:27,Netflix,online,GBP,57.94
2b3db091-ff6,ACC-16199,2026-08-06 03:33:12,Delta Airlines,online,EUR,76.7
30ce84db-68c,ACC-73962,2026-08-05 23:24:00,Amazon,mobile_app,GBP,109.23
3c821bde-fe0,ACC-94641,2026-08-06 18:12:32,Amazon,online,USD,228.49
a6d0ca6f-ad9,ACC-10322,2026-08-06 20:00:46,Delta Airlines,online,EUR,167.27
b63544ef-c35,ACC-60856,2026-08-06 06:06:14,Shell,in_store,USD,52.0
1c8da7ec-2ac,ACC-34022,2026-08-06 08:14:44,Delta Airlines,in_store,EUR,31.02
05dcb976-7b5,ACC-37827,2026-08-06 00:06:54,Delta Airlines,in_store,CAD,61.04
719d3dd4-19f,ACC-65334,2026-08-05 23:33:32,Target,online,USD,130.96
01bb603e-b59,ACC-98479,2026-08-06 00:44:51,Best Buy,mobile_app,USD,22.08
b96b6fdf-cee,ACC-48891,2026-08-06 02:42:21,Target,online,CAD,124.48
1074645a-ac4,ACC-14254,2026-08-06 05:07:45,Costco,mobile_app,GBP,66.75
116ba396-0f9,ACC-69975,2026-08-06 16:36:08,Starbucks,mobile_app,GBP,143.37
80411cc2-885,ACC-71314,2026-08-06 18:58:25,Shell,online,GBP,93.71
b44b4024-391,ACC-89026,2026-08-06 18:37:09,Uber,online,CAD,45.01
81c1cc28-e54,ACC-10347,2026-08-06 09:12:03,Amazon,in_store,CAD,75.5
cb73db13-f38,ACC-69735,2026-08-06 17:13:38,Netflix,online,CAD,155.75
e0923ad3-7d5,ACC-58610,2026-08-06 13:22:06,Starbucks,in_store,USD,151.78
5212362e-4f5,ACC-25024,2026-08-06 02:21:38,Shell,mobile_app,GBP,122.98
ff66f9d6-c06,ACC-36410,2026-08-06 19:10:22,Walmart,online,USD,50.17
6da191d8-f6c,ACC-27786,2026-08-06 16:41:24,Delta Airlines,online,GBP,199.03
fe613110-a0d,ACC-17873,2026-08-06 04:00:25,Target,online,USD,62.79
21a8412c-aff,ACC-12393,2026-08-06 14:44:54,Starbucks,in_store,GBP,127.6
e8b49832-b7e,ACC-76955,2026-08-06 01:30:24,Uber,online,CAD,9.8
1f9927df-cc1,ACC-64216,2026-08-06 03:18:16,Starbucks,mobile_app,CAD,20.69
4a2d5ff9-cca,ACC-39735,2026-08-06 04:11:01,Shell,in_store,USD,117.22
d2446563-b43,ACC-37837,2026-08-06 13:21:25,Uber,in_store,USD,137.54
4c7f8b50-bab,ACC-66716,2026-08-06 01:46:42,Walmart,online,USD,72.37
71c927f9-912,ACC-51553,2026-08-06 01:50:10,Target,in_store,EUR,66.33
98412a12-ff8,ACC-60432,2026-08-06 09:05:36,Target,online,CAD,7.62
24611cce-506,ACC-45793,2026-08-06 13:36:52,Best Buy,online,USD,24.76
b1f1d7d1-75f,ACC-23368,2026-08-06 07:29:09,Best Buy,online,EUR,130.05
80458a2b-6ca,ACC-79328,2026-08-06 06:20:35,Netflix,in_store,EUR,22.49
398bf843-3b2,ACC-15888,2026-08-06 06:47:13,Netflix,online,EUR,83.9
338a860f-557,ACC-85053,2026-08-06 05:05:17,Netflix,online,GBP,30.11
00627791-bf2,ACC-62373,2026-08-06 08:24:05,Costco,mobile_app,GBP,49.25
e37b9888-5df,ACC-97235,2026-08-06 19:05:33,Netflix,online,CAD,35.26
0156a001-c1b,ACC-87435,2026-08-06 01:00:35,Best Buy,online,CAD,139.46
a458e3d2-268,ACC-44264,2026-08-06 06:55:47,Best Buy,mobile_app,USD,41.79
32fb33d9-f54,ACC-83676,2026-08-06 20:42:45,Target,in_store,CAD,20.87
580ef7de-f76,ACC-59981,2026-08-06 11:54:45,Costco,in_store,USD,319.99
61a0a9c9-181,ACC-27226,2026-08-06 09:15:45,Target,online,CAD,41.74
168571a3-606,ACC-87157,2026-08-06 02:33:49,Starbucks,in_store,USD,70.95
3716f563-d5d,ACC-36370,2026-08-06 07:03:00,Costco,mobile_app,EUR,49.64
1b8dd5b8-254,ACC-48935,2026-08-06 02:01:41,Shell,online,CAD,41.4
73e84f3f-bf0,ACC-93412,2026-08-06 14:43:53,Uber,mobile_app,USD,111.92
aa0fc998-d22,ACC-45278,2026-08-06 02:47:04,Best Buy,online,USD,49.98
e558d7d3-e48,ACC-76918,2026-08-06 06:38:35,Netflix,online,EUR,25.15
9fc5548f-1a1,ACC-38031,2026-08-06 04:56:21,Netflix,in_store,GBP,114.8
c03ae4ea-670,ACC-71473,2026-08-06 08:10:51,Starbucks,online,USD,34.57
8f0657bd-e75,ACC-17839,2026-08-06 00:05:03,Target,online,GBP,42.89
3bf73274-b72,ACC-82565,2026-08-06 08:19:43,Starbucks,in_store,USD,37.51
88e56d3d-2f1,ACC-88363,2026-08-06 16:41:45,Amazon,in_store,USD,129.32
dab6efc3-fda,ACC-77121,2026-08-06 02:34:13,Costco,in_store,EUR,50.86
8c0e12a0-4ac,ACC-55742,2026-08-06 11:45:42,Best Buy,in_store,USD,45.84
41d065d7-eb8,ACC-25071,2026-08-06 04:53:58,Amazon,mobile_app,EUR,88.31
60a76d83-8ab,ACC-29667,2026-08-06 03:06:54,Target,in_store,EUR,120.94
d0a33540-ca7,ACC-86019,2026-08-06 20:17:46,Starbucks,in_store,CAD,32.69
361053f9-ca4,ACC-48156,2026-08-06 03:10:42,Target,mobile_app,GBP,200.85
202e75ce-6b1,ACC-52552,2026-08-06 06:53:06,Target,in_store,EUR,46.2
136c324f-a71,ACC-16382,2026-08-06 02:51:48,Shell,online,CAD,28.91
1755e9f2-21c,ACC-67417,2026-08-06 07:46:07,Costco,mobile_app,USD,73.48
8abd6f22-a7e,ACC-52930,2026-08-06 15:02:24,Uber,mobile_app,CAD,104.11
9d2d9bc4-a02,ACC-14743,2026-08-07 18:24:29,Target,online,CAD,184.17
959b020f-101,ACC-53630,2026-08-07 00:49:48,Starbucks,mobile_app,CAD,68.58
274b36dc-8b9,ACC-77234,2026-08-07 11:51:23,Walmart,online,USD,20.63
a4d9967d-b47,ACC-35650,2026-08-07 03:20:10,Amazon,online,USD,71.19
0db599b0-a85,ACC-64075,2026-08-07 18:33:45,Target,mobile_app,CAD,95.65
ad5a77a0-adb,ACC-18126,2026-08-07 19:32:55,Target,online,USD,47.6
39e05bf8-e00,ACC-60851,2026-08-07 20:52:17,Uber,online,CAD,20.62
c2312e1f-b81,ACC-89352,2026-08-07 10:58:53,Delta Airlines,online,EUR,127.36
508a974e-23b,ACC-63971,2026-08-07 21:08:23,Delta Airlines,in_store,EUR,232.97
d397fc5a-16a,ACC-19654,2026-08-07 05:30:36,Netflix,in_store,GBP,40.8
e6aba61d-d19,ACC-48592,2026-08-07 07:03:41,Amazon,in_store,GBP,191.03
eec55542-632,ACC-88174,2026-08-07 05:50:37,Best Buy,online,EUR,9.17
1e479b78-1fd,ACC-17573,2026-08-07 15:26:29,Starbucks,mobile_app,CAD,207.38
45206882-453,ACC-22893,2026-08-06 23:52:27,Delta Airlines,online,GBP,186.05
dd9d2334-6cf,ACC-57595,2026-08-07 14:15:39,Target,online,GBP,68.04
9135171f-179,ACC-51637,2026-08-07 02:24:44,Amazon,online,USD,7.5
328badd8-210,ACC-83373,2026-08-06 23:13:19,Uber,mobile_app,CAD,75.88
220bc37d-d7c,ACC-98306,2026-08-07 09:10:49,Starbucks,online,EUR,64.46
54da60fc-6ba,ACC-24776,2026-08-07 03:41:31,Delta Airlines,in_store,GBP,97.7
c533b0ea-83d,ACC-27932,2026-08-07 15:49:53,Netflix,mobile_app,USD,142.02
435e3d86-139,ACC-76908,2026-08-07 20:52:37,Amazon,online,USD,71.6
3c323f69-914,ACC-10340,2026-08-07 07:00:21,Netflix,mobile_app,GBP,122.33
17471ad3-ca5,ACC-44152,2026-08-07 08:56:06,Uber,online,CAD,158.92
ec73280e-2bd,ACC-69790,2026-08-07 15:41:31,Best Buy,mobile_app,USD,188.01
757a0122-0ca,ACC-96814,2026-08-07 09:51:25,Amazon,online,GBP,17.57
5eb96e8d-dcc,ACC-95846,2026-08-07 19:19:51,Shell,mobile_app,EUR,86.1
53587f3e-9d3,ACC-95263,2026-08-07 04:25:50,Walmart,in_store,GBP,17.87
365e1828-937,ACC-18597,2026-08-07 21:42:00,Shell,in_store,GBP,89.86
8a0b16f3-f25,ACC-46914,2026-08-06 23:44:04,Starbucks,in_store,GBP,86.62
781a5c09-d05,ACC-87321,2026-08-07 19:01:17,Shell,online,GBP,109.18
03fe9559-94a,ACC-47751,2026-08-07 07:58:10,Shell,in_store,CAD,131.65
2dc0995a-f0a,ACC-97400,2026-08-07 02:45:23,Costco,online,CAD,13.3
808384eb-7de,ACC-92847,2026-08-07 22:35:22,Costco,mobile_app,CAD,134.67
784956e5-da7,ACC-65517,2026-08-07 20:03:22,Best Buy,online,USD,77.77
a6429c1e-148,ACC-77596,2026-08-07 00:55:24,Costco,in_store,CAD,30.73
d6b857fd-169,ACC-27438,2026-08-07 04:34:42,Target,in_store,CAD,64.79
3156ffcf-a55,ACC-72470,2026-08-07 12:26:39,Uber,mobile_app,EUR,35.7
82c8eeb9-b2e,ACC-28088,2026-08-07 03:39:45,Starbucks,online,CAD,132.21
e364cd3d-7e2,ACC-88470,2026-08-07 01:08:42,Costco,in_store,GBP,120.52
caef805a-0c5,ACC-92459,2026-08-07 14:05:07,Costco,online,EUR,156.61
8bb45d1f-1d7,ACC-36826,2026-08-07 19:59:08,Walmart,online,USD,206.82
202942df-9d1,ACC-26925,2026-08-07 05:09:21,Netflix,online,GBP,9.63
92fcace8-944,ACC-93773,2026-08-07 18:05:08,Walmart,mobile_app,USD,32.43
f8a44b97-263,ACC-98911,2026-08-06 23:09:03,Starbucks,in_store,USD,23.14
e4a1d387-730,ACC-89207,2026-08-07 02:29:37,Starbucks,online,EUR,71.08
dcc1b60d-5df,ACC-82900,2026-08-06 22:35:30,Uber,online,CAD,8.31
ad8a4c29-32c,ACC-36834,2026-08-07 15:50:42,Uber,in_store,CAD,85.6
d20c6683-fe8,ACC-12544,2026-08-06 22:49:12,Shell,online,EUR,54.43
0c91fb43-646,ACC-40365,2026-08-07 17:39:39,Netflix,mobile_app,CAD,79.05
e36a8d9f-94d,ACC-66287,2026-08-07 04:25:39,Uber,mobile_app,CAD,11.9
0f4bd9bd-abe,ACC-85993,2026-08-07 20:12:40,Netflix,mobile_app,EUR,112.62
df64c621-0ac,ACC-64871,2026-08-07 08:23:00,Shell,online,USD,39.53
267a5d6a-ea5,ACC-22402,2026-08-06 23:07:30,Target,mobile_app,CAD,84.73
3a9b5f1d-095,ACC-25665,2026-08-07 10:02:07,Costco,in_store,CAD,155.66
147ba059-17e,ACC-55698,2026-08-07 08:15:04,Shell,online,USD,99.04
df92d767-1ae,ACC-53068,2026-08-07 15:29:52,Amazon,online,USD,125.09
fb1be651-3ac,ACC-86169,2026-08-07 13:17:15,Netflix,online,EUR,72.72
841abf57-185,ACC-42612,2026-08-07 16:16:12,Delta Airlines,in_store,CAD,108.75
800019be-448,ACC-19451,2026-08-07 05:13:01,Target,online,GBP,96.55
41a9e210-90b,ACC-47517,2026-08-07 21:18:38,Starbucks,mobile_app,EUR,115.17
076519ee-310,ACC-89024,2026-08-07 21:56:19,Starbucks,in_store,EUR,60.48
a97c8c70-170,ACC-54739,2026-08-07 08:33:57,Best Buy,online,GBP,126.22
6167cb1a-3fb,ACC-49529,2026-08-07 19:16:39,Uber,online,EUR,199.83
28bcd85f-17d,ACC-45814,2026-08-07 19:08:53,Walmart,mobile_app,CAD,33.65
96bf6478-505,ACC-88680,2026-08-06 23:08:54,Netflix,mobile_app,USD,131.9
3294cca0-c2c,ACC-42508,2026-08-07 15:25:46,Starbucks,in_store,EUR,60.75
2e1b4634-b27,ACC-68575,2026-08-07 18:45:12,Amazon,in_store,GBP,54.67
1eb9fe61-a8d,ACC-58651,2026-08-07 13:27:31,Target,mobile_app,USD,58.4
46df6143-a66,ACC-90476,2026-08-07 13:56:34,Starbucks,mobile_app,CAD,81.99
a6739c3c-fa9,ACC-78978,2026-08-06 23:56:49,Costco,mobile_app,CAD,150.37
63b7963d-e67,ACC-12126,2026-08-07 18:28:01,Uber,in_store,CAD,63.65
a32f1f63-bd9,ACC-21957,2026-08-07 14:00:29,Best Buy,in_store,CAD,74.33
519cc754-0dc,ACC-86930,2026-08-07 03:46:52,Delta Airlines,online,EUR,86.21
901abebc-959,ACC-88009,2026-08-07 12:18:30,Delta Airlines,mobile_app,GBP,165.83
c19f41a6-124,ACC-42666,2026-08-07 09:13:52,Target,mobile_app,CAD,60.3
7c3825de-c81,ACC-74518,2026-08-07 00:14:59,Delta Airlines,in_store,USD,99.71
3c76185d-ace,ACC-29719,2026-08-07 16:09:19,Walmart,online,EUR,125.79
65046a1b-d68,ACC-28357,2026-08-07 20:21:43,Uber,mobile_app,GBP,28.52
155d61e5-042,ACC-62768,2026-08-07 03:23:20,Costco,in_store,USD,0.19
43bc84ab-86f,ACC-85510,2026-08-07 14:28:57,Delta Airlines,in_store,EUR,8.03
97463431-308,ACC-77797,2026-08-07 09:25:42,Netflix,online,GBP,14.1
6978da9b-223,ACC-64283,2026-08-07 14:02:51,Amazon,online,EUR,41.96
7cc81bbc-f0d,ACC-12441,2026-08-07 02:59:01,Shell,online,USD,163.57
dc350da5-6f0,ACC-86161,2026-08-07 19:35:30,Amazon,mobile_app,GBP,69.23
547467be-932,ACC-56252,2026-08-07 11:25:54,Best Buy,online,GBP,162.49
3bb59a8a-22f,ACC-73491,2026-08-06 22:50:44,Netflix,mobile_app,GBP,208.64
7049be6e-437,ACC-38841,2026-08-07 00:05:45,Target,in_store,USD,112.73
e0eb9811-76e,ACC-28998,2026-08-07 01:51:32,Starbucks,in_store,USD,80.74
f0cb1dea-dac,ACC-94407,2026-08-07 16:35:31,Netflix,in_store,CAD,193.6
739e4d86-f58,ACC-91518,2026-08-07 00:51:41,Costco,in_store,EUR,116.78
ad331722-d6a,ACC-66164,2026-08-07 19:27:30,Costco,online,CAD,66.44
24cfa0eb-0f8,ACC-77553,2026-08-07 06:11:12,Starbucks,in_store,CAD,116.4
7c55ea1c-303,ACC-66349,2026-08-07 01:50:59,Netflix,online,CAD,17.42
3bd549c8-af4,ACC-93836,2026-08-07 01:39:15,Uber,online,GBP,77.51
46517f98-b64,ACC-70376,2026-08-07 03:45:19,Netflix,mobile_app,USD,48.81
bde7552f-ff6,ACC-46137,2026-08-07 10:10:24,Walmart,mobile_app,CAD,60.75
d20a68b6-c08,ACC-30428,2026-08-07 11:14:13,Target,mobile_app,USD,31.93
814c11ed-df8,ACC-75045,2026-08-07 17:18:50,Delta Airlines,mobile_app,GBP,49.4
38050134-89a,ACC-61419,2026-08-07 20:17:15,Uber,in_store,GBP,140.67
10d29559-db5,ACC-33673,2026-08-07 11:03:43,Netflix,in_store,USD,136.67
6fdf625b-a35,ACC-92590,2026-08-07 09:12:56,Amazon,in_store,EUR,28.95
4ce470e4-294,ACC-13140,2026-08-07 20:37:18,Walmart,online,CAD,23.46
a8d44c1d-0a1,ACC-41787,2026-08-07 17:30:04,Starbucks,mobile_app,USD,41.53
4515fc80-2ff,ACC-98364,2026-08-07 18:21:34,Delta Airlines,online,EUR,107.92
abc42d00-731,ACC-17861,2026-08-07 03:09:48,Amazon,mobile_app,GBP,39.58
c16ca506-e0c,ACC-98204,2026-08-06 22:54:06,Walmart,online,GBP,187.05
30b3be2f-a40,ACC-66571,2026-08-07 18:41:12,Costco,mobile_app,CAD,485.88
a3fa89bc-d68,ACC-63115,2026-08-07 01:43:05,Costco,online,CAD,44.54
6c85672f-01b,ACC-39223,2026-08-07 09:42:52,Target,mobile_app,GBP,173.13
524f82b1-ef8,ACC-20776,2026-08-07 21:56:31,Shell,in_store,USD,138.37
35893b70-9dc,ACC-26124,2026-08-07 07:01:24,Delta Airlines,mobile_app,USD,51.86
2991af85-78c,ACC-32897,2026-08-07 03:49:03,Netflix,in_store,CAD,44.39
f0a0fee2-425,ACC-74208,2026-08-07 14:33:21,Netflix,in_store,USD,7.55
010d8cfa-131,ACC-44369,2026-08-07 12:48:11,Best Buy,online,USD,196.04
65de5903-e86,ACC-63906,2026-08-07 20:29:47,Best Buy,online,EUR,53.26
8ea9cb56-259,ACC-37452,2026-08-06 22:49:22,Uber,in_store,GBP,112.36
dab50477-bea,ACC-89231,2026-08-07 16:49:18,Amazon,mobile_app,CAD,171.24
745f21f3-47e,ACC-46796,2026-08-07 02:13:56,Amazon,online,EUR,80.49
fad3eb03-581,ACC-23440,2026-08-07 16:55:23,Walmart,online,GBP,85.47
1fd8edfc-872,ACC-25691,2026-08-07 07:48:19,Starbucks,online,CAD,35.14
7fc74979-6ee,ACC-35115,2026-08-07 19:46:01,Delta Airlines,in_store,CAD,80.82
103b1c9e-644,ACC-38360,2026-08-07 03:47:19,Costco,online,GBP,15.26
588f5a49-aba,ACC-38829,2026-08-07 04:25:38,Shell,in_store,CAD,36.3
779dcd48-1a1,ACC-65157,2026-08-06 23:48:55,Starbucks,mobile_app,CAD,42.05
dbbc9773-edb,ACC-69465,2026-08-07 14:19:22,Walmart,mobile_app,USD,42.34
25766355-c34,ACC-78500,2026-08-07 20:07:06,Shell,in_store,GBP,144.65
20dc5da4-4f1,ACC-54399,2026-08-07 07:15:31,Netflix,mobile_app,USD,47.66
587ecbbf-b06,ACC-57679,2026-08-07 00:09:38,Target,in_store,GBP,106.64
6cda74de-d94,ACC-60203,2026-08-07 11:33:41,Delta Airlines,in_store,EUR,114.43
9c3300ce-ea2,ACC-91307,2026-08-07 04:59:29,Costco,online,EUR,71.17
48fb510d-6b4,ACC-92446,2026-08-07 00:21:08,Best Buy,mobile_app,EUR,50.83
89349534-c8e,ACC-32901,2026-08-07 22:28:58,Shell,online,USD,249.94
a0982ef4-f1f,ACC-45746,2026-08-06 23:32:04,Delta Airlines,mobile_app,EUR,59.9
eff1eee0-cf0,ACC-99539,2026-08-07 00:25:05,Starbucks,mobile_app,USD,167.27
b8652ea7-047,ACC-69337,2026-08-07 00:40:48,Walmart,mobile_app,USD,98.72
c76ea149-b2e,ACC-67894,2026-08-07 04:24:10,Delta Airlines,in_store,EUR,13.53
fa9ae717-5da,ACC-48158,2026-08-07 08:27:00,Shell,mobile_app,CAD,14.37
749b99a7-c76,ACC-33883,2026-08-07 19:53:12,Starbucks,mobile_app,EUR,38.04
b76b4872-f8a,ACC-48373,2026-08-07 19:18:54,Shell,online,CAD,70.05
faaf3ee6-589,ACC-23827,2026-08-07 09:35:26,Delta Airlines,online,USD,101.92
c99520e4-7a0,ACC-19837,2026-08-07 07:24:28,Starbucks,in_store,EUR,178.17
a1e91c4d-b95,ACC-99901,2026-08-07 06:58:58,Costco,online,GBP,154.11
8b87a269-dd8,ACC-36034,2026-08-07 03:09:08,Shell,in_store,GBP,92.24
2c92e862-7dd,ACC-82600,2026-08-07 16:37:01,Costco,mobile_app,GBP,82.78
0b01448f-f91,ACC-51262,2026-08-07 03:04:23,Best Buy,online,GBP,27.55
0406b290-045,ACC-55167,2026-08-07 16:45:07,Uber,mobile_app,CAD,139.9
23a5d78a-cfd,ACC-68402,2026-08-07 10:27:40,Costco,in_store,GBP,70.79
4462ba58-699,ACC-50308,2026-08-07 11:23:52,Walmart,online,EUR,120.15
55350be6-694,ACC-31385,2026-08-07 07:35:35,Best Buy,online,CAD,146.05
012553bd-24b,ACC-17372,2026-08-07 06:34:05,Netflix,mobile_app,GBP,79.22
cdca2d7e-998,ACC-40520,2026-08-08 17:26:25,Target,mobile_app,CAD,64.85
ff6bf0a7-9e1,ACC-98662,2026-08-08 16:42:27,Shell,in_store,GBP,46.16
7ac84799-ee9,ACC-94920,2026-08-08 00:11:46,Netflix,online,USD,52.43
336cb17a-bc0,ACC-22153,2026-08-08 03:13:35,Netflix,online,CAD,121.24
c9ff31a2-c0b,ACC-39086,2026-08-08 20:53:37,Best Buy,in_store,GBP,22.41
de8b958f-619,ACC-74767,2026-08-08 08:17:01,Uber,online,USD,78.43
9811712f-b87,ACC-96116,2026-08-08 16:39:03,Netflix,online,EUR,26.11
69b480b1-45b,ACC-58193,2026-08-07 23:01:00,Amazon,in_store,CAD,122.19
31929d8e-f0c,ACC-95936,2026-08-08 15:18:42,Costco,mobile_app,USD,218.07
cb6635cb-071,ACC-12751,2026-08-08 14:20:56,Best Buy,online,GBP,223.87
30ac2f6b-ded,ACC-92946,2026-08-08 05:52:57,Delta Airlines,online,CAD,79.26
b52d004c-977,ACC-78124,2026-08-08 19:34:36,Target,mobile_app,GBP,84.39
e799f6d9-9cd,ACC-55765,2026-08-08 12:32:41,Costco,online,GBP,54.82
d5884fcc-b2a,ACC-24897,2026-08-08 04:26:46,Best Buy,mobile_app,GBP,82.45
c5d19bda-053,ACC-42603,2026-08-08 19:49:37,Best Buy,online,USD,136.23
f1dafd8b-fda,ACC-81176,2026-08-08 19:52:11,Best Buy,mobile_app,USD,16.89
2e75d851-e19,ACC-88293,2026-08-08 18:32:38,Walmart,in_store,USD,39.42
95be4aef-91e,ACC-41087,2026-08-07 22:59:59,Target,mobile_app,EUR,103.43
7b5ed3b9-162,ACC-32742,2026-08-08 14:08:58,Target,online,GBP,153.85
046f4033-c00,ACC-17617,2026-08-08 01:44:44,Amazon,mobile_app,EUR,44.24
96dfe237-79f,ACC-48061,2026-08-08 02:57:25,Walmart,online,EUR,118.01
6c497781-0f8,ACC-56393,2026-08-08 05:05:21,Delta Airlines,online,EUR,87.26
02a4314b-c11,ACC-26618,2026-08-08 13:20:07,Amazon,mobile_app,USD,51.34
53dc59a2-2ba,ACC-41333,2026-08-08 17:32:21,Costco,in_store,USD,76.43
b4d0dd11-255,ACC-23458,2026-08-08 06:38:09,Costco,mobile_app,CAD,33.33
f8fd5549-442,ACC-38307,2026-08-08 02:10:49,Best Buy,in_store,USD,34.01
c326925c-fb1,ACC-11482,2026-08-08 14:29:06,Netflix,in_store,GBP,166.67
6c9b152b-237,ACC-38550,2026-08-08 13:46:16,Best Buy,mobile_app,CAD,131.93
86f19ff6-edd,ACC-12573,2026-08-08 12:57:39,Netflix,in_store,GBP,111.15
81231c33-0a0,ACC-62779,2026-08-08 12:33:00,Netflix,in_store,USD,70.81
1272b546-1c4,ACC-54283,2026-08-08 21:47:55,Best Buy,in_store,GBP,50.18
fdcc2b36-aea,ACC-96120,2026-08-08 11:13:31,Target,mobile_app,USD,122.17
48d6377d-d1c,ACC-74054,2026-08-08 11:35:27,Amazon,in_store,CAD,140.15
d1caf093-f8b,ACC-23875,2026-08-08 08:48:49,Costco,mobile_app,CAD,85.65
25ac8233-58f,ACC-39731,2026-08-07 22:41:57,Best Buy,mobile_app,USD,309.05
78425467-eef,ACC-35420,2026-08-08 10:18:06,Best Buy,in_store,USD,167.49
e7b36868-66e,ACC-63962,2026-08-08 21:58:16,Netflix,in_store,GBP,80.94
5b84e636-c68,ACC-28075,2026-08-08 08:34:25,Costco,mobile_app,USD,245.63
a61e6f28-ace,ACC-77355,2026-08-07 23:57:20,Uber,mobile_app,EUR,73.67
ab223ed0-adf,ACC-60396,2026-08-08 09:15:01,Delta Airlines,online,EUR,38.74
d230775e-2f2,ACC-62672,2026-08-08 14:08:40,Target,mobile_app,EUR,32.82
e3c7f595-40e,ACC-69841,2026-08-08 22:20:56,Uber,mobile_app,GBP,94.04
2cb7afc2-94d,ACC-63388,2026-08-08 03:30:04,Costco,in_store,GBP,141.4
a100e3ad-f9e,ACC-43027,2026-08-08 13:06:15,Shell,mobile_app,CAD,66.15
f0b1e9b1-551,ACC-37897,2026-08-07 23:27:04,Shell,in_store,USD,32.55
208993bf-2d8,ACC-88861,2026-08-08 12:12:17,Costco,online,USD,26.27
85c3a602-b82,ACC-47872,2026-08-08 03:40:02,Shell,mobile_app,GBP,76.77
cff46ec4-335,ACC-97949,2026-08-08 11:11:09,Costco,online,CAD,51.78
f8818ae9-d67,ACC-61945,2026-08-08 15:47:54,Best Buy,online,CAD,34.75
5aa70510-521,ACC-81684,2026-08-07 23:16:05,Walmart,online,USD,80.5
2c13dd3d-eb0,ACC-11953,2026-08-08 05:43:23,Delta Airlines,mobile_app,EUR,275.42
6dcd17d9-a26,ACC-62805,2026-08-08 09:39:54,Shell,online,USD,117.27
300f3b95-f95,ACC-90980,2026-08-08 21:51:32,Uber,online,GBP,51.02
30a205e3-245,ACC-75595,2026-08-08 13:17:58,Best Buy,online,CAD,191.7
34ac4c2a-556,ACC-78308,2026-08-08 15:08:47,Uber,mobile_app,GBP,76.95
e3fc1049-7d6,ACC-24705,2026-08-08 17:06:08,Best Buy,in_store,EUR,70.89
ce0b9d31-d0e,ACC-44396,2026-08-08 02:19:50,Amazon,mobile_app,CAD,30.4
ba0e728c-fe4,ACC-87099,2026-08-08 19:55:39,Amazon,mobile_app,USD,55.8
54e7c029-a9a,ACC-46089,2026-08-08 13:46:27,Shell,in_store,CAD,57.7
04d50a3c-e2e,ACC-51436,2026-08-08 00:50:43,Walmart,mobile_app,USD,30.7
749e1361-e63,ACC-88248,2026-08-07 22:38:38,Best Buy,mobile_app,USD,27.27
1c612c9c-952,ACC-22189,2026-08-08 01:17:08,Shell,online,EUR,77.97
7a4f7ad3-7da,ACC-81842,2026-08-08 16:54:38,Amazon,online,CAD,88.09
26be73bb-9ab,ACC-95873,2026-08-08 04:32:34,Best Buy,in_store,CAD,112.28
d3cda235-91b,ACC-21528,2026-08-08 07:48:08,Walmart,mobile_app,GBP,141.12
fb4ff389-ea6,ACC-87302,2026-08-08 12:16:15,Uber,mobile_app,GBP,240.91
46d951b0-4d8,ACC-33325,2026-08-08 04:04:18,Starbucks,in_store,EUR,229.83
42a87e24-87e,ACC-25772,2026-08-08 09:43:05,Amazon,in_store,CAD,141.15
4082cb18-5dd,ACC-95018,2026-08-08 08:11:19,Walmart,mobile_app,CAD,217.69
655bceda-41e,ACC-92836,2026-08-08 00:44:36,Shell,online,USD,73.47
1ed38d7b-bef,ACC-43843,2026-08-08 01:28:29,Costco,online,USD,18.79
2ce6bd22-11e,ACC-42536,2026-08-08 15:18:14,Netflix,in_store,USD,26.81
1a0124e9-0a5,ACC-24952,2026-08-08 18:02:50,Amazon,in_store,CAD,52.34
0942053e-36d,ACC-37242,2026-08-08 10:49:23,Starbucks,mobile_app,CAD,221.19
2f365d30-d38,ACC-50087,2026-08-07 22:38:37,Netflix,in_store,USD,80.51
24778fb3-f21,ACC-28924,2026-08-08 21:06:31,Best Buy,online,USD,85.95
fa247927-a3e,ACC-26580,2026-08-08 11:57:25,Uber,in_store,GBP,49.11
9b858331-f41,ACC-93503,2026-08-08 13:47:21,Walmart,in_store,USD,74.22
a773df4e-be6,ACC-46342,2026-08-08 16:21:54,Shell,mobile_app,EUR,43.34
37bbeeb2-9ba,ACC-71050,2026-08-08 02:31:24,Shell,online,USD,38.73
3a5fd53a-1e1,ACC-69920,2026-08-07 23:09:34,Uber,mobile_app,USD,34.44
23533c04-563,ACC-36433,2026-08-08 16:33:12,Uber,in_store,EUR,119.33
5d59d400-9bf,ACC-19353,2026-08-08 15:50:02,Walmart,mobile_app,EUR,148.59
7fe245b2-7f5,ACC-99456,2026-08-08 20:59:28,Costco,online,GBP,67.24
9df0345f-683,ACC-55153,2026-08-08 15:09:04,Best Buy,online,USD,53.27
66eddeba-46e,ACC-21455,2026-08-08 05:48:11,Best Buy,in_store,USD,96.48
61d4a299-01d,ACC-68403,2026-08-08 15:24:45,Best Buy,mobile_app,GBP,45.79
0898d51f-09a,ACC-45105,2026-08-08 00:30:29,Starbucks,in_store,EUR,82.51
9956cf31-dfb,ACC-36046,2026-08-07 23:22:37,Netflix,online,EUR,107.32
85708de7-666,ACC-86606,2026-08-08 18:51:41,Costco,in_store,CAD,51.16
befb380a-463,ACC-90043,2026-08-08 03:20:10,Starbucks,online,CAD,15.98
034d1221-29f,ACC-48179,2026-08-08 09:56:34,Walmart,mobile_app,CAD,80.43
8fc70d1f-e13,ACC-90277,2026-08-08 19:00:36,Delta Airlines,in_store,EUR,118.04
73e0b93e-8aa,ACC-35423,2026-08-08 03:46:58,Target,in_store,USD,212.85
b0a7ca87-a17,ACC-42268,2026-08-08 05:18:44,Delta Airlines,online,GBP,67.1
a31618ac-46c,ACC-98473,2026-08-08 00:00:02,Starbucks,online,CAD,103.48
2e13244a-635,ACC-92823,2026-08-08 13:23:23,Amazon,mobile_app,GBP,76.86
cb5a0ad9-904,ACC-99328,2026-08-08 18:42:32,Walmart,online,CAD,118.1
ada7674a-3cc,ACC-64807,2026-08-08 09:25:37,Walmart,online,CAD,40.8
dc7024fa-a5a,ACC-38105,2026-08-08 10:31:24,Starbucks,online,CAD,132.68
a8c74299-221,ACC-61263,2026-08-08 07:32:39,Shell,in_store,GBP,12.25
94d62699-5ee,ACC-35410,2026-08-08 14:02:08,Costco,in_store,GBP,109.28
c8bad328-b22,ACC-21641,2026-08-08 20:44:44,Starbucks,in_store,EUR,116.57
f13e2329-a01,ACC-94508,2026-08-08 16:53:40,Amazon,online,GBP,45.1
c5cd58f7-36a,ACC-26261,2026-08-08 00:58:36,Best Buy,online,EUR,60.18
93b37f91-803,ACC-71749,2026-08-08 08:39:21,Walmart,in_store,GBP,101.29
7dd601db-80e,ACC-34623,2026-08-08 02:39:44,Netflix,online,GBP,69.91
3b94001c-64a,ACC-87855,2026-08-07 22:40:54,Target,online,CAD,65.62
e6e8fc49-21e,ACC-48737,2026-08-07 23:21:42,Best Buy,online,USD,148.17
b6f4f8bf-202,ACC-73137,2026-08-08 16:49:43,Walmart,online,USD,12.63
699f9160-f2f,ACC-49696,2026-08-08 21:07:25,Walmart,online,USD,104.77
41db4598-0cc,ACC-39653,2026-08-08 07:58:45,Walmart,online,GBP,83.73
ad8c4cc1-3e0,ACC-63052,2026-08-08 11:50:18,Delta Airlines,mobile_app,EUR,237.8
70c6ee9c-225,ACC-69490,2026-08-08 01:29:18,Amazon,in_store,EUR,41.33
860b7d43-50b,ACC-46469,2026-08-08 01:56:57,Best Buy,mobile_app,USD,85.23
6db54b81-2ed,ACC-51840,2026-08-08 17:28:22,Starbucks,mobile_app,USD,29.17
a900c910-0fa,ACC-53838,2026-08-08 22:12:32,Costco,online,EUR,32.08
2efe99cd-50e,ACC-51638,2026-08-08 10:26:44,Walmart,online,CAD,46.97
74062941-437,ACC-96333,2026-08-08 06:49:38,Netflix,in_store,EUR,156.88
dac0573f-dbd,ACC-87449,2026-08-08 16:28:39,Best Buy,online,USD,99.87
57be7bb3-f65,ACC-87333,2026-08-08 19:08:31,Netflix,mobile_app,GBP,149.34
79b0de0a-a33,ACC-34191,2026-08-08 14:16:01,Shell,mobile_app,EUR,58.79
1a62bf4e-d7d,ACC-81541,2026-08-08 20:49:49,Netflix,mobile_app,EUR,136.22
3455658e-de1,ACC-52895,2026-08-08 18:23:54,Walmart,online,EUR,122.93
ec03d0e6-03e,ACC-53545,2026-08-07 23:47:28,Costco,in_store,EUR,74.71
bebf551f-d1e,ACC-59067,2026-08-08 02:07:08,Target,mobile_app,GBP,64.56
0e3c0c55-3de,ACC-19246,2026-08-08 16:11:41,Costco,mobile_app,GBP,112.62
a2fc9d7e-5f2,ACC-30583,2026-08-08 09:09:38,Walmart,online,USD,59.23
8db23285-ac1,ACC-66026,2026-08-08 15:55:05,Starbucks,online,USD,112.58
0d47d275-d42,ACC-81386,2026-08-08 02:51:40,Amazon,mobile_app,USD,120.02
ffb36849-703,ACC-62843,2026-08-08 04:10:36,Costco,mobile_app,GBP,42.07
c9e90ea7-55e,ACC-86208,2026-08-08 00:39:40,Delta Airlines,mobile_app,CAD,152.27
4a2137fd-144,ACC-59721,2026-08-08 21:07:10,Uber,mobile_app,USD,72.82
ad6b2487-b82,ACC-37702,2026-08-08 15:13:15,Best Buy,in_store,USD,146.43
77b852ed-410,ACC-87309,2026-08-08 09:18:28,Shell,online,EUR,217.36
f01294d9-15d,ACC-20526,2026-08-08 18:25:55,Delta Airlines,online,EUR,86.23
bffb4024-35b,ACC-21535,2026-08-08 16:17:18,Amazon,online,EUR,164.88
1aa9225c-a30,ACC-62345,2026-08-08 19:29:02,Netflix,mobile_app,EUR,118.61
03122072-f7e,ACC-83994,2026-08-08 11:17:40,Starbucks,mobile_app,GBP,80.14
a7e855f9-214,ACC-50431,2026-08-08 11:55:22,Walmart,in_store,USD,92.14
25de497c-d99,ACC-59219,2026-08-08 18:35:56,Netflix,mobile_app,GBP,24.19
421e408a-b56,ACC-10086,2026-08-08 17:32:01,Best Buy,mobile_app,EUR,17.52
3089e56f-f46,ACC-99900,2026-08-08 18:34:17,Walmart,online,EUR,178.15
0df60cb1-571,ACC-39978,2026-08-08 09:27:42,Walmart,in_store,EUR,162.02
27ebf080-b19,ACC-93503,2026-08-08 19:32:10,Best Buy,online,GBP,28.83
ca7ca589-3c9,ACC-51934,2026-08-08 08:20:03,Walmart,online,GBP,101.16
c30a57e9-80e,ACC-45120,2026-08-08 08:50:42,Shell,mobile_app,USD,89.28
702d239a-5eb,ACC-55270,2026-08-08 13:20:31,Netflix,mobile_app,GBP,43.14
07837658-d8c,ACC-57028,2026-08-08 04:07:05,Walmart,mobile_app,USD,61.7
8cac3e97-e2b,ACC-15828,2026-08-08 04:01:33,Amazon,in_store,CAD,141.13
c92cad4c-dcf,ACC-51029,2026-08-09 14:37:40,Uber,in_store,USD,32.15
8d7e3423-c1a,ACC-57254,2026-08-09 19:18:49,Shell,in_store,EUR,219.21
ac112c9c-43a,ACC-29384,2026-08-09 15:54:33,Target,online,CAD,26.28
de5e59de-e36,ACC-57181,2026-08-09 14:48:53,Uber,mobile_app,USD,19.65
73a115a2-89e,ACC-11523,2026-08-09 11:41:50,Best Buy,mobile_app,EUR,55.48
f3a75190-a3b,ACC-88150,2026-08-09 09:46:51,Costco,mobile_app,EUR,87.11
6af33a6c-b55,ACC-77583,2026-08-09 22:03:39,Uber,in_store,EUR,15.22
2c076835-384,ACC-51753,2026-08-09 22:30:53,Starbucks,online,GBP,197.55
c862e288-4ec,ACC-42024,2026-08-09 06:27:04,Uber,online,GBP,39.41
580a57a2-280,ACC-39921,2026-08-09 10:27:23,Target,in_store,EUR,55.96
6f72053f-8ea,ACC-80473,2026-08-09 12:43:55,Delta Airlines,in_store,GBP,161.88
d443d813-9c5,ACC-54260,2026-08-09 12:23:54,Starbucks,online,USD,366.07
95d799c3-af7,ACC-97494,2026-08-09 04:43:34,Uber,mobile_app,CAD,167.78
67af3bd6-f1e,ACC-95370,2026-08-09 16:36:24,Amazon,in_store,EUR,133.21
618e7fab-22f,ACC-24010,2026-08-09 09:28:46,Costco,mobile_app,GBP,147.66
d535e763-096,ACC-60269,2026-08-09 00:36:02,Netflix,in_store,CAD,73.52
ecbc5741-939,ACC-32058,2026-08-09 14:18:48,Delta Airlines,online,EUR,14.91
51fcddaa-188,ACC-43865,2026-08-09 02:33:38,Amazon,online,CAD,166.12
f0a3f7f1-cec,ACC-22390,2026-08-09 11:19:27,Best Buy,online,GBP,102.37
57564f20-7ae,ACC-95981,2026-08-09 19:22:48,Starbucks,mobile_app,CAD,40.38
f221dbea-b67,ACC-53003,2026-08-09 05:41:39,Shell,mobile_app,CAD,132.71
3dd092bc-b53,ACC-94431,2026-08-09 11:35:07,Amazon,in_store,EUR,92.62
30b86e66-f9d,ACC-11368,2026-08-09 09:10:12,Shell,mobile_app,CAD,75.41
616b0cbf-45e,ACC-28213,2026-08-09 20:17:35,Shell,in_store,USD,63.74
3494fad3-c89,ACC-48739,2026-08-09 06:13:43,Amazon,in_store,EUR,46.69
b54b405c-1b7,ACC-91905,2026-08-09 00:30:11,Delta Airlines,mobile_app,EUR,42.92
bfa4a5ab-bb1,ACC-86909,2026-08-09 06:33:26,Starbucks,online,CAD,71.87
347e2fc6-db2,ACC-62172,2026-08-09 14:03:17,Target,online,GBP,93.95
2fbf6012-e91,ACC-39683,2026-08-09 11:54:04,Delta Airlines,in_store,USD,58.39
5f68670d-794,ACC-26956,2026-08-08 23:44:42,Costco,mobile_app,EUR,176.35
f5f3aa65-0c3,ACC-68641,2026-08-09 21:22:22,Uber,mobile_app,GBP,69.91
ff9d2451-eeb,ACC-75610,2026-08-09 18:00:39,Starbucks,in_store,GBP,101.67
0a354953-fec,ACC-20532,2026-08-09 02:44:00,Starbucks,in_store,USD,77.75
2a71aaba-f62,ACC-37584,2026-08-09 22:12:52,Uber,mobile_app,USD,228.39
73cfddd8-ade,ACC-43780,2026-08-09 20:19:10,Starbucks,in_store,GBP,36.42
df7a77a3-822,ACC-32164,2026-08-09 13:31:11,Netflix,mobile_app,GBP,57.52
cded4b8a-b49,ACC-79855,2026-08-09 18:17:55,Uber,mobile_app,USD,7.95
d2a1a716-b40,ACC-24137,2026-08-09 09:57:11,Target,mobile_app,CAD,187.52
060ec136-94a,ACC-58874,2026-08-09 19:46:18,Shell,mobile_app,GBP,56.71
5d66bb12-7f1,ACC-67092,2026-08-09 16:31:31,Best Buy,online,GBP,70.86
91cb642e-5a8,ACC-81436,2026-08-09 16:23:42,Walmart,mobile_app,CAD,87.94
0c1ebb80-162,ACC-73799,2026-08-09 16:04:04,Shell,online,GBP,190.67
37a9fd96-eaf,ACC-54644,2026-08-09 21:20:39,Delta Airlines,mobile_app,EUR,79.5
0de0576e-05e,ACC-76729,2026-08-09 13:50:09,Amazon,online,GBP,39.01
d7f906ad-6d9,ACC-60507,2026-08-09 22:10:05,Best Buy,mobile_app,CAD,125.34
5494cb6d-b8d,ACC-94792,2026-08-08 23:13:34,Target,in_store,USD,102.83
c6523669-a3c,ACC-99406,2026-08-09 12:07:22,Target,mobile_app,CAD,85.98
b52a5d7e-7a6,ACC-59363,2026-08-09 16:14:48,Costco,mobile_app,USD,33.95
98cdc72a-658,ACC-64062,2026-08-09 11:27:42,Shell,mobile_app,USD,131.53
a61ff6ad-ece,ACC-20273,2026-08-09 12:14:38,Walmart,in_store,CAD,132.88
770b57d9-a43,ACC-39455,2026-08-09 08:45:34,Best Buy,mobile_app,USD,16.82
51d89740-e0b,ACC-89161,2026-08-09 01:10:54,Walmart,in_store,CAD,175.06
f44bde3b-d5f,ACC-59845,2026-08-08 22:52:46,Costco,online,CAD,87.21
ae62d859-382,ACC-28746,2026-08-09 20:14:04,Costco,in_store,EUR,35.44
683d6d78-f5c,ACC-12690,2026-08-09 10:12:50,Netflix,mobile_app,GBP,41.76
c6fc9437-d5c,ACC-70098,2026-08-09 12:45:40,Walmart,online,CAD,74.83
9d9003fa-de6,ACC-83296,2026-08-09 04:30:03,Starbucks,online,CAD,24.88
d30333c8-fe9,ACC-92300,2026-08-09 15:43:49,Netflix,in_store,GBP,385.52
f67a7d8f-870,ACC-62157,2026-08-09 04:15:56,Best Buy,online,USD,87.69
866fe89a-155,ACC-23262,2026-08-09 02:35:07,Target,in_store,GBP,192.27
160a36e5-b17,ACC-28864,2026-08-09 22:11:06,Walmart,online,EUR,145.08
d38c0766-82f,ACC-81220,2026-08-09 01:42:35,Netflix,in_store,EUR,15.55
99c620a9-748,ACC-52937,2026-08-09 18:49:23,Costco,online,EUR,94.37
6bab5f7e-ea4,ACC-61553,2026-08-09 11:00:10,Best Buy,in_store,CAD,206.8
556b2c90-e02,ACC-63152,2026-08-09 20:44:08,Netflix,mobile_app,EUR,70.11
f352d88c-e6c,ACC-32305,2026-08-09 16:34:36,Costco,in_store,CAD,74.3
30a301ef-8ce,ACC-43720,2026-08-09 05:58:10,Amazon,in_store,EUR,87.19
2d52fe7e-215,ACC-14465,2026-08-08 23:23:20,Uber,mobile_app,EUR,97.2
92feb5f3-821,ACC-16273,2026-08-09 21:28:22,Costco,in_store,EUR,34.61
64e08627-a2e,ACC-32991,2026-08-09 13:46:12,Shell,in_store,GBP,109.65
a20d1362-f3f,ACC-63996,2026-08-09 15:43:48,Amazon,online,EUR,57.32
e8fee606-e01,ACC-88086,2026-08-09 01:31:19,Starbucks,online,EUR,215.79
8530fcf9-4dc,ACC-93196,2026-08-09 20:06:19,Walmart,in_store,CAD,30.44
68784252-7b3,ACC-61085,2026-08-09 15:41:32,Uber,mobile_app,EUR,83.43
dc4108cf-668,ACC-53811,2026-08-09 03:26:49,Amazon,mobile_app,EUR,78.61
8fc65385-a55,ACC-41320,2026-08-09 21:08:48,Best Buy,mobile_app,EUR,58.73
42104ee0-617,ACC-27656,2026-08-09 14:24:30,Amazon,in_store,EUR,112.85
936af16b-c4f,ACC-22736,2026-08-09 03:24:42,Netflix,mobile_app,USD,1.67
ea9bcde7-0b7,ACC-71703,2026-08-09 17:51:31,Costco,in_store,EUR,225.69
106fd6b9-f71,ACC-37049,2026-08-09 02:00:54,Walmart,in_store,GBP,54.91
63c9f958-87b,ACC-66589,2026-08-09 07:18:25,Starbucks,online,GBP,14.03
3a13f358-7e1,ACC-45388,2026-08-09 08:58:04,Delta Airlines,online,USD,206.93
1282154f-f73,ACC-17537,2026-08-09 16:10:55,Best Buy,in_store,GBP,191.3
dfe839d5-ed3,ACC-93960,2026-08-09 15:29:06,Netflix,mobile_app,USD,241.29
8180ec74-af8,ACC-64166,2026-08-09 20:48:44,Costco,mobile_app,EUR,230.83
e65d5321-fc3,ACC-24012,2026-08-09 05:17:45,Target,online,CAD,40.88
5c7937d5-8d3,ACC-88025,2026-08-09 20:02:29,Amazon,in_store,GBP,42.41
67a74f02-8a5,ACC-82788,2026-08-09 01:24:08,Uber,online,EUR,64.59
855c0793-208,ACC-79538,2026-08-09 12:41:47,Costco,online,USD,45.7
91435112-d8c,ACC-73548,2026-08-09 04:33:03,Costco,in_store,EUR,11.01
ea5252bd-bbc,ACC-15815,2026-08-09 13:47:44,Netflix,online,GBP,52.17
2f2306da-883,ACC-91190,2026-08-09 07:11:46,Netflix,online,USD,176.09
9f3f45ac-726,ACC-18290,2026-08-09 19:02:21,Shell,online,GBP,103.73
b650b073-378,ACC-33443,2026-08-09 08:53:20,Costco,mobile_app,GBP,76.16
f3d0eb14-d20,ACC-61872,2026-08-09 09:12:54,Shell,in_store,EUR,30.88
3dddbc5b-fe2,ACC-69900,2026-08-09 19:02:58,Delta Airlines,in_store,USD,22.31
e17c43ca-4d1,ACC-49793,2026-08-09 20:58:05,Delta Airlines,in_store,CAD,145.0
3a5c17c7-75e,ACC-14355,2026-08-09 07:45:36,Target,mobile_app,USD,60.09
30952800-b4c,ACC-41470,2026-08-09 03:27:33,Costco,online,USD,37.88
9ad4919e-0f2,ACC-67753,2026-08-09 02:15:28,Best Buy,online,CAD,118.65
4f0ede94-b32,ACC-85253,2026-08-09 19:09:47,Target,mobile_app,GBP,65.4
f4e4aed9-b3d,ACC-49459,2026-08-09 12:57:59,Walmart,online,EUR,53.63
0e2f3cc6-335,ACC-29978,2026-08-09 07:08:02,Netflix,in_store,GBP,81.13
43b859c8-f84,ACC-45466,2026-08-09 21:42:27,Netflix,online,CAD,22.04
a34fa2fa-c83,ACC-67404,2026-08-09 08:51:17,Target,in_store,EUR,41.62
1cfb9d33-e62,ACC-25789,2026-08-09 04:07:24,Uber,mobile_app,CAD,25.95
ed54db6a-c59,ACC-21079,2026-08-09 19:25:52,Best Buy,in_store,GBP,37.62
232377f4-8d7,ACC-92142,2026-08-09 01:41:42,Uber,in_store,USD,74.08
8d68a3e9-67f,ACC-21177,2026-08-09 13:08:16,Costco,in_store,USD,197.86
3dc31a00-7d0,ACC-87654,2026-08-09 00:08:49,Starbucks,online,GBP,74.8
db670931-f84,ACC-64777,2026-08-09 06:12:55,Best Buy,mobile_app,USD,164.22
b1ee409e-23d,ACC-68812,2026-08-09 17:30:06,Target,in_store,CAD,47.35
03ef03ff-bc1,ACC-44675,2026-08-09 21:24:45,Shell,mobile_app,USD,82.98
2b8e7bef-a44,ACC-77057,2026-08-08 23:02:45,Amazon,online,CAD,57.76
9f98b2d4-0ff,ACC-35102,2026-08-09 00:28:41,Costco,mobile_app,USD,251.64
7f22c364-888,ACC-20721,2026-08-09 18:20:48,Netflix,in_store,USD,19.11
62036b37-d65,ACC-48097,2026-08-09 09:58:29,Amazon,online,USD,110.68
44e0abdc-76f,ACC-23577,2026-08-09 15:46:42,Uber,online,CAD,34.25
d233e048-cf8,ACC-31529,2026-08-09 22:16:01,Walmart,in_store,CAD,76.85
2131ad48-4da,ACC-29543,2026-08-09 08:25:17,Best Buy,in_store,CAD,164.12
eb8fe198-ef8,ACC-25568,2026-08-09 00:29:05,Target,in_store,GBP,42.08
a7c343dd-326,ACC-97670,2026-08-09 11:56:27,Amazon,online,GBP,4.38
3dff1c9b-e45,ACC-58573,2026-08-09 04:11:43,Starbucks,online,GBP,71.03
640b0e27-c7f,ACC-68708,2026-08-09 13:14:57,Amazon,mobile_app,USD,43.13
fedc5773-0b9,ACC-56809,2026-08-09 04:57:37,Amazon,online,GBP,44.55
62598852-d40,ACC-47863,2026-08-09 22:22:23,Starbucks,mobile_app,EUR,10.61
9df16a44-072,ACC-66120,2026-08-09 05:10:38,Amazon,mobile_app,GBP,67.48
f3b07d91-e1b,ACC-71510,2026-08-09 00:35:34,Best Buy,online,CAD,83.58
ac9c1997-76e,ACC-17841,2026-08-09 20:33:51,Starbucks,online,GBP,22.15
690b645f-173,ACC-27598,2026-08-09 14:39:13,Shell,mobile_app,EUR,116.76
46008b16-c39,ACC-27218,2026-08-09 06:41:59,Target,online,EUR,12.99
f444f0dc-604,ACC-65450,2026-08-09 02:08:10,Best Buy,mobile_app,USD,132.82
b9144a52-0ec,ACC-70412,2026-08-09 17:53:16,Delta Airlines,mobile_app,CAD,51.32
c7174d7c-f98,ACC-15988,2026-08-09 11:40:01,Walmart,mobile_app,EUR,127.37
66753ea2-105,ACC-69856,2026-08-08 23:30:42,Walmart,in_store,GBP,35.67
848da0b1-561,ACC-61762,2026-08-09 09:15:11,Best Buy,online,CAD,116.74
3f86b2bf-bc5,ACC-56785,2026-08-09 05:04:08,Uber,in_store,EUR,49.71
a966fa2d-3bc,ACC-91045,2026-08-09 08:57:10,Uber,in_store,CAD,67.34
f3a9da56-26d,ACC-67008,2026-08-09 07:14:43,Starbucks,mobile_app,CAD,32.84
ffae2ae1-a88,ACC-46465,2026-08-09 14:30:05,Costco,online,GBP,159.36
a20683d4-4c3,ACC-85001,2026-08-09 11:16:09,Costco,mobile_app,USD,42.27
8b30a00c-92a,ACC-51240,2026-08-09 07:47:22,Costco,in_store,USD,20.54
31f5eab0-562,ACC-51815,2026-08-09 20:50:59,Uber,in_store,EUR,103.64
efce107e-283,ACC-78337,2026-08-09 05:54:53,Uber,mobile_app,USD,71.1
12e61c40-6a6,ACC-45760,2026-08-09 14:17:21,Shell,online,EUR,373.6
15be963a-5dc,ACC-11286,2026-08-09 20:41:09,Shell,mobile_app,GBP,7.43
4489ab3f-1aa,ACC-52688,2026-08-09 04:42:28,Walmart,mobile_app,CAD,82.88
bcb8a2a0-861,ACC-57197,2026-08-09 02:44:10,Netflix,in_store,GBP,124.49
00afe449-e03,ACC-80876,2026-08-09 01:51:16,Uber,in_store,EUR,28.06
62e30b02-04d,ACC-16028,2026-08-09 07:44:05,Shell,in_store,USD,207.04
91c7b9f7-15c,ACC-54369,2026-08-10 13:01:20,Starbucks,mobile_app,GBP,61.41
ed3dc368-119,ACC-60491,2026-08-10 07:44:05,Amazon,mobile_app,CAD,63.0
a559500f-072,ACC-38770,2026-08-10 04:49:20,Best Buy,in_store,CAD,25.15
bcc67fbf-edb,ACC-51848,2026-08-10 17:55:49,Costco,online,EUR,19.33
48c68b95-88d,ACC-57602,2026-08-10 04:44:19,Netflix,mobile_app,CAD,92.82
d28d8058-e40,ACC-52966,2026-08-10 21:27:32,Target,in_store,CAD,113.51
62819282-fab,ACC-57701,2026-08-09 22:59:36,Delta Airlines,in_store,GBP,17.23
3015f133-903,ACC-76601,2026-08-10 00:02:39,Costco,mobile_app,CAD,146.83
4e7c41fd-12b,ACC-92534,2026-08-10 01:20:36,Starbucks,mobile_app,EUR,13.57
0e983041-ba7,ACC-14264,2026-08-10 06:10:26,Amazon,mobile_app,GBP,110.2
ebae4d63-dc9,ACC-75881,2026-08-10 08:59:00,Costco,mobile_app,USD,21.05
23ede58a-a80,ACC-58464,2026-08-10 21:19:54,Walmart,mobile_app,EUR,8.78
97b20aac-9cb,ACC-59635,2026-08-10 06:01:59,Starbucks,online,EUR,120.88
72166058-75f,ACC-30655,2026-08-10 05:26:11,Amazon,mobile_app,EUR,315.51
a7f6e614-df5,ACC-28790,2026-08-10 01:47:25,Delta Airlines,in_store,GBP,29.97
351ff3d6-0d8,ACC-90729,2026-08-10 18:23:41,Target,online,GBP,12.11
3a40093e-9bf,ACC-54804,2026-08-10 05:03:09,Uber,mobile_app,GBP,43.91
1265c9a1-b46,ACC-64492,2026-08-10 09:37:31,Netflix,online,GBP,41.65
a901cc07-8a9,ACC-58817,2026-08-10 20:30:47,Costco,online,USD,172.57
6773a7c1-004,ACC-16632,2026-08-10 16:26:54,Costco,in_store,EUR,342.92
4eee349e-6ae,ACC-68286,2026-08-10 01:42:00,Amazon,online,USD,102.68
77a20f79-caf,ACC-48536,2026-08-10 00:33:14,Starbucks,online,EUR,87.73
2a3cbf46-197,ACC-68763,2026-08-10 04:33:14,Netflix,in_store,CAD,120.71
0f24804b-9cb,ACC-64422,2026-08-10 02:26:31,Target,online,CAD,33.24
c7f77315-0bd,ACC-79821,2026-08-10 13:34:19,Uber,online,EUR,24.53
a31a9d4a-b74,ACC-40678,2026-08-10 06:14:22,Walmart,in_store,CAD,20.06
3143bab1-509,ACC-43530,2026-08-10 12:06:56,Target,online,EUR,98.79
f6fd5a99-836,ACC-55975,2026-08-10 19:21:39,Walmart,in_store,USD,46.11
0e9538b0-9f9,ACC-17636,2026-08-10 20:10:19,Shell,mobile_app,EUR,99.88
5bd0fef2-3e9,ACC-99074,2026-08-10 10:19:36,Uber,mobile_app,CAD,169.26
5591f4db-c85,ACC-97271,2026-08-10 16:28:13,Costco,online,CAD,12.75
76d52130-a7c,ACC-84225,2026-08-10 15:19:45,Target,in_store,GBP,21.58
085016eb-743,ACC-89487,2026-08-10 11:55:22,Walmart,in_store,CAD,197.48
9be3ac90-51e,ACC-68451,2026-08-10 19:16:54,Netflix,online,GBP,49.74
86c9da02-596,ACC-30804,2026-08-10 05:47:25,Netflix,mobile_app,USD,97.72
da5ef1b7-e42,ACC-60216,2026-08-10 13:26:54,Best Buy,mobile_app,CAD,132.85
492e0f1f-41e,ACC-41310,2026-08-10 07:29:28,Netflix,in_store,GBP,72.02
b9da7711-ab3,ACC-40374,2026-08-10 09:27:23,Starbucks,online,USD,2.64
bccf0c86-d0c,ACC-42734,2026-08-10 05:53:12,Best Buy,in_store,CAD,69.97
1c425eaf-81a,ACC-23059,2026-08-10 06:33:37,Shell,mobile_app,USD,113.21
41f60456-73a,ACC-55139,2026-08-10 14:25:54,Uber,online,USD,92.37
c61b65ed-de7,ACC-12571,2026-08-10 21:50:55,Walmart,online,EUR,37.54
75419985-3b9,ACC-86075,2026-08-10 01:46:03,Delta Airlines,online,USD,66.63
fb1a5d13-cbb,ACC-51804,2026-08-10 04:11:41,Amazon,in_store,EUR,133.41
d913a1b7-537,ACC-90149,2026-08-10 06:14:39,Delta Airlines,mobile_app,GBP,187.31
d19ccf1e-0c8,ACC-86701,2026-08-10 21:48:42,Shell,in_store,EUR,106.21
13805134-991,ACC-68464,2026-08-10 11:30:35,Shell,online,EUR,176.52
df794320-abd,ACC-36425,2026-08-10 08:24:04,Walmart,mobile_app,GBP,80.84
cd8888bc-8ac,ACC-71530,2026-08-10 02:40:56,Costco,in_store,CAD,246.51
e346f2c0-752,ACC-19353,2026-08-10 02:21:19,Amazon,online,GBP,392.76
29d5245a-40a,ACC-55149,2026-08-10 02:44:25,Netflix,in_store,GBP,56.69
f64b89d4-e11,ACC-77113,2026-08-10 12:33:26,Target,online,CAD,35.04
23045d57-d75,ACC-64002,2026-08-10 20:55:53,Starbucks,online,EUR,18.58
d25f4f1a-77b,ACC-56907,2026-08-10 21:47:24,Target,online,CAD,34.77
b827662f-857,ACC-98617,2026-08-10 14:04:48,Starbucks,online,GBP,152.04
451f0638-afa,ACC-41022,2026-08-10 04:23:20,Costco,online,GBP,86.6
bc8f4e00-817,ACC-30342,2026-08-10 09:59:26,Target,online,EUR,220.48
3e542d42-63f,ACC-30765,2026-08-10 04:14:12,Walmart,mobile_app,CAD,17.77
abfce39f-984,ACC-36384,2026-08-10 06:34:58,Best Buy,in_store,EUR,105.33
3831b436-dd6,ACC-50442,2026-08-10 03:10:21,Uber,in_store,GBP,51.68
c67ad6d5-c3d,ACC-73004,2026-08-10 18:50:22,Delta Airlines,mobile_app,GBP,56.11
1d166b7a-4a2,ACC-90321,2026-08-10 10:59:17,Netflix,in_store,GBP,57.68
cd684ab6-fd9,ACC-21629,2026-08-10 02:06:35,Target,mobile_app,USD,17.01
30a33345-05a,ACC-34495,2026-08-10 22:28:43,Costco,mobile_app,USD,61.16
9b95aaf9-d35,ACC-86841,2026-08-10 03:36:22,Delta Airlines,in_store,CAD,17.6
f52527de-6d7,ACC-61828,2026-08-10 18:33:44,Netflix,online,EUR,98.37
0f64eab2-ccb,ACC-24496,2026-08-10 05:27:37,Best Buy,in_store,EUR,80.91
a734fc79-b4a,ACC-47424,2026-08-10 19:06:31,Shell,in_store,CAD,55.94
487b48a2-da8,ACC-22844,2026-08-10 02:59:26,Amazon,in_store,EUR,135.39
7841de72-b91,ACC-28001,2026-08-10 14:45:27,Walmart,online,USD,47.55
946f1368-15b,ACC-93655,2026-08-10 02:50:17,Delta Airlines,in_store,EUR,176.28
43909a2f-d39,ACC-40155,2026-08-10 20:44:17,Starbucks,in_store,EUR,31.85
fc4c2221-39c,ACC-84688,2026-08-10 01:46:48,Starbucks,mobile_app,CAD,107.91
ccbf0db8-237,ACC-66300,2026-08-10 15:39:02,Shell,mobile_app,CAD,68.39
67d8c3d2-23f,ACC-81498,2026-08-10 20:00:41,Target,online,GBP,96.34
2c7e6378-9e6,ACC-95036,2026-08-10 19:18:15,Amazon,mobile_app,EUR,18.62
4feca317-b97,ACC-87721,2026-08-10 21:49:17,Netflix,mobile_app,CAD,151.66
4560ba5c-65d,ACC-29390,2026-08-10 14:38:46,Best Buy,mobile_app,CAD,159.84
0c76726e-fe0,ACC-92710,2026-08-10 01:51:22,Netflix,in_store,GBP,117.32
d3fa7056-8f1,ACC-16715,2026-08-10 13:52:09,Best Buy,in_store,USD,145.97
7d550d8a-eaf,ACC-73056,2026-08-10 04:23:12,Amazon,in_store,EUR,30.05
b11437ba-afb,ACC-78318,2026-08-10 12:57:40,Costco,online,CAD,191.29
42e91e7b-857,ACC-99128,2026-08-10 06:10:06,Costco,mobile_app,CAD,148.71
74999ea6-485,ACC-85855,2026-08-10 07:01:49,Starbucks,in_store,USD,66.28
4707af4b-a81,ACC-78513,2026-08-10 03:58:10,Shell,in_store,USD,97.3
404913f5-05a,ACC-12206,2026-08-10 01:06:26,Walmart,mobile_app,CAD,28.62
5a4bee4d-4ae,ACC-91450,2026-08-10 07:40:58,Delta Airlines,online,CAD,103.96
0ed58d9e-949,ACC-96008,2026-08-10 16:46:02,Shell,online,EUR,41.27
11655c3c-74b,ACC-24437,2026-08-10 12:35:25,Delta Airlines,in_store,USD,81.31
15a12182-ab7,ACC-92299,2026-08-10 11:02:45,Netflix,in_store,CAD,24.21
fe0c6d2e-58c,ACC-70460,2026-08-10 14:22:29,Target,in_store,USD,157.17
3ed75986-f35,ACC-89588,2026-08-10 18:13:08,Starbucks,online,EUR,77.13
09db33d1-b76,ACC-38629,2026-08-10 11:02:24,Shell,mobile_app,GBP,223.14
44e8b831-08a,ACC-57546,2026-08-09 23:57:54,Walmart,mobile_app,USD,128.3
f2244412-b98,ACC-29534,2026-08-10 12:06:30,Costco,mobile_app,USD,146.49
ea0642cc-7ef,ACC-20755,2026-08-10 13:24:58,Target,in_store,CAD,56.38
38102963-38f,ACC-58264,2026-08-10 05:37:12,Delta Airlines,mobile_app,USD,29.22
b67c1249-7e3,ACC-55969,2026-08-10 13:57:11,Costco,in_store,GBP,212.4
1246a229-562,ACC-54593,2026-08-10 09:53:12,Netflix,online,CAD,119.81
097119fe-196,ACC-51210,2026-08-10 01:17:43,Delta Airlines,mobile_app,EUR,45.9
beb05b52-f2b,ACC-90050,2026-08-10 19:06:09,Walmart,online,CAD,176.58
9e4fe262-7fa,ACC-96761,2026-08-10 05:13:25,Walmart,online,CAD,68.16
48a45c2d-624,ACC-67397,2026-08-10 07:07:47,Starbucks,mobile_app,USD,63.62
bbe99f92-600,ACC-81613,2026-08-10 14:46:58,Amazon,online,GBP,102.2
13e1b00f-a0f,ACC-38738,2026-08-10 10:00:52,Best Buy,online,EUR,23.85
8f67104b-7f0,ACC-46603,2026-08-10 19:22:22,Shell,online,USD,37.7
9f2886ca-2e8,ACC-67640,2026-08-10 08:57:40,Amazon,online,GBP,134.91
5eb7c5cb-aae,ACC-65806,2026-08-10 03:34:40,Amazon,in_store,GBP,43.8
288cd00f-a2a,ACC-96573,2026-08-10 09:15:57,Uber,in_store,CAD,109.05
77244bbf-cd1,ACC-76035,2026-08-10 08:05:17,Delta Airlines,online,EUR,65.68
7340a6bd-be3,ACC-97473,2026-08-10 21:23:58,Netflix,online,USD,81.74
8c1c5288-4e5,ACC-12474,2026-08-09 23:04:18,Target,online,GBP,147.65
8b0f951a-439,ACC-78763,2026-08-10 09:26:23,Netflix,mobile_app,EUR,96.21
5ea8ade1-3df,ACC-12889,2026-08-10 12:03:01,Starbucks,mobile_app,USD,17.98
1fb305d3-6c1,ACC-93688,2026-08-10 10:31:03,Target,in_store,EUR,51.44
1c063996-3ea,ACC-13354,2026-08-10 18:37:17,Target,mobile_app,CAD,49.14
1f66d679-768,ACC-66594,2026-08-10 19:51:31,Amazon,online,USD,45.82
6d7c3147-c9e,ACC-59670,2026-08-10 03:13:55,Costco,in_store,EUR,131.1
3b6d31ea-b26,ACC-42190,2026-08-10 11:15:18,Best Buy,in_store,EUR,48.58
e7b6511b-372,ACC-98232,2026-08-10 09:51:54,Costco,in_store,USD,81.73
53fdd701-fd6,ACC-29107,2026-08-10 08:55:16,Costco,online,CAD,90.34
dfdaa4d0-469,ACC-49952,2026-08-10 15:32:43,Best Buy,mobile_app,CAD,36.86
e9d84de0-bdf,ACC-39345,2026-08-10 15:24:06,Costco,online,USD,74.13
5acfe621-b13,ACC-44000,2026-08-10 02:30:46,Netflix,online,CAD,65.99
a63cfbf4-c52,ACC-25393,2026-08-10 18:44:59,Costco,online,USD,238.95
6f061519-bed,ACC-59577,2026-08-10 13:13:10,Uber,online,EUR,145.13
4f28268e-d49,ACC-23855,2026-08-10 06:17:39,Starbucks,mobile_app,CAD,51.88
4b520efe-323,ACC-30902,2026-08-10 18:38:31,Delta Airlines,in_store,USD,185.44
231aa9ad-59f,ACC-40238,2026-08-10 11:03:57,Starbucks,in_store,USD,25.86
f35cda0c-4bc,ACC-25709,2026-08-10 11:34:55,Starbucks,in_store,GBP,147.72
d923cd8b-252,ACC-64397,2026-08-10 04:35:38,Shell,online,EUR,23.26
0725a98b-9f4,ACC-69989,2026-08-10 03:13:27,Delta Airlines,in_store,GBP,121.29
7201c199-93c,ACC-62974,2026-08-10 03:14:29,Walmart,in_store,USD,45.27
0ac446fc-0d6,ACC-76558,2026-08-10 14:04:47,Starbucks,mobile_app,EUR,57.31
dfb910ba-dc6,ACC-57135,2026-08-10 05:31:42,Starbucks,mobile_app,EUR,107.53
ae7ed1c1-70e,ACC-74026,2026-08-10 21:30:13,Delta Airlines,online,EUR,20.49
0158f409-180,ACC-63148,2026-08-10 08:24:55,Shell,online,GBP,90.84
d8d6e275-986,ACC-41212,2026-08-10 14:11:19,Uber,mobile_app,GBP,20.38
5c80c740-33c,ACC-18080,2026-08-10 02:00:56,Netflix,mobile_app,USD,188.2
2ea8d6c8-a7c,ACC-18523,2026-08-10 14:59:42,Walmart,in_store,EUR,43.57
e712a57f-e66,ACC-10116,2026-08-10 11:52:31,Starbucks,online,CAD,5.11
5a7d98a4-b7a,ACC-74558,2026-08-10 10:24:29,Walmart,in_store,GBP,97.28
65d5b432-039,ACC-58996,2026-08-10 09:25:32,Starbucks,online,USD,160.2
71fdd38c-c6a,ACC-18654,2026-08-10 02:04:36,Netflix,in_store,GBP,37.31
a19a1a18-ff3,ACC-30409,2026-08-10 15:19:06,Best Buy,online,USD,170.71
a9ad10b3-483,ACC-85385,2026-08-10 01:31:47,Uber,online,GBP,122.27
731142c0-854,ACC-33758,2026-08-10 20:09:37,Starbucks,in_store,EUR,102.01
365dd6d3-4f8,ACC-94762,2026-08-10 07:11:55,Netflix,in_store,CAD,72.69
1e021fed-f4b,ACC-53166,2026-08-10 15:20:20,Uber,in_store,USD,43.2
7d051244-2fa,ACC-25375,2026-08-10 16:47:24,Best Buy,mobile_app,CAD,91.88
2c77f6bf-6c9,ACC-59086,2026-08-11 12:59:18,Amazon,mobile_app,EUR,56.32
7afbc0e9-c80,ACC-45752,2026-08-11 21:59:44,Starbucks,online,GBP,112.33
de177b4c-53a,ACC-31719,2026-08-11 08:41:30,Best Buy,online,CAD,68.64
a19d1ae7-fc7,ACC-80931,2026-08-11 16:06:53,Shell,online,EUR,46.44
89f0b0f2-6e8,ACC-34499,2026-08-11 04:05:07,Amazon,in_store,GBP,36.28
ea8f8345-f8c,ACC-20558,2026-08-11 06:24:27,Amazon,mobile_app,CAD,77.08
b9a82f24-08f,ACC-82392,2026-08-11 02:58:36,Netflix,mobile_app,CAD,19.87
37621b6a-101,ACC-73103,2026-08-11 12:35:05,Netflix,in_store,EUR,97.41
1087f97f-3e3,ACC-39713,2026-08-11 09:41:13,Delta Airlines,mobile_app,GBP,98.36
6c1cfe91-c1d,ACC-77710,2026-08-11 06:18:14,Shell,in_store,USD,12.31
3ec0965d-74b,ACC-22159,2026-08-11 13:41:55,Walmart,mobile_app,USD,23.16
18cda688-86f,ACC-22151,2026-08-11 10:54:53,Best Buy,mobile_app,CAD,72.56
7b195d8c-63d,ACC-37779,2026-08-11 22:18:42,Walmart,mobile_app,GBP,252.7
77928d33-b87,ACC-50188,2026-08-11 02:14:20,Netflix,in_store,EUR,9.78
2f407fb3-b43,ACC-58529,2026-08-11 00:45:41,Target,in_store,USD,99.09
30cc449b-0f0,ACC-42867,2026-08-11 09:22:46,Target,online,USD,59.17
3d744d52-3c8,ACC-97376,2026-08-11 07:41:43,Starbucks,online,EUR,59.14
446eae1a-1fc,ACC-70490,2026-08-11 07:53:15,Netflix,mobile_app,USD,74.58
d4348ca1-4d6,ACC-59468,2026-08-11 19:27:16,Starbucks,online,CAD,42.4
b1b2c288-a0e,ACC-58528,2026-08-11 10:51:34,Best Buy,in_store,GBP,179.5
a33db227-a2a,ACC-88406,2026-08-11 05:13:39,Costco,in_store,USD,217.87
90ada289-5c5,ACC-88920,2026-08-11 22:18:18,Target,online,USD,58.41
697bb230-ab2,ACC-42683,2026-08-11 10:12:03,Walmart,mobile_app,USD,65.57
d3cdb66a-f99,ACC-29323,2026-08-11 05:08:44,Amazon,mobile_app,CAD,57.94
205fff8f-4e8,ACC-66140,2026-08-11 08:19:15,Target,mobile_app,USD,30.86
b67ef796-ebe,ACC-62488,2026-08-11 12:24:11,Walmart,in_store,USD,212.97
06d4a22b-8a7,ACC-15197,2026-08-11 14:14:14,Costco,mobile_app,EUR,5.77
5484f8fb-191,ACC-99069,2026-08-11 02:03:27,Target,mobile_app,GBP,31.08
bae0fc24-146,ACC-36601,2026-08-10 22:49:12,Costco,mobile_app,GBP,22.43
a42abf62-ce7,ACC-97476,2026-08-11 17:40:22,Amazon,online,EUR,46.56
cc981bd4-f4a,ACC-41307,2026-08-11 13:04:41,Delta Airlines,mobile_app,EUR,124.6
fec8e187-f2d,ACC-75636,2026-08-11 02:37:53,Shell,in_store,USD,101.34
af34f8cd-7d8,ACC-13160,2026-08-11 20:45:55,Netflix,online,USD,132.38
cd4f12f2-114,ACC-47395,2026-08-11 15:34:04,Costco,online,GBP,17.45
ffe4abcc-41b,ACC-46081,2026-08-10 22:56:36,Costco,mobile_app,CAD,35.26
42c0d840-bf4,ACC-41355,2026-08-11 13:06:06,Netflix,mobile_app,USD,13.1
f88b3b14-975,ACC-62729,2026-08-11 06:28:41,Costco,mobile_app,CAD,18.49
9339a806-e95,ACC-92019,2026-08-11 08:49:40,Uber,mobile_app,GBP,137.31
6a7c85a2-b09,ACC-30736,2026-08-11 03:53:44,Amazon,mobile_app,CAD,61.64
14942531-ac5,ACC-89318,2026-08-11 07:56:04,Costco,mobile_app,EUR,45.06
a32f87e2-a47,ACC-13318,2026-08-11 17:40:34,Starbucks,in_store,GBP,40.31
023ba512-5ae,ACC-93626,2026-08-11 03:01:14,Target,mobile_app,CAD,99.05
848c3679-bb3,ACC-22205,2026-08-11 19:27:52,Walmart,in_store,USD,198.52
740a16ae-45d,ACC-92794,2026-08-11 04:24:56,Delta Airlines,in_store,CAD,43.68
f37b553d-6cf,ACC-78255,2026-08-11 20:20:04,Starbucks,mobile_app,USD,68.38
187aadda-fdc,ACC-69666,2026-08-11 14:39:24,Starbucks,in_store,USD,187.24
1e3c2062-cfe,ACC-15336,2026-08-11 01:58:43,Walmart,mobile_app,CAD,78.76
38838c62-e78,ACC-49997,2026-08-11 11:00:21,Target,mobile_app,USD,134.15
2189d60c-51d,ACC-54842,2026-08-11 20:13:59,Shell,mobile_app,CAD,86.28
eeb562eb-8d2,ACC-82282,2026-08-11 17:09:44,Costco,in_store,USD,42.13
db617769-505,ACC-64257,2026-08-11 07:42:31,Amazon,online,USD,44.76
b864430e-2ce,ACC-41889,2026-08-11 07:55:09,Walmart,online,EUR,168.69
c88b3861-260,ACC-72171,2026-08-11 19:05:26,Netflix,online,EUR,107.54
27cdbdc9-7d7,ACC-75997,2026-08-11 10:52:29,Starbucks,mobile_app,USD,73.21
da990c13-e43,ACC-58810,2026-08-11 09:57:10,Target,in_store,USD,71.27
ead702df-ad9,ACC-40575,2026-08-11 00:11:26,Walmart,online,EUR,37.49
83d0fe09-99c,ACC-90009,2026-08-11 19:59:55,Starbucks,online,EUR,60.34
864753ca-841,ACC-12826,2026-08-11 02:22:02,Best Buy,online,EUR,105.47
2e6ca447-c93,ACC-48037,2026-08-11 00:52:43,Best Buy,online,EUR,6.03
42400a8e-d11,ACC-41499,2026-08-11 06:08:26,Amazon,mobile_app,EUR,38.47
696182b6-4c2,ACC-77848,2026-08-11 01:41:17,Starbucks,in_store,USD,47.78
53ec2740-828,ACC-39962,2026-08-11 12:06:49,Starbucks,in_store,GBP,62.14
d29196e3-250,ACC-32903,2026-08-11 20:29:34,Walmart,mobile_app,CAD,135.06
9f401a20-2ff,ACC-47502,2026-08-11 19:16:14,Costco,online,USD,23.49
9c055702-8dc,ACC-47111,2026-08-11 22:18:49,Best Buy,online,CAD,109.02
c41ec54e-14d,ACC-13967,2026-08-11 17:50:42,Starbucks,online,GBP,157.5
74223ad0-fa7,ACC-71467,2026-08-11 02:20:14,Starbucks,in_store,EUR,142.34
3ebfef6d-da9,ACC-42215,2026-08-11 19:35:27,Walmart,mobile_app,USD,83.65
3263140e-889,ACC-78147,2026-08-11 05:12:43,Walmart,in_store,USD,98.11
78906fa1-f59,ACC-36857,2026-08-11 07:05:21,Shell,in_store,EUR,153.9
e7c3bd43-70f,ACC-18907,2026-08-11 05:58:45,Walmart,in_store,USD,69.84
2450ee6f-28f,ACC-74333,2026-08-11 16:28:08,Target,online,GBP,43.47
c23175a7-ccc,ACC-17868,2026-08-11 01:59:11,Walmart,mobile_app,CAD,35.29
2dcddff1-7de,ACC-61377,2026-08-11 21:42:39,Delta Airlines,mobile_app,EUR,37.33
54152a96-a03,ACC-13341,2026-08-11 11:00:19,Walmart,online,CAD,45.72
9d8c6be3-8ab,ACC-47664,2026-08-11 17:10:29,Delta Airlines,mobile_app,GBP,114.58
394a7a19-099,ACC-73666,2026-08-11 05:37:17,Shell,online,CAD,25.9
e1a21500-03f,ACC-89606,2026-08-11 01:36:39,Uber,online,GBP,45.55
27bc2f73-8af,ACC-18285,2026-08-11 09:20:30,Uber,online,CAD,65.91
c027f283-088,ACC-80205,2026-08-11 08:09:57,Best Buy,in_store,EUR,172.31
0ea7785b-794,ACC-53120,2026-08-11 20:52:31,Delta Airlines,online,USD,53.28
12c478de-f68,ACC-35421,2026-08-11 21:10:44,Starbucks,mobile_app,GBP,37.5
02bc230e-666,ACC-26872,2026-08-10 23:03:20,Amazon,in_store,GBP,90.33
229ecc16-8c5,ACC-85510,2026-08-11 16:59:09,Target,in_store,EUR,58.99
39d7c4dc-78d,ACC-44822,2026-08-11 09:37:04,Uber,in_store,EUR,148.88
784624c3-4b5,ACC-78107,2026-08-11 05:48:54,Target,online,EUR,255.29
97c2f3ff-a1f,ACC-73357,2026-08-11 21:18:29,Amazon,online,USD,12.94
e9d5f346-7bc,ACC-12028,2026-08-11 11:02:37,Best Buy,online,EUR,83.19
d9ab172e-ae8,ACC-51747,2026-08-10 23:17:18,Uber,online,GBP,350.2
d81f3a22-f0a,ACC-90932,2026-08-11 06:57:51,Uber,online,USD,65.22
3d8a5acd-381,ACC-61478,2026-08-11 19:07:45,Shell,in_store,USD,38.78
5a9617bf-7df,ACC-56933,2026-08-10 22:43:12,Target,online,USD,17.8
6e4e047b-234,ACC-16389,2026-08-11 04:56:43,Amazon,mobile_app,CAD,92.65
119bc712-444,ACC-35540,2026-08-11 06:51:40,Netflix,in_store,EUR,153.11
b9acfe7b-a73,ACC-19131,2026-08-11 15:21:01,Best Buy,in_store,CAD,127.75
570dba02-8bd,ACC-18818,2026-08-11 14:18:08,Netflix,mobile_app,CAD,31.92
e5c07317-fcf,ACC-13662,2026-08-11 20:55:19,Shell,mobile_app,CAD,90.66
f54a9ea6-89b,ACC-69556,2026-08-11 05:42:17,Target,in_store,EUR,140.16
5267a2b0-55d,ACC-61061,2026-08-11 07:48:31,Uber,online,GBP,121.52
7268205b-77a,ACC-30862,2026-08-11 04:30:04,Costco,online,CAD,39.57
6d276d84-d01,ACC-91514,2026-08-11 00:42:45,Starbucks,in_store,EUR,92.67
c2400105-583,ACC-44273,2026-08-10 22:44:03,Netflix,mobile_app,CAD,91.26
076874f8-39c,ACC-53506,2026-08-11 11:37:10,Shell,in_store,USD,98.73
fd84b4c9-248,ACC-12608,2026-08-11 03:35:58,Netflix,online,USD,70.73
86d53ac5-1fb,ACC-31929,2026-08-11 22:03:21,Uber,online,USD,42.1
40015680-0a0,ACC-32984,2026-08-11 07:56:42,Costco,in_store,EUR,170.83
755a5c8c-09f,ACC-34583,2026-08-11 22:06:48,Walmart,mobile_app,GBP,42.46
22243d52-d53,ACC-97697,2026-08-11 17:45:36,Uber,in_store,GBP,53.0
7e8b20b8-8db,ACC-83191,2026-08-11 21:21:11,Target,online,USD,64.58
7faf0346-ef5,ACC-71764,2026-08-11 12:52:27,Starbucks,online,CAD,9.05
a92a3b69-f0c,ACC-77024,2026-08-11 16:20:01,Costco,in_store,CAD,9.81
de8d4e67-726,ACC-16321,2026-08-11 04:12:47,Amazon,online,USD,20.8
fd4f28b7-475,ACC-48264,2026-08-11 20:24:34,Best Buy,mobile_app,GBP,40.4
b03f1df6-089,ACC-58184,2026-08-11 20:45:06,Delta Airlines,in_store,EUR,115.14
b0d154f2-fc6,ACC-48151,2026-08-11 21:46:12,Walmart,online,GBP,11.96
c3b67f90-07f,ACC-20725,2026-08-11 13:24:18,Amazon,in_store,CAD,144.87
a69bd13c-d1e,ACC-68806,2026-08-11 13:09:41,Netflix,online,GBP,62.51
3a929d76-9ef,ACC-20358,2026-08-11 12:55:14,Shell,online,EUR,33.47
0ed14df1-97c,ACC-36142,2026-08-11 00:04:26,Uber,mobile_app,GBP,202.07
eb85d7a3-cad,ACC-90219,2026-08-11 07:54:21,Best Buy,in_store,GBP,80.65
e80977e8-a04,ACC-52908,2026-08-11 22:26:22,Starbucks,online,USD,118.84
21bc4339-2dc,ACC-36977,2026-08-11 13:22:05,Starbucks,online,GBP,23.56
c5108dbb-cfb,ACC-79955,2026-08-11 19:18:29,Best Buy,mobile_app,USD,6.56
7c44435c-323,ACC-54577,2026-08-11 00:10:28,Walmart,mobile_app,CAD,20.79
eefcd2df-95e,ACC-93318,2026-08-11 21:31:38,Uber,online,CAD,47.89
6f5fd638-e32,ACC-30710,2026-08-11 13:28:25,Costco,online,USD,70.53
b31afb96-e0b,ACC-35791,2026-08-11 14:19:13,Costco,mobile_app,USD,66.28
7b9c263f-d2a,ACC-44030,2026-08-11 05:59:09,Target,mobile_app,USD,13.05
f48eca8a-38d,ACC-95884,2026-08-11 04:45:41,Costco,mobile_app,GBP,45.25
47a0c381-39c,ACC-71163,2026-08-11 19:43:01,Uber,mobile_app,GBP,150.05
8ab3a906-196,ACC-62800,2026-08-11 03:31:35,Shell,in_store,EUR,39.96
28f63498-d26,ACC-84511,2026-08-11 13:28:38,Netflix,in_store,CAD,46.78
a80bb8af-0c1,ACC-48944,2026-08-11 08:42:56,Walmart,in_store,USD,15.92
1829bb88-e97,ACC-19453,2026-08-11 11:33:45,Starbucks,online,GBP,81.97
f0f74976-648,ACC-63274,2026-08-11 01:59:18,Amazon,mobile_app,EUR,171.13
20d602cb-2e2,ACC-32633,2026-08-11 00:35:19,Starbucks,in_store,USD,68.57
fc3ed623-24e,ACC-99654,2026-08-11 04:50:18,Netflix,in_store,GBP,24.3
fddc5480-ea5,ACC-64636,2026-08-10 22:42:16,Shell,mobile_app,CAD,166.79
240a41e6-7e8,ACC-99155,2026-08-11 07:45:58,Best Buy,online,CAD,8.91
2645290f-0ef,ACC-60242,2026-08-11 14:37:13,Best Buy,online,EUR,54.14
fdb3cf0c-820,ACC-87431,2026-08-10 23:32:36,Best Buy,in_store,GBP,72.31
e9e17052-f5a,ACC-58045,2026-08-11 16:46:43,Best Buy,online,GBP,29.83
174b583e-9e3,ACC-59889,2026-08-11 11:13:43,Walmart,in_store,USD,134.59
fa111958-103,ACC-61275,2026-08-11 02:01:16,Starbucks,in_store,CAD,110.84
f87298b4-b58,ACC-86533,2026-08-11 14:48:50,Delta Airlines,mobile_app,USD,25.85
6b0044eb-07f,ACC-49667,2026-08-11 04:20:10,Shell,in_store,USD,140.01
87139c46-723,ACC-48252,2026-08-11 07:44:24,Best Buy,mobile_app,CAD,51.48
d9600282-633,ACC-36242,2026-08-11 17:51:06,Uber,online,GBP,99.88
c046226f-c88,ACC-11852,2026-08-11 06:14:49,Uber,in_store,USD,68.68
dedc7e6b-871,ACC-78433,2026-08-11 21:14:09,Amazon,mobile_app,USD,53.37
da771977-fda,ACC-20520,2026-08-12 06:05:58,Best Buy,online,EUR,38.75
f1d51549-c4a,ACC-98638,2026-08-12 16:39:06,Target,mobile_app,USD,92.82
6de7dbe4-b7d,ACC-68277,2026-08-12 09:26:18,Shell,online,GBP,53.13
5ab1ff70-7b8,ACC-31469,2026-08-12 05:41:50,Costco,online,GBP,47.95
1abf3baf-02b,ACC-14013,2026-08-12 00:00:03,Target,online,USD,87.18
d2dd2184-c23,ACC-14720,2026-08-12 02:17:04,Target,online,GBP,21.53
eead4177-4d6,ACC-16282,2026-08-12 16:02:36,Best Buy,mobile_app,EUR,39.81
91706226-265,ACC-48886,2026-08-12 06:09:24,Uber,mobile_app,USD,194.42
8cdbc77a-410,ACC-42145,2026-08-12 11:42:32,Netflix,mobile_app,USD,119.97
1354521f-ea7,ACC-45781,2026-08-12 03:31:22,Costco,mobile_app,EUR,168.27
c6f4984b-481,ACC-13914,2026-08-12 04:03:35,Shell,online,USD,161.23
dd4f06c3-26b,ACC-43782,2026-08-12 10:47:52,Target,mobile_app,USD,5.82
9cdab260-290,ACC-96480,2026-08-12 20:18:50,Shell,mobile_app,USD,45.19
3eb715ac-d0c,ACC-13967,2026-08-12 12:43:54,Delta Airlines,mobile_app,EUR,103.71
bc3c0093-ad0,ACC-29501,2026-08-12 11:00:44,Starbucks,mobile_app,USD,144.28
b603f4d4-47d,ACC-19569,2026-08-12 19:21:11,Target,in_store,USD,99.15
eaaa0213-e1a,ACC-99127,2026-08-12 11:15:18,Target,mobile_app,EUR,1.83
e5205874-416,ACC-19716,2026-08-12 04:36:18,Netflix,online,EUR,71.65
8e7a9d27-276,ACC-95023,2026-08-12 07:48:19,Shell,in_store,EUR,5.52
ca1c4b28-a80,ACC-88957,2026-08-12 18:50:40,Starbucks,online,EUR,8.05
72b8f1e8-667,ACC-23594,2026-08-12 16:59:02,Amazon,online,USD,39.43
341c9ac6-46b,ACC-72127,2026-08-12 00:09:54,Uber,mobile_app,USD,170.53
53867f68-14b,ACC-41760,2026-08-12 06:06:47,Delta Airlines,mobile_app,GBP,60.5
72bfa29f-7ff,ACC-66481,2026-08-12 17:53:39,Starbucks,in_store,USD,138.57
a8cde0a5-fda,ACC-22727,2026-08-11 22:48:50,Best Buy,online,GBP,113.96
0463601d-50f,ACC-92196,2026-08-12 16:52:47,Delta Airlines,online,USD,41.94
e9ec8158-f42,ACC-42700,2026-08-12 03:14:02,Uber,mobile_app,USD,73.08
9a38986d-4da,ACC-18556,2026-08-12 05:11:56,Costco,online,CAD,64.4
ecb7ce19-392,ACC-57910,2026-08-11 23:15:33,Walmart,mobile_app,GBP,136.23
623f6f1f-c87,ACC-46235,2026-08-12 20:04:19,Walmart,online,USD,56.03
8ebef3de-736,ACC-15365,2026-08-12 10:30:53,Target,mobile_app,CAD,151.91
4f826316-1d2,ACC-81464,2026-08-12 15:26:45,Starbucks,mobile_app,GBP,158.62
248b03b6-3db,ACC-39856,2026-08-12 18:01:08,Costco,in_store,EUR,41.51
e1df0c85-9a3,ACC-53805,2026-08-12 06:48:32,Target,online,USD,50.75
1695d524-637,ACC-78915,2026-08-12 12:34:54,Starbucks,online,EUR,38.36
beeeb544-bf9,ACC-50958,2026-08-12 22:01:08,Delta Airlines,in_store,GBP,45.04
0b015079-b82,ACC-12227,2026-08-12 06:40:58,Netflix,online,USD,29.88
07564d03-72c,ACC-94860,2026-08-11 23:40:29,Walmart,online,CAD,131.33
291a0ec6-cf8,ACC-51019,2026-08-12 10:50:45,Starbucks,online,CAD,164.47
f9a3e860-373,ACC-46004,2026-08-12 03:11:12,Shell,in_store,USD,70.59
e935c410-b85,ACC-81615,2026-08-12 07:58:09,Starbucks,online,CAD,134.68
7e3d953d-446,ACC-33735,2026-08-12 13:49:17,Uber,mobile_app,EUR,66.13
28ebb153-4a7,ACC-45537,2026-08-12 15:40:04,Best Buy,in_store,CAD,39.22
04172c73-cb5,ACC-29201,2026-08-12 01:40:26,Uber,online,CAD,160.38
bf7f191a-0e9,ACC-18405,2026-08-12 14:44:33,Amazon,in_store,EUR,34.49
c0748f8c-c43,ACC-57809,2026-08-12 19:18:17,Starbucks,mobile_app,GBP,12.53
1d186fe3-1c5,ACC-23487,2026-08-12 05:58:14,Amazon,mobile_app,EUR,2.61
2ce8b489-8da,ACC-69053,2026-08-12 08:41:59,Walmart,online,CAD,57.18
da4b612d-f7a,ACC-89490,2026-08-12 08:14:25,Target,online,GBP,42.69
c6792f7a-c9f,ACC-90646,2026-08-12 09:53:51,Amazon,in_store,CAD,93.65
a87568cd-716,ACC-35985,2026-08-12 17:39:18,Uber,online,CAD,55.69
f611c07a-411,ACC-44819,2026-08-12 08:37:23,Amazon,online,CAD,186.34
65441fca-8bd,ACC-92777,2026-08-12 08:26:36,Target,mobile_app,CAD,117.32
b8d599e6-25f,ACC-83362,2026-08-12 06:02:53,Amazon,online,EUR,94.61
f8762a19-c5b,ACC-61427,2026-08-12 07:20:19,Starbucks,in_store,USD,13.94
0ceeef74-6f7,ACC-48617,2026-08-12 10:59:56,Costco,in_store,USD,279.46
fcd72bb4-b64,ACC-84504,2026-08-12 07:17:18,Walmart,mobile_app,USD,86.18
fe324a9f-25b,ACC-79847,2026-08-12 01:36:37,Best Buy,mobile_app,GBP,37.67
e588c4f2-acc,ACC-75484,2026-08-12 10:30:26,Amazon,in_store,GBP,141.03
81b9da84-1bf,ACC-24464,2026-08-11 22:35:52,Uber,online,EUR,97.03
908c3f29-ebf,ACC-78894,2026-08-12 05:41:06,Shell,in_store,EUR,44.71
044c87e0-12c,ACC-38113,2026-08-12 06:44:44,Starbucks,online,GBP,42.42
a22ddc32-e4a,ACC-21235,2026-08-12 09:47:10,Amazon,mobile_app,USD,44.91
f7e5b98f-97a,ACC-14534,2026-08-12 14:29:56,Uber,mobile_app,GBP,98.4
cb8551fe-bf8,ACC-69812,2026-08-12 19:04:10,Delta Airlines,in_store,EUR,81.34
a4b310ed-2e6,ACC-36982,2026-08-12 19:08:12,Target,mobile_app,GBP,64.08
47792e66-ffd,ACC-33174,2026-08-12 03:12:10,Shell,in_store,CAD,71.07
4516f2be-a80,ACC-28222,2026-08-12 14:37:54,Netflix,in_store,USD,159.26
f8c93327-7bc,ACC-26943,2026-08-12 02:54:25,Delta Airlines,in_store,EUR,104.17
0c373872-2f3,ACC-72987,2026-08-12 03:25:03,Amazon,mobile_app,CAD,29.3
62f59f01-1dc,ACC-27918,2026-08-12 11:11:13,Best Buy,mobile_app,USD,93.21
22cfbee8-8f8,ACC-21584,2026-08-12 20:34:31,Target,mobile_app,CAD,16.74
a632ab81-4c1,ACC-93604,2026-08-12 06:22:43,Best Buy,mobile_app,USD,31.58
a8679bd0-947,ACC-81027,2026-08-11 23:39:51,Uber,in_store,USD,19.75
a6b9069e-f2a,ACC-10115,2026-08-12 05:12:59,Costco,online,GBP,117.39
71b27655-893,ACC-62347,2026-08-12 06:20:53,Target,online,USD,185.47
837abd24-bf7,ACC-10695,2026-08-12 18:11:49,Delta Airlines,online,USD,69.43
2f063304-499,ACC-39677,2026-08-12 05:46:25,Best Buy,in_store,USD,128.73
9b100f41-98a,ACC-15167,2026-08-12 09:01:21,Amazon,online,USD,78.25
062cb55d-fe7,ACC-84640,2026-08-12 16:46:31,Walmart,in_store,GBP,99.46
1aca2cb7-cfa,ACC-61617,2026-08-12 22:03:46,Delta Airlines,online,USD,229.79
e332308e-6bd,ACC-21318,2026-08-12 18:49:47,Target,online,CAD,112.89
7a9676d8-c11,ACC-37738,2026-08-12 07:44:58,Shell,mobile_app,USD,96.87
41380360-14b,ACC-30650,2026-08-12 07:00:33,Target,online,CAD,128.38
6cfd9b89-42f,ACC-42912,2026-08-12 22:05:01,Netflix,mobile_app,EUR,131.05
291e6793-3c9,ACC-13673,2026-08-12 08:50:19,Netflix,mobile_app,CAD,212.74
db13abfb-479,ACC-56055,2026-08-12 07:54:49,Shell,mobile_app,CAD,14.14
c0f82064-108,ACC-56247,2026-08-12 17:36:42,Uber,mobile_app,CAD,42.36
90a0e861-b56,ACC-82481,2026-08-12 01:05:39,Shell,in_store,EUR,177.55
81efd2e1-79f,ACC-72408,2026-08-12 11:40:19,Amazon,online,GBP,53.42
2c8437da-17e,ACC-99478,2026-08-12 21:51:08,Walmart,online,GBP,25.5
1b98eba8-d8d,ACC-46965,2026-08-12 01:01:05,Walmart,mobile_app,USD,76.99
39326f72-968,ACC-12411,2026-08-12 01:26:37,Target,in_store,GBP,193.91
66c63920-df0,ACC-84585,2026-08-12 17:29:40,Costco,online,CAD,25.02
523060e6-2c1,ACC-17701,2026-08-12 12:20:30,Starbucks,in_store,EUR,121.08
99658812-f7d,ACC-66396,2026-08-12 21:09:30,Shell,in_store,GBP,48.41
1cab3dbf-a8d,ACC-74196,2026-08-12 00:34:16,Amazon,in_store,EUR,122.71
ad34cfce-0d2,ACC-32705,2026-08-12 19:39:45,Target,mobile_app,CAD,58.85
53ae58fb-e83,ACC-94690,2026-08-11 23:52:27,Best Buy,in_store,GBP,62.92
5911cc73-3b2,ACC-64915,2026-08-12 20:47:57,Shell,online,EUR,105.31
4033c84d-6f9,ACC-34517,2026-08-12 02:04:55,Starbucks,in_store,EUR,157.52
d654702e-00a,ACC-31073,2026-08-12 13:37:10,Netflix,mobile_app,CAD,92.35
f374041c-225,ACC-59339,2026-08-12 13:56:27,Delta Airlines,online,USD,80.87
0f82ebe5-c5b,ACC-14001,2026-08-12 15:00:42,Uber,in_store,CAD,60.86
6a18e3d5-d28,ACC-90119,2026-08-12 03:58:14,Walmart,mobile_app,EUR,94.27
fafe5bac-4ce,ACC-67610,2026-08-12 04:24:30,Costco,mobile_app,CAD,115.81
38bc3c80-42a,ACC-45682,2026-08-12 09:51:35,Netflix,mobile_app,CAD,108.25
efd4e32d-6c6,ACC-68349,2026-08-12 04:36:35,Walmart,mobile_app,GBP,83.95
bc4464fb-d7e,ACC-74268,2026-08-12 05:01:17,Shell,online,USD,39.69
d1636b8d-e2d,ACC-51613,2026-08-12 10:00:59,Shell,in_store,USD,52.5
89dd6224-f9e,ACC-45483,2026-08-12 04:43:52,Best Buy,online,EUR,74.51
c54b4e5c-49e,ACC-53393,2026-08-12 11:24:31,Amazon,online,USD,35.68
5022158e-842,ACC-24916,2026-08-12 22:32:04,Starbucks,online,GBP,78.1
5abfdbdc-082,ACC-72427,2026-08-12 17:26:36,Delta Airlines,mobile_app,CAD,14.27
9909a017-21f,ACC-56709,2026-08-12 10:46:20,Starbucks,mobile_app,CAD,81.83
d7a79fd4-9ed,ACC-66410,2026-08-12 15:15:17,Amazon,mobile_app,USD,58.44
4bebaf93-caf,ACC-16676,2026-08-12 10:10:13,Netflix,in_store,USD,194.33
09dbf515-6ee,ACC-67165,2026-08-12 18:31:14,Best Buy,online,USD,34.35
b7301458-b34,ACC-99805,2026-08-12 08:28:40,Amazon,online,CAD,51.39
b89f5762-066,ACC-70519,2026-08-12 21:14:26,Delta Airlines,online,CAD,59.61
c6bd47f7-f39,ACC-91239,2026-08-12 20:27:28,Costco,mobile_app,CAD,112.12
b50cdd84-01d,ACC-75606,2026-08-12 08:48:56,Delta Airlines,mobile_app,CAD,30.99
050c35b3-1a4,ACC-49171,2026-08-12 08:06:21,Target,in_store,USD,141.69
f90f7a13-554,ACC-87578,2026-08-12 05:17:44,Walmart,in_store,GBP,36.74
6e2fa150-ebd,ACC-51537,2026-08-12 13:39:21,Best Buy,online,EUR,68.86
eb4e0b67-64d,ACC-53382,2026-08-12 06:55:49,Amazon,online,USD,40.7
5a24e130-a7b,ACC-33734,2026-08-12 12:44:49,Amazon,online,EUR,41.35
387b1575-ed7,ACC-19468,2026-08-12 12:15:56,Costco,in_store,GBP,51.74
b10714a7-6bf,ACC-50134,2026-08-12 17:08:38,Netflix,online,USD,78.39
ba4363e8-b60,ACC-27577,2026-08-12 08:56:25,Best Buy,mobile_app,USD,18.32
e42bda9b-b00,ACC-46448,2026-08-12 14:24:36,Costco,online,CAD,211.13
e996a5b5-03b,ACC-36789,2026-08-12 19:47:10,Costco,mobile_app,GBP,75.66
1ccbcc21-a2a,ACC-71259,2026-08-12 04:34:20,Shell,in_store,CAD,362.61
c7b2d02f-fd5,ACC-45951,2026-08-12 08:45:35,Uber,online,USD,14.06
19ad55be-bdd,ACC-87281,2026-08-12 10:30:52,Netflix,mobile_app,USD,268.68
91e96109-d5d,ACC-91666,2026-08-12 05:51:24,Target,in_store,EUR,163.92
49001517-7d3,ACC-35141,2026-08-12 11:42:50,Walmart,online,CAD,119.15
ab43bb06-563,ACC-65032,2026-08-12 06:09:35,Uber,online,GBP,76.74
a8d27ee4-1fe,ACC-97899,2026-08-12 12:52:50,Target,mobile_app,EUR,53.9
da35ff7a-50f,ACC-51119,2026-08-12 00:59:37,Starbucks,online,USD,125.08
5d413159-e60,ACC-39068,2026-08-12 10:24:44,Costco,mobile_app,EUR,620.66
df6bfad5-976,ACC-81020,2026-08-12 04:47:51,Uber,online,CAD,120.91
42f6c6a8-a11,ACC-79214,2026-08-12 21:47:37,Walmart,online,USD,150.95
9b75afa5-88e,ACC-98069,2026-08-12 22:13:27,Uber,in_store,CAD,115.53
6e86ba4c-f3a,ACC-88729,2026-08-12 03:48:46,Shell,online,EUR,75.4
131c2959-837,ACC-13763,2026-08-12 00:38:54,Target,in_store,EUR,88.04
3db2a4e0-793,ACC-77398,2026-08-12 06:54:53,Netflix,in_store,USD,90.2
635d84d7-780,ACC-80084,2026-08-12 20:47:09,Amazon,online,GBP,107.68
6c34729b-f13,ACC-65633,2026-08-12 13:57:30,Walmart,online,EUR,78.14
47eb0097-398,ACC-92035,2026-08-12 02:15:08,Best Buy,in_store,GBP,16.01
32833a38-5f2,ACC-31826,2026-08-13 03:59:44,Costco,mobile_app,CAD,45.31
fa61912f-20e,ACC-89936,2026-08-13 05:41:15,Amazon,mobile_app,EUR,126.6
409f9384-741,ACC-19157,2026-08-13 19:16:50,Delta Airlines,mobile_app,CAD,77.05
51106676-b2f,ACC-64736,2026-08-13 08:38:27,Netflix,in_store,EUR,60.99
2ba26545-e9a,ACC-78203,2026-08-13 15:09:13,Amazon,in_store,USD,133.64
489e3c7c-0bd,ACC-83534,2026-08-13 01:20:33,Walmart,mobile_app,CAD,34.65
8f4f73cc-c5a,ACC-32103,2026-08-12 23:47:11,Walmart,online,CAD,61.95
127c9dd2-3b5,ACC-42810,2026-08-13 21:23:00,Target,in_store,GBP,40.27
ce3a7e00-372,ACC-87052,2026-08-13 09:57:49,Uber,online,GBP,108.7
4b8c85ec-33e,ACC-90097,2026-08-13 08:33:00,Best Buy,in_store,GBP,116.53
22a50229-d61,ACC-44450,2026-08-13 11:25:44,Delta Airlines,mobile_app,USD,29.29
d2b469ce-89f,ACC-63861,2026-08-13 16:06:50,Best Buy,in_store,USD,227.18
153ec781-d9a,ACC-85893,2026-08-13 13:41:57,Starbucks,online,EUR,112.6
dcd1448b-470,ACC-15349,2026-08-13 08:55:01,Uber,in_store,EUR,76.27
d3a6826d-66d,ACC-18597,2026-08-13 15:38:39,Target,mobile_app,CAD,71.65
33606945-3dc,ACC-67076,2026-08-13 05:43:47,Starbucks,mobile_app,CAD,96.92
e6e89e32-e73,ACC-83320,2026-08-13 12:57:36,Starbucks,in_store,GBP,111.59
6c4d1cac-735,ACC-69463,2026-08-13 11:20:12,Shell,in_store,GBP,31.73
21ee19c7-eae,ACC-22928,2026-08-13 00:10:42,Netflix,mobile_app,EUR,106.46
b8caabd0-47d,ACC-25293,2026-08-13 05:41:40,Delta Airlines,in_store,GBP,18.15
82d6d994-150,ACC-51427,2026-08-13 12:02:42,Best Buy,in_store,CAD,54.49
1102983e-29d,ACC-26329,2026-08-13 13:30:08,Delta Airlines,mobile_app,CAD,57.44
cb18d822-5a7,ACC-94229,2026-08-13 03:03:17,Amazon,online,CAD,18.35
625a6e5d-397,ACC-13778,2026-08-13 11:47:18,Walmart,online,CAD,138.82
1cdc0945-25e,ACC-20368,2026-08-13 13:00:33,Netflix,online,CAD,30.09
0829f23d-4be,ACC-61823,2026-08-13 11:51:00,Shell,in_store,GBP,113.58
f58dabd7-553,ACC-79070,2026-08-13 19:39:12,Shell,online,USD,92.83
e1f8c0ab-3b4,ACC-18564,2026-08-13 13:45:44,Amazon,in_store,EUR,58.74
315542cb-deb,ACC-73416,2026-08-13 01:54:33,Walmart,in_store,CAD,67.16
26c56ee2-51a,ACC-63807,2026-08-13 01:44:13,Starbucks,in_store,EUR,32.42
43290af0-0f9,ACC-12688,2026-08-13 16:49:23,Costco,mobile_app,CAD,49.67
53a960f5-6b8,ACC-75956,2026-08-13 02:24:10,Netflix,mobile_app,USD,15.26
601258d0-149,ACC-23238,2026-08-13 01:21:28,Delta Airlines,online,CAD,103.06
735971f6-b0a,ACC-18464,2026-08-13 05:13:53,Best Buy,in_store,GBP,9.22
7d9f7d3f-82f,ACC-41688,2026-08-13 07:46:06,Shell,in_store,CAD,122.87
14469e77-92b,ACC-49736,2026-08-13 07:46:44,Starbucks,online,USD,32.81
99fa3e0c-699,ACC-72309,2026-08-13 11:23:39,Amazon,online,USD,116.09
dd21bf75-18a,ACC-89975,2026-08-13 18:09:27,Netflix,online,USD,38.38
074eaa95-7e7,ACC-18794,2026-08-13 04:03:05,Target,in_store,EUR,52.71
5513b755-e94,ACC-18962,2026-08-13 18:50:14,Netflix,online,CAD,114.51
ee0186cc-c06,ACC-62230,2026-08-13 22:29:09,Delta Airlines,mobile_app,CAD,32.48
916074ec-8fb,ACC-79090,2026-08-13 19:51:36,Amazon,online,CAD,40.13
4c2bf15c-f69,ACC-66039,2026-08-13 00:06:42,Delta Airlines,mobile_app,GBP,53.52
5347f8ee-db5,ACC-63586,2026-08-13 00:55:02,Costco,online,GBP,12.01
4476e8ab-eba,ACC-99899,2026-08-13 07:43:10,Shell,in_store,USD,126.43
42078318-044,ACC-49021,2026-08-13 20:05:30,Starbucks,in_store,CAD,21.33
ad35dbea-bbc,ACC-92883,2026-08-13 10:24:58,Starbucks,online,EUR,139.53
d2966f9e-92b,ACC-75362,2026-08-13 15:33:02,Amazon,in_store,EUR,7.57
09c25f79-a19,ACC-98933,2026-08-13 22:26:57,Costco,in_store,CAD,64.85
ca99bd47-4df,ACC-76954,2026-08-13 20:42:03,Amazon,mobile_app,USD,162.12
56c15ccf-8ca,ACC-70168,2026-08-13 09:17:41,Uber,online,CAD,44.38
0a883b0d-dd8,ACC-46326,2026-08-13 17:35:52,Amazon,in_store,USD,99.67
9944ea6e-d99,ACC-88700,2026-08-13 00:11:27,Netflix,in_store,EUR,108.98
b437dbe7-9ad,ACC-60256,2026-08-13 10:51:15,Shell,mobile_app,EUR,113.56
042c887f-785,ACC-25756,2026-08-13 15:52:42,Amazon,in_store,EUR,143.1
06afba2e-198,ACC-23406,2026-08-13 16:45:49,Amazon,mobile_app,GBP,75.05
b59a60eb-34a,ACC-68041,2026-08-13 12:16:35,Walmart,mobile_app,CAD,145.12
d61a8351-95f,ACC-21956,2026-08-13 08:27:45,Starbucks,online,CAD,128.91
42c0011b-9b7,ACC-76250,2026-08-13 22:14:22,Netflix,mobile_app,EUR,137.55
c44ebc31-c95,ACC-51429,2026-08-13 19:53:11,Costco,online,EUR,100.99
77717684-fb8,ACC-46414,2026-08-13 00:52:17,Uber,in_store,CAD,14.39
cd50fefe-5e5,ACC-63024,2026-08-13 22:00:07,Walmart,online,CAD,26.44
0645b5b5-788,ACC-26484,2026-08-13 16:08:21,Shell,mobile_app,EUR,40.43
199f1144-db3,ACC-10884,2026-08-13 21:23:07,Starbucks,in_store,EUR,59.31
a63b3c9a-256,ACC-42858,2026-08-13 03:38:03,Netflix,mobile_app,CAD,27.86
c5289cc1-932,ACC-92494,2026-08-13 21:33:27,Costco,online,USD,284.57
cbd2dd77-8c2,ACC-39561,2026-08-13 15:55:20,Shell,online,CAD,58.58
3bb13c79-c1b,ACC-79588,2026-08-13 16:57:02,Uber,mobile_app,EUR,36.36
4129d380-79b,ACC-18857,2026-08-13 11:57:14,Costco,in_store,CAD,98.94
034bfabe-f51,ACC-35715,2026-08-13 10:08:15,Netflix,mobile_app,USD,103.21
ed22b4db-146,ACC-48026,2026-08-13 12:42:13,Costco,mobile_app,EUR,118.71
9bd0ee8b-c9a,ACC-39275,2026-08-13 12:00:13,Uber,online,GBP,71.2
2a0bbd64-b42,ACC-74815,2026-08-13 02:13:49,Uber,mobile_app,GBP,49.98
ac1df00f-874,ACC-28567,2026-08-13 03:55:28,Best Buy,in_store,EUR,108.39
fac8d2b6-9ea,ACC-40642,2026-08-13 10:09:30,Walmart,in_store,GBP,28.69
93e333e4-912,ACC-91198,2026-08-13 07:45:28,Amazon,mobile_app,CAD,155.89
040b9cc1-32c,ACC-23008,2026-08-13 11:54:01,Shell,online,GBP,104.4
e48cb4c3-ea0,ACC-10939,2026-08-13 00:30:31,Walmart,online,GBP,55.23
2f747987-e3c,ACC-73363,2026-08-13 21:07:08,Best Buy,mobile_app,CAD,175.93
b2922f8e-1ec,ACC-10741,2026-08-13 19:40:38,Uber,in_store,USD,2.63
a1a3c6bb-a75,ACC-34231,2026-08-13 05:01:07,Starbucks,mobile_app,GBP,50.48
aff81b7e-c09,ACC-96533,2026-08-13 04:26:31,Best Buy,online,CAD,25.13
373b022e-cb5,ACC-21442,2026-08-12 23:48:12,Shell,online,GBP,133.25
b87ff514-1ba,ACC-89530,2026-08-13 17:58:29,Netflix,in_store,EUR,117.46
04a14900-54c,ACC-17403,2026-08-13 10:48:24,Netflix,online,GBP,36.48
278b1d61-62d,ACC-91722,2026-08-13 02:57:42,Starbucks,mobile_app,EUR,96.49
6e0648e0-ae3,ACC-40882,2026-08-13 16:17:38,Delta Airlines,mobile_app,EUR,67.68
3cf10fcf-328,ACC-27635,2026-08-13 05:01:37,Starbucks,online,CAD,130.62
cb625cb7-66e,ACC-24169,2026-08-13 15:14:45,Starbucks,online,USD,146.13
4dacb78c-6a9,ACC-90910,2026-08-13 21:10:32,Target,mobile_app,GBP,188.37
76d75f45-f0e,ACC-87518,2026-08-13 11:23:57,Target,mobile_app,CAD,11.49
391ec84a-e42,ACC-63982,2026-08-13 00:53:36,Amazon,mobile_app,GBP,51.17
42dbd817-ae5,ACC-96479,2026-08-13 11:04:21,Netflix,in_store,GBP,125.49
31531318-8a9,ACC-71031,2026-08-13 11:19:14,Walmart,in_store,CAD,160.1
29d03e6a-063,ACC-26833,2026-08-13 07:54:45,Shell,mobile_app,CAD,46.32
c6951b5a-150,ACC-70283,2026-08-13 06:35:47,Target,mobile_app,EUR,16.1
7d935789-164,ACC-23305,2026-08-13 22:34:29,Uber,online,CAD,113.55
4e8f4349-90e,ACC-55132,2026-08-13 00:44:34,Amazon,in_store,CAD,61.11
4de29b44-646,ACC-68321,2026-08-13 13:23:05,Uber,mobile_app,EUR,67.29
6611bcd5-dd3,ACC-59638,2026-08-13 17:25:08,Starbucks,mobile_app,EUR,35.16
5fe603e4-d16,ACC-10144,2026-08-13 19:12:01,Best Buy,in_store,EUR,79.45
f7339a7e-84c,ACC-47593,2026-08-13 18:19:46,Target,mobile_app,EUR,158.99
72346c48-ab8,ACC-17022,2026-08-13 05:53:06,Uber,online,USD,133.77
4e0109ce-062,ACC-83271,2026-08-13 09:27:55,Costco,online,USD,67.1
9f208ecf-58e,ACC-61039,2026-08-13 21:48:30,Best Buy,online,EUR,39.35
c825b1c7-485,ACC-24836,2026-08-13 19:05:27,Target,online,EUR,216.03
b6578624-d01,ACC-80641,2026-08-13 14:51:29,Target,in_store,CAD,48.04
e94ac116-37c,ACC-23220,2026-08-13 20:00:39,Starbucks,online,CAD,93.17
8925579a-08f,ACC-14668,2026-08-13 12:14:15,Costco,online,EUR,106.66
56ae39e4-b65,ACC-39295,2026-08-13 20:10:26,Target,in_store,GBP,66.67
bdc27f2b-df5,ACC-55927,2026-08-13 21:25:39,Shell,mobile_app,CAD,75.26
86345dcc-2b9,ACC-73827,2026-08-13 05:51:14,Shell,online,EUR,46.34
ed02190b-b33,ACC-21395,2026-08-13 22:11:12,Costco,mobile_app,USD,19.14
fa543aca-0c5,ACC-10497,2026-08-13 02:42:56,Amazon,mobile_app,EUR,159.72
5bdb45f4-d22,ACC-44350,2026-08-13 19:40:12,Starbucks,mobile_app,GBP,84.88
b196d561-968,ACC-61535,2026-08-13 07:17:31,Uber,in_store,GBP,213.76
553175a6-b37,ACC-97482,2026-08-13 11:58:05,Shell,mobile_app,EUR,27.15
dde83552-85e,ACC-12436,2026-08-13 12:05:12,Target,online,GBP,105.59
4324d7f4-dd7,ACC-82135,2026-08-13 09:38:31,Best Buy,online,EUR,27.29
a7301fa3-690,ACC-54891,2026-08-13 11:26:11,Shell,in_store,USD,108.28
7990ff2d-c41,ACC-78995,2026-08-13 18:05:01,Walmart,online,CAD,121.39
5983bb05-d95,ACC-59134,2026-08-13 00:14:30,Best Buy,online,CAD,75.13
8dc62e55-d9f,ACC-87808,2026-08-13 08:46:12,Shell,mobile_app,EUR,52.11
1310ca86-e92,ACC-69428,2026-08-13 03:57:04,Walmart,online,EUR,105.4
b05b9844-9c1,ACC-79013,2026-08-13 05:29:19,Starbucks,in_store,EUR,198.77
9fe0c9da-cb9,ACC-39862,2026-08-13 04:23:35,Uber,mobile_app,EUR,80.02
36fbdedd-e16,ACC-11498,2026-08-13 12:28:31,Walmart,in_store,CAD,39.81
94d0449f-990,ACC-48223,2026-08-13 13:47:58,Delta Airlines,in_store,GBP,75.38
cda3d588-a06,ACC-90938,2026-08-13 08:39:44,Amazon,mobile_app,EUR,66.09
e57326e1-df0,ACC-18053,2026-08-13 07:10:01,Amazon,in_store,GBP,189.74
80d6479d-6a5,ACC-26162,2026-08-13 15:51:42,Starbucks,online,USD,125.17
e880ca18-763,ACC-65218,2026-08-13 02:34:30,Shell,online,GBP,89.16
bf5d9daf-538,ACC-91654,2026-08-13 18:31:52,Best Buy,mobile_app,EUR,6.88
2a1ba598-d22,ACC-22856,2026-08-13 15:08:51,Starbucks,mobile_app,GBP,133.13
05dde316-9c6,ACC-93327,2026-08-12 23:41:34,Netflix,mobile_app,GBP,111.11
db926fe3-0ec,ACC-65452,2026-08-13 10:34:04,Best Buy,mobile_app,GBP,14.0
01ba3724-0cf,ACC-61146,2026-08-13 16:29:20,Best Buy,in_store,GBP,134.83
4686cb5d-67a,ACC-84711,2026-08-13 17:49:53,Amazon,mobile_app,CAD,82.82
1a4f3435-d10,ACC-72360,2026-08-13 15:03:44,Target,mobile_app,CAD,72.72
acc8b392-2ac,ACC-23438,2026-08-13 07:13:33,Shell,mobile_app,CAD,45.16
71f4ea02-ed8,ACC-34166,2026-08-13 06:37:06,Amazon,online,CAD,31.82
a7b49b31-5f6,ACC-38083,2026-08-13 02:35:41,Walmart,mobile_app,USD,109.68
7fa10b70-32c,ACC-31916,2026-08-13 11:27:59,Uber,in_store,CAD,180.27
83955a5c-470,ACC-21149,2026-08-13 01:35:47,Amazon,in_store,USD,90.18
69af62a0-eb0,ACC-36758,2026-08-13 04:34:21,Starbucks,online,EUR,112.21
a7a1399e-453,ACC-53299,2026-08-13 08:36:26,Costco,online,EUR,168.36
b648d22c-5a8,ACC-12413,2026-08-13 21:52:16,Uber,in_store,USD,68.08
6de1fd6b-5c2,ACC-93014,2026-08-13 01:31:16,Costco,in_store,USD,169.13
395f421a-9a1,ACC-40346,2026-08-13 13:10:00,Walmart,online,GBP,51.59
56573b41-8bc,ACC-27417,2026-08-13 05:06:38,Delta Airlines,in_store,EUR,63.45
7f32f751-471,ACC-58643,2026-08-14 19:53:02,Netflix,online,GBP,36.1
ac18553a-57a,ACC-58909,2026-08-14 02:59:47,Best Buy,mobile_app,EUR,19.95
1210afea-2c8,ACC-26916,2026-08-14 03:14:03,Uber,online,EUR,38.8
9a54a5ef-426,ACC-78037,2026-08-14 07:11:30,Delta Airlines,online,EUR,54.27
b32b4a86-e79,ACC-23456,2026-08-14 05:17:40,Netflix,in_store,EUR,81.7
c648dc01-99d,ACC-92133,2026-08-14 01:30:15,Delta Airlines,in_store,CAD,118.5
8201a0d2-7fc,ACC-85630,2026-08-14 04:19:52,Shell,online,CAD,199.69
014a7f54-30e,ACC-19473,2026-08-14 03:47:25,Walmart,mobile_app,CAD,54.67
3ae804b3-a0f,ACC-47734,2026-08-14 00:19:00,Uber,in_store,EUR,108.74
9f618e61-c42,ACC-46527,2026-08-14 14:27:21,Costco,mobile_app,USD,44.95
47dcb908-587,ACC-48408,2026-08-14 00:14:44,Starbucks,mobile_app,GBP,139.27
64dec42c-ae9,ACC-66039,2026-08-13 23:17:49,Costco,in_store,CAD,102.78
6951777e-9e6,ACC-13168,2026-08-14 12:27:37,Walmart,online,GBP,39.02
c91d859c-718,ACC-85595,2026-08-14 14:28:39,Netflix,mobile_app,GBP,115.97
f37c896c-2ca,ACC-87573,2026-08-14 07:02:58,Amazon,online,GBP,119.34
66447d67-872,ACC-75452,2026-08-14 03:29:55,Target,mobile_app,CAD,47.18
0f496a0c-a37,ACC-49406,2026-08-14 10:19:45,Shell,online,GBP,22.13
161f7f6e-9fc,ACC-23497,2026-08-14 15:36:19,Netflix,in_store,CAD,162.0
ff9ca685-67f,ACC-49116,2026-08-14 11:34:24,Shell,online,GBP,36.96
d916adf7-75e,ACC-58016,2026-08-14 05:29:17,Best Buy,in_store,CAD,12.18
3cd1ad3b-389,ACC-58355,2026-08-14 12:53:28,Walmart,online,GBP,83.94
6d8c09a7-729,ACC-28021,2026-08-14 19:18:00,Shell,mobile_app,EUR,221.1
b71a082a-6a2,ACC-33409,2026-08-14 10:13:09,Delta Airlines,in_store,EUR,21.01
cbdb3d1a-b1e,ACC-52089,2026-08-14 09:32:54,Costco,mobile_app,CAD,41.25
796753e8-c54,ACC-35436,2026-08-14 00:32:06,Target,mobile_app,GBP,101.95
b60f281d-e0e,ACC-18537,2026-08-14 18:42:48,Target,mobile_app,CAD,22.6
06c5dfc2-171,ACC-43760,2026-08-14 08:15:56,Starbucks,in_store,USD,69.98
67ea889d-316,ACC-20112,2026-08-14 04:49:07,Netflix,online,GBP,81.72
ff6afb7c-48e,ACC-42904,2026-08-14 11:07:24,Target,online,EUR,49.97
d50e5b13-7e3,ACC-92606,2026-08-14 08:46:58,Costco,online,EUR,119.16
ef1c3181-ed2,ACC-44700,2026-08-14 04:41:20,Target,in_store,USD,84.02
1620bbba-796,ACC-85611,2026-08-14 15:01:32,Costco,online,EUR,131.5
14dcb511-e18,ACC-73810,2026-08-14 00:53:38,Netflix,in_store,CAD,16.56
1778f1de-100,ACC-74441,2026-08-14 09:25:02,Amazon,mobile_app,GBP,178.23
bf8158e5-aae,ACC-85516,2026-08-14 19:52:52,Target,online,EUR,111.17
c6b72f97-a81,ACC-86814,2026-08-14 11:23:50,Costco,online,CAD,241.08
10583281-13c,ACC-77649,2026-08-14 14:37:33,Best Buy,mobile_app,USD,25.77
7861f775-6f7,ACC-26923,2026-08-14 09:35:31,Starbucks,online,EUR,166.28
8182b43c-fdd,ACC-64529,2026-08-14 05:30:22,Uber,mobile_app,GBP,98.95
95d15cab-a3c,ACC-68739,2026-08-14 20:03:24,Starbucks,online,USD,36.02
3c660a82-a39,ACC-91382,2026-08-14 22:31:19,Delta Airlines,mobile_app,EUR,161.25
02bb1a7a-61f,ACC-50778,2026-08-14 15:46:28,Target,mobile_app,EUR,21.28
1abbe357-944,ACC-34466,2026-08-14 18:11:12,Shell,online,GBP,64.68
8f1d541d-e36,ACC-21390,2026-08-14 14:14:08,Walmart,in_store,CAD,67.85
2b615056-b7f,ACC-83240,2026-08-14 06:05:20,Best Buy,in_store,CAD,86.07
aa934549-4fe,ACC-43342,2026-08-14 06:09:03,Amazon,mobile_app,GBP,5.26
2de20a57-276,ACC-98221,2026-08-14 02:06:29,Target,online,CAD,89.27
1b966f4a-d64,ACC-15602,2026-08-14 10:58:35,Target,in_store,EUR,68.82
79df8828-aa7,ACC-82678,2026-08-14 01:11:06,Starbucks,online,EUR,94.56
cd197772-460,ACC-79810,2026-08-14 00:12:30,Costco,mobile_app,GBP,38.0
1e7ee893-b39,ACC-32368,2026-08-14 13:24:21,Target,in_store,USD,59.38
a31c30a6-ccf,ACC-35345,2026-08-14 14:57:06,Netflix,mobile_app,EUR,73.38
d84d5eaf-6d1,ACC-67798,2026-08-14 00:27:09,Best Buy,in_store,CAD,27.02
1ceaa9ea-1dd,ACC-43439,2026-08-14 05:26:36,Netflix,mobile_app,USD,23.42
a1246589-00b,ACC-34799,2026-08-14 11:36:12,Starbucks,in_store,GBP,117.61
1152426a-fe7,ACC-79985,2026-08-14 15:26:02,Delta Airlines,in_store,CAD,27.24
a6c78415-818,ACC-79768,2026-08-14 21:33:10,Walmart,in_store,EUR,31.4
4fada77c-1b0,ACC-81287,2026-08-14 13:45:43,Target,in_store,USD,51.91
0b4d96da-f35,ACC-98451,2026-08-14 05:07:46,Starbucks,mobile_app,CAD,99.74
114c73cd-e53,ACC-97312,2026-08-14 11:49:46,Delta Airlines,online,USD,145.41
ba08bac1-86c,ACC-50521,2026-08-14 09:22:10,Delta Airlines,in_store,CAD,217.5
55ac39a5-d35,ACC-73599,2026-08-14 00:15:15,Costco,in_store,EUR,134.39
a35ccb28-7a2,ACC-19214,2026-08-14 10:40:39,Walmart,in_store,USD,78.3
8b6be5bd-5c6,ACC-51339,2026-08-14 20:04:25,Amazon,online,USD,103.36
5aaef9d2-0d4,ACC-87525,2026-08-14 17:55:01,Starbucks,mobile_app,USD,18.54
938d7bdb-da9,ACC-25305,2026-08-14 21:55:44,Walmart,in_store,USD,120.18
18e57de8-cd9,ACC-67466,2026-08-14 00:16:48,Costco,in_store,USD,85.14
f97d932f-262,ACC-80876,2026-08-14 05:59:49,Netflix,online,CAD,204.56
197c615c-5c8,ACC-93608,2026-08-14 19:32:35,Delta Airlines,online,USD,146.02
315420c8-951,ACC-45120,2026-08-14 13:01:43,Shell,mobile_app,GBP,134.5
2eb3ce0a-59c,ACC-93404,2026-08-14 10:05:33,Walmart,mobile_app,EUR,17.78
2fc11094-299,ACC-24625,2026-08-14 14:30:32,Shell,mobile_app,GBP,176.48
8733bd01-3f1,ACC-51704,2026-08-14 09:01:25,Netflix,mobile_app,USD,42.7
5eaad259-4ce,ACC-45018,2026-08-14 12:28:11,Netflix,mobile_app,GBP,40.17
9cd0daba-9c9,ACC-60662,2026-08-14 13:36:01,Amazon,online,GBP,38.84
1e9a3933-bb1,ACC-51869,2026-08-14 13:09:40,Amazon,mobile_app,GBP,12.51
c9d2ebed-880,ACC-95649,2026-08-14 12:38:18,Target,mobile_app,USD,21.97
04540d45-1d4,ACC-44550,2026-08-14 17:58:08,Netflix,online,GBP,149.4
360c478e-d46,ACC-74848,2026-08-14 02:00:38,Costco,in_store,GBP,60.3
be0654d3-218,ACC-89148,2026-08-13 23:36:24,Delta Airlines,in_store,EUR,245.36
88c99b8a-6c9,ACC-87686,2026-08-14 09:17:15,Best Buy,in_store,USD,55.94
2b4d8920-8e1,ACC-81342,2026-08-14 21:34:36,Walmart,mobile_app,CAD,192.43
398deedc-a41,ACC-28997,2026-08-14 21:42:37,Target,online,USD,26.84
d9e0dda7-4b2,ACC-59672,2026-08-14 14:46:41,Costco,in_store,CAD,102.24
d0a7204c-3b6,ACC-65441,2026-08-14 02:00:49,Netflix,in_store,GBP,168.87
8e6e1c15-4a9,ACC-17672,2026-08-13 22:39:55,Best Buy,online,GBP,52.87
276b1ac4-522,ACC-32249,2026-08-14 14:02:52,Walmart,in_store,EUR,20.89
db619b09-516,ACC-89416,2026-08-14 15:34:47,Delta Airlines,online,USD,112.3
2a3d38f8-6e6,ACC-16570,2026-08-14 11:45:44,Best Buy,online,USD,176.89
0cefeea9-578,ACC-46558,2026-08-14 08:28:35,Costco,mobile_app,GBP,248.81
aa1869b8-a62,ACC-99252,2026-08-13 23:40:59,Uber,mobile_app,EUR,287.49
c29a4436-cf5,ACC-32080,2026-08-14 13:14:13,Shell,online,EUR,47.36
9a5b94c7-f76,ACC-55461,2026-08-14 17:37:59,Target,in_store,USD,35.98
fc87b3f2-01a,ACC-78108,2026-08-14 05:46:11,Shell,online,EUR,37.31
69a66a90-675,ACC-48184,2026-08-14 03:18:50,Shell,mobile_app,GBP,230.08
8936e3dc-46a,ACC-85982,2026-08-14 05:49:31,Shell,in_store,GBP,152.5
f4d82248-f6e,ACC-91562,2026-08-14 12:04:23,Best Buy,online,EUR,62.2
0e219dbb-0f5,ACC-25301,2026-08-14 17:36:58,Walmart,online,EUR,113.13
90b0f11b-5a6,ACC-42340,2026-08-14 02:21:24,Starbucks,mobile_app,CAD,45.91
8334bed3-441,ACC-13979,2026-08-14 12:37:56,Target,online,USD,42.52
7df67663-aa2,ACC-99682,2026-08-14 15:03:21,Netflix,online,USD,18.91
d6b7a98f-0f9,ACC-86350,2026-08-14 09:34:55,Amazon,in_store,EUR,96.32
39a901b7-d78,ACC-84295,2026-08-14 07:50:08,Starbucks,online,EUR,186.27
6dc59b6a-da4,ACC-39343,2026-08-14 03:53:58,Costco,in_store,USD,182.69
219f3037-a75,ACC-16911,2026-08-14 05:19:46,Netflix,mobile_app,CAD,204.18
50ec9a40-3a4,ACC-17253,2026-08-14 11:59:37,Uber,mobile_app,USD,54.08
926af214-471,ACC-48190,2026-08-14 20:47:38,Delta Airlines,online,USD,35.15
c4b4255b-b06,ACC-64726,2026-08-14 11:42:24,Delta Airlines,mobile_app,EUR,106.01
01f06d4b-808,ACC-30451,2026-08-14 04:24:26,Netflix,mobile_app,USD,18.17
9a012e53-660,ACC-48508,2026-08-14 08:16:08,Amazon,online,GBP,81.42
ff604d85-73b,ACC-63974,2026-08-13 23:21:05,Shell,in_store,CAD,45.63
622d70b8-250,ACC-67219,2026-08-14 19:36:25,Starbucks,online,CAD,60.61
332b43b1-326,ACC-62012,2026-08-14 16:01:26,Uber,mobile_app,GBP,17.41
8743b61b-6eb,ACC-22749,2026-08-14 18:11:45,Uber,in_store,USD,51.4
2ac06f3d-4f2,ACC-47857,2026-08-14 08:56:20,Netflix,mobile_app,USD,37.95
e783a558-302,ACC-22362,2026-08-14 02:59:40,Netflix,mobile_app,GBP,69.65
14440a7e-6c0,ACC-97415,2026-08-14 04:24:28,Uber,in_store,CAD,71.36
ff0df0b9-f29,ACC-93919,2026-08-14 13:30:01,Netflix,online,CAD,65.81
c6251e16-812,ACC-24981,2026-08-14 00:19:24,Amazon,online,EUR,37.08
5568f98d-807,ACC-29432,2026-08-14 07:26:08,Amazon,mobile_app,GBP,43.43
4fe3d717-665,ACC-30472,2026-08-14 13:47:40,Walmart,online,EUR,73.11
8410d271-95b,ACC-92203,2026-08-14 07:57:53,Best Buy,mobile_app,EUR,198.41
01b66c79-057,ACC-39624,2026-08-14 08:25:25,Netflix,mobile_app,EUR,193.04
1f04656c-363,ACC-91830,2026-08-14 22:09:37,Walmart,mobile_app,EUR,83.82
29fc289f-864,ACC-21061,2026-08-14 19:11:02,Delta Airlines,online,EUR,196.18
d963eafa-07e,ACC-39861,2026-08-14 09:51:33,Starbucks,mobile_app,CAD,84.6
77b17488-938,ACC-43204,2026-08-14 03:16:27,Starbucks,mobile_app,GBP,66.87
b9f6786f-2f1,ACC-41887,2026-08-14 01:24:53,Uber,online,EUR,69.01
0361d59b-bf1,ACC-22631,2026-08-14 07:03:43,Starbucks,mobile_app,CAD,100.49
2ff3752b-114,ACC-47427,2026-08-14 02:05:41,Starbucks,mobile_app,EUR,158.41
61a75589-d6b,ACC-78956,2026-08-14 16:32:41,Netflix,in_store,CAD,107.9
d52d4cf2-3a4,ACC-93916,2026-08-14 16:31:03,Target,mobile_app,GBP,145.44
393d2a69-1cb,ACC-24158,2026-08-14 19:05:20,Starbucks,mobile_app,GBP,137.68
7a9a0644-d22,ACC-43886,2026-08-14 05:58:57,Delta Airlines,online,USD,125.53
e7c46c4c-7e7,ACC-74372,2026-08-13 23:18:23,Delta Airlines,mobile_app,CAD,81.66
05da3019-43a,ACC-45148,2026-08-14 05:42:52,Best Buy,in_store,EUR,64.85
8b70049a-5fd,ACC-27798,2026-08-14 09:03:10,Starbucks,online,USD,29.72
799b5f30-7b9,ACC-43570,2026-08-14 18:42:21,Walmart,mobile_app,GBP,159.97
8dec3548-101,ACC-79859,2026-08-14 08:12:48,Starbucks,online,USD,35.42
dbd2f6af-3c7,ACC-52889,2026-08-14 07:01:07,Target,online,EUR,27.53
489e348f-a00,ACC-68753,2026-08-14 20:35:28,Netflix,mobile_app,CAD,77.53
a0e5c3d6-f15,ACC-89138,2026-08-14 16:29:28,Delta Airlines,online,USD,36.25
6b531850-704,ACC-28473,2026-08-14 18:42:11,Target,online,GBP,130.96
8e4cd1ec-2c5,ACC-22113,2026-08-14 08:02:47,Netflix,online,USD,57.02
f37d322c-be1,ACC-32268,2026-08-14 20:17:48,Walmart,online,EUR,33.31
7ec62790-581,ACC-49657,2026-08-14 20:21:59,Walmart,online,EUR,36.58
3e3f64ce-91e,ACC-42421,2026-08-14 09:49:17,Shell,mobile_app,CAD,29.47
b8c07cca-bbe,ACC-95700,2026-08-14 21:50:09,Amazon,in_store,GBP,114.38
d48c2708-27f,ACC-11212,2026-08-14 01:41:19,Delta Airlines,mobile_app,CAD,35.67
71908bd9-444,ACC-70877,2026-08-14 22:23:21,Shell,in_store,CAD,143.74
f4eeabe8-660,ACC-89100,2026-08-15 16:49:19,Amazon,in_store,GBP,60.56
443ab3bb-941,ACC-89062,2026-08-15 18:34:31,Target,in_store,GBP,343.0
2a10eed5-188,ACC-28600,2026-08-15 15:04:58,Best Buy,in_store,USD,97.98
4e692ced-c08,ACC-74817,2026-08-15 09:43:38,Delta Airlines,mobile_app,EUR,71.53
b5712672-aad,ACC-19272,2026-08-15 03:50:21,Shell,in_store,CAD,72.34
63ed50fd-8e0,ACC-50438,2026-08-15 08:46:53,Shell,mobile_app,EUR,77.58
f3ba7638-4aa,ACC-87657,2026-08-15 12:33:08,Walmart,in_store,USD,82.0
77608f01-14d,ACC-13526,2026-08-15 07:36:21,Netflix,online,USD,155.63
f4dc46b1-f50,ACC-70165,2026-08-15 05:15:43,Amazon,online,EUR,58.0
12e1b3ca-99c,ACC-61613,2026-08-15 07:12:33,Shell,in_store,USD,59.81
3292d187-f1b,ACC-15182,2026-08-15 07:54:06,Amazon,in_store,USD,2.95
cfb4a0a4-f56,ACC-73231,2026-08-15 04:08:31,Best Buy,in_store,GBP,73.77
bc3b8cac-7c8,ACC-53708,2026-08-15 15:21:37,Starbucks,online,EUR,169.06
a76771c7-c2c,ACC-86506,2026-08-15 18:21:02,Starbucks,in_store,EUR,110.9
b7e0cbda-944,ACC-57340,2026-08-15 20:33:28,Best Buy,mobile_app,USD,27.03
87d01b19-cb5,ACC-18647,2026-08-15 12:45:56,Walmart,in_store,GBP,108.0
920170f2-8bd,ACC-97234,2026-08-15 14:17:51,Target,online,EUR,106.02
00ad508c-170,ACC-89234,2026-08-15 10:26:23,Delta Airlines,mobile_app,CAD,54.32
432f3ab8-4a9,ACC-99567,2026-08-14 23:56:42,Shell,online,CAD,62.15
d2e90d7a-ac8,ACC-15687,2026-08-15 11:52:57,Starbucks,mobile_app,CAD,43.75
78811da4-6ce,ACC-14328,2026-08-15 13:02:40,Costco,in_store,GBP,40.97
b30cf011-0b7,ACC-32669,2026-08-15 13:35:51,Starbucks,in_store,CAD,91.91
f4a4c246-8a3,ACC-53075,2026-08-15 22:20:49,Best Buy,mobile_app,USD,77.39
d7416c68-8f9,ACC-95164,2026-08-15 08:38:43,Target,online,USD,48.36
aa693f5c-0c1,ACC-64498,2026-08-15 08:30:56,Delta Airlines,online,USD,116.23
855feef2-5cf,ACC-93558,2026-08-15 01:11:12,Delta Airlines,in_store,GBP,73.95
af547301-017,ACC-32847,2026-08-15 12:06:49,Target,mobile_app,CAD,31.53
409e7854-b29,ACC-66267,2026-08-15 13:49:07,Netflix,in_store,EUR,84.41
37bb1a59-eba,ACC-73956,2026-08-15 13:59:50,Best Buy,online,USD,23.86
81b7bd98-37f,ACC-22763,2026-08-15 10:28:51,Starbucks,in_store,EUR,89.16
47b4f627-595,ACC-24302,2026-08-15 19:03:45,Walmart,mobile_app,GBP,10.16
ffc22b80-2ae,ACC-42191,2026-08-15 04:59:14,Best Buy,online,CAD,181.21
666c9f40-5fb,ACC-25163,2026-08-15 06:46:29,Shell,in_store,GBP,118.04
fc672efc-1a6,ACC-93316,2026-08-15 02:54:12,Uber,in_store,CAD,147.49
1f3d8f99-deb,ACC-57236,2026-08-15 15:25:20,Netflix,online,EUR,106.64
79629135-253,ACC-19855,2026-08-15 15:39:20,Delta Airlines,in_store,EUR,126.11
02d94ad9-1cf,ACC-94708,2026-08-15 09:40:09,Starbucks,in_store,CAD,1.41
1d8ba663-4ef,ACC-14023,2026-08-15 11:43:16,Target,mobile_app,GBP,76.06
52a82969-177,ACC-25769,2026-08-15 04:16:42,Best Buy,in_store,EUR,16.28
f2b5f5b1-075,ACC-88299,2026-08-15 07:13:58,Starbucks,online,EUR,42.6
d72039ca-843,ACC-14455,2026-08-14 22:55:00,Delta Airlines,mobile_app,USD,25.92
4a02a130-afc,ACC-57579,2026-08-14 23:33:22,Shell,mobile_app,EUR,35.85
0c77a26d-c7a,ACC-80484,2026-08-15 02:11:29,Netflix,mobile_app,USD,65.51
abebd516-1ee,ACC-83077,2026-08-15 17:32:33,Best Buy,in_store,USD,169.57
28885ddd-1bc,ACC-94960,2026-08-15 14:35:02,Amazon,in_store,GBP,139.45
de828bb6-c64,ACC-65358,2026-08-15 13:10:44,Starbucks,online,GBP,32.22
9be70598-2f0,ACC-27787,2026-08-15 16:01:18,Delta Airlines,in_store,GBP,88.58
499de0b1-3b4,ACC-35391,2026-08-15 16:35:50,Best Buy,in_store,CAD,176.72
00fd5e46-ec6,ACC-75709,2026-08-15 11:01:15,Starbucks,in_store,USD,69.92
618b9d8a-097,ACC-51911,2026-08-15 15:38:13,Netflix,mobile_app,CAD,62.81
9063c7d4-0cc,ACC-50307,2026-08-15 10:15:34,Uber,online,USD,64.55
013caf64-f87,ACC-72695,2026-08-15 03:17:22,Target,mobile_app,EUR,14.72
aeb69997-03b,ACC-26979,2026-08-15 20:10:57,Best Buy,in_store,CAD,111.52
232ccc3f-f41,ACC-53141,2026-08-15 08:39:10,Starbucks,mobile_app,USD,113.2
b3d17020-d43,ACC-42557,2026-08-15 22:06:37,Shell,mobile_app,GBP,69.19
fca2f0cd-856,ACC-77790,2026-08-15 12:26:34,Shell,online,EUR,94.22
432a64d1-a7f,ACC-48061,2026-08-15 09:24:30,Netflix,online,USD,163.9
c279aea8-5b7,ACC-30883,2026-08-15 16:03:43,Netflix,in_store,EUR,27.56
7630e940-d67,ACC-20903,2026-08-15 02:13:26,Uber,online,EUR,74.82
545b0532-f93,ACC-95667,2026-08-15 22:00:08,Walmart,in_store,CAD,214.79
d9d7d2a5-d72,ACC-88715,2026-08-15 02:41:19,Starbucks,in_store,USD,69.05
0ee09538-fa1,ACC-74963,2026-08-15 08:52:34,Costco,mobile_app,EUR,54.34
4b7aa5f3-265,ACC-10001,2026-08-15 12:10:19,Target,mobile_app,GBP,223.46
1148ab58-fdb,ACC-28703,2026-08-15 11:44:52,Uber,online,USD,125.98
90992fb5-6a7,ACC-58834,2026-08-15 00:40:17,Uber,in_store,GBP,125.8
64599930-b4b,ACC-89610,2026-08-15 00:58:23,Best Buy,in_store,GBP,97.89
580f8da9-dc2,ACC-67864,2026-08-15 15:45:54,Shell,online,USD,53.27
7a373413-97e,ACC-86579,2026-08-15 11:19:39,Shell,mobile_app,USD,132.69
d1619351-824,ACC-77494,2026-08-15 03:59:39,Delta Airlines,mobile_app,CAD,38.17
83fc398f-1cb,ACC-80463,2026-08-15 08:10:59,Netflix,online,USD,1.66
a88fbd2f-026,ACC-23530,2026-08-15 16:36:15,Shell,mobile_app,GBP,26.48
604ed08f-425,ACC-91727,2026-08-15 03:25:08,Best Buy,in_store,GBP,61.38
86150673-c36,ACC-36635,2026-08-15 19:01:02,Starbucks,mobile_app,USD,122.68
c0757632-a22,ACC-82590,2026-08-15 09:38:03,Shell,mobile_app,GBP,27.85
baca6ece-1ae,ACC-43656,2026-08-15 01:36:02,Delta Airlines,in_store,USD,45.6
df130578-316,ACC-31317,2026-08-15 04:58:13,Uber,online,USD,163.24
af6b650b-f98,ACC-89645,2026-08-15 09:32:14,Netflix,online,CAD,35.85
0963237f-a32,ACC-82662,2026-08-15 14:39:30,Amazon,mobile_app,USD,37.04
bbff99bc-68a,ACC-80670,2026-08-15 17:32:14,Shell,in_store,USD,18.7
84b72a93-6f8,ACC-23244,2026-08-15 05:47:26,Best Buy,online,CAD,34.03
cd608228-21c,ACC-65856,2026-08-14 23:30:23,Uber,mobile_app,EUR,26.68
6e90dfba-6ef,ACC-85703,2026-08-15 16:36:36,Costco,mobile_app,EUR,94.94
b3d41967-95d,ACC-16911,2026-08-15 18:08:29,Costco,online,CAD,93.94
23079b9f-8cc,ACC-27132,2026-08-15 07:53:38,Walmart,in_store,GBP,313.54
a2290d99-982,ACC-83950,2026-08-15 20:51:32,Target,online,USD,249.54
62481d0a-ef8,ACC-57683,2026-08-15 15:50:59,Target,mobile_app,USD,69.97
52ccf5ea-c10,ACC-75795,2026-08-15 15:14:14,Best Buy,online,CAD,71.5
827e3895-da9,ACC-81416,2026-08-15 11:13:26,Target,online,CAD,82.25
ba2b9337-a25,ACC-97104,2026-08-15 04:38:35,Costco,in_store,EUR,82.47
3e7b7ec8-802,ACC-40617,2026-08-15 15:36:19,Amazon,mobile_app,EUR,125.99
deea910d-929,ACC-78223,2026-08-14 23:08:24,Amazon,in_store,CAD,15.81
cafac8ff-02f,ACC-65016,2026-08-15 00:05:59,Best Buy,in_store,EUR,27.14
3aa34029-9a2,ACC-28464,2026-08-15 07:45:39,Uber,in_store,USD,42.52
7e639280-d6a,ACC-87966,2026-08-14 22:56:54,Costco,online,USD,139.9
a306b318-0b1,ACC-56759,2026-08-15 17:20:28,Target,online,CAD,83.19
95731f5f-26d,ACC-45857,2026-08-15 09:58:18,Best Buy,mobile_app,CAD,301.05
8270086b-5fe,ACC-76486,2026-08-15 15:28:11,Walmart,online,EUR,19.71
389fba69-4b3,ACC-53196,2026-08-15 21:26:25,Target,online,USD,118.32
a6eb32fa-2ab,ACC-58979,2026-08-15 20:20:21,Costco,online,GBP,63.98
f7792ff0-4e5,ACC-74670,2026-08-15 07:30:33,Netflix,online,GBP,138.17
b9f256b9-acf,ACC-64925,2026-08-15 11:10:31,Uber,online,GBP,31.6
8ca996e7-e43,ACC-73965,2026-08-15 03:14:20,Shell,mobile_app,GBP,71.0
1501a6e7-a31,ACC-94765,2026-08-15 00:10:10,Shell,online,EUR,67.02
d6b9773f-08f,ACC-24292,2026-08-15 01:21:41,Target,mobile_app,GBP,118.87
541e0229-5ff,ACC-30542,2026-08-15 09:46:11,Target,online,USD,58.12
6dffaa96-990,ACC-45493,2026-08-15 20:14:46,Amazon,mobile_app,GBP,19.65
08b144c9-e3c,ACC-14564,2026-08-15 01:35:50,Netflix,mobile_app,GBP,34.47
5c52a563-cff,ACC-95015,2026-08-15 03:46:05,Netflix,in_store,EUR,15.71
92038a1f-30e,ACC-84431,2026-08-15 03:02:35,Shell,online,GBP,4.41
42a2473f-91b,ACC-95305,2026-08-15 10:13:28,Best Buy,online,EUR,57.58
86f9bdc5-fb5,ACC-43510,2026-08-15 01:39:59,Target,mobile_app,USD,245.48
535699e7-860,ACC-57064,2026-08-15 07:00:24,Uber,in_store,EUR,59.86
073d61c6-605,ACC-42920,2026-08-15 14:18:35,Walmart,mobile_app,EUR,48.23
cd19efd9-c2e,ACC-99168,2026-08-15 02:22:46,Best Buy,mobile_app,CAD,89.09
7a2132b0-8e7,ACC-30270,2026-08-15 15:34:01,Delta Airlines,online,EUR,8.64
1230b9bb-0a2,ACC-68848,2026-08-15 11:37:19,Costco,mobile_app,GBP,160.83
770b73d2-5e4,ACC-31213,2026-08-15 05:03:10,Delta Airlines,in_store,EUR,113.64
ccd7a016-78d,ACC-89562,2026-08-15 02:45:15,Best Buy,in_store,GBP,58.67
0c439329-066,ACC-35969,2026-08-15 14:53:32,Delta Airlines,in_store,CAD,17.37
e08a70fd-a27,ACC-74906,2026-08-15 10:00:37,Uber,mobile_app,EUR,154.45
e207b561-3e7,ACC-62789,2026-08-15 07:55:08,Delta Airlines,mobile_app,USD,135.33
d748c890-7b7,ACC-27302,2026-08-15 11:23:28,Shell,online,USD,56.37
7745fa44-9ca,ACC-24108,2026-08-15 20:28:56,Starbucks,online,CAD,154.53
5a8cb00f-1ee,ACC-59185,2026-08-14 22:40:48,Uber,mobile_app,CAD,18.34
2387cb02-704,ACC-29040,2026-08-15 09:56:13,Best Buy,in_store,GBP,116.28
cd15c234-003,ACC-64935,2026-08-15 00:52:44,Shell,in_store,USD,73.34
2f649875-a0f,ACC-75035,2026-08-15 09:23:18,Amazon,mobile_app,EUR,95.17
4da0d051-df0,ACC-32040,2026-08-15 01:06:58,Walmart,mobile_app,USD,348.13
a3582a7d-aef,ACC-45105,2026-08-15 03:17:50,Netflix,in_store,USD,51.35
2b13466c-b63,ACC-33308,2026-08-15 02:38:23,Target,mobile_app,EUR,90.09
49118f7e-afb,ACC-19115,2026-08-15 05:24:58,Netflix,in_store,USD,44.89
874cb08d-623,ACC-62082,2026-08-15 13:09:03,Uber,in_store,CAD,144.84
43af645c-d23,ACC-18669,2026-08-15 10:31:18,Shell,online,USD,62.29
683fc61f-0f1,ACC-95869,2026-08-15 14:58:02,Target,in_store,USD,136.65
8ebd223c-5ca,ACC-80889,2026-08-15 11:12:02,Amazon,in_store,EUR,23.02
e63f31f2-085,ACC-94135,2026-08-15 12:51:39,Delta Airlines,mobile_app,CAD,42.46
a4a0eeaf-6dd,ACC-30056,2026-08-15 15:32:33,Starbucks,mobile_app,EUR,84.41
3143de5a-72b,ACC-60525,2026-08-15 16:21:42,Amazon,online,EUR,72.94
e5252f0a-cf6,ACC-80654,2026-08-15 01:07:13,Amazon,online,CAD,118.82
bb58b41a-c57,ACC-31401,2026-08-15 11:00:07,Target,mobile_app,USD,120.43
39a62afa-96d,ACC-32874,2026-08-15 06:43:04,Shell,mobile_app,EUR,30.4
02a17b5d-2f1,ACC-86768,2026-08-15 03:59:51,Costco,online,CAD,23.69
6a88316e-868,ACC-81821,2026-08-14 23:18:40,Target,in_store,USD,49.03
e2d579d7-a2c,ACC-33175,2026-08-14 23:26:27,Costco,mobile_app,USD,79.68
5f05fee0-0ad,ACC-61891,2026-08-15 03:10:42,Netflix,mobile_app,EUR,212.72
06f50886-30b,ACC-63973,2026-08-15 17:01:48,Starbucks,in_store,EUR,70.73
69ee4656-464,ACC-28223,2026-08-14 23:04:43,Target,mobile_app,CAD,40.98
64648006-777,ACC-96238,2026-08-15 04:13:47,Target,online,EUR,70.41
8e882527-dfa,ACC-27185,2026-08-15 19:47:37,Uber,online,USD,98.58
c6009d7f-1c2,ACC-59224,2026-08-15 07:09:48,Delta Airlines,online,USD,58.02
9e5f2c58-bdf,ACC-64909,2026-08-16 05:56:28,Target,online,GBP,56.1
28cfa8a5-e5e,ACC-45003,2026-08-16 05:06:02,Uber,online,USD,80.9
7dea5cad-ef5,ACC-85011,2026-08-16 14:26:31,Best Buy,online,GBP,117.22
1a138a42-542,ACC-49133,2026-08-16 21:53:58,Walmart,in_store,EUR,130.68
9064a3e7-93f,ACC-46968,2026-08-16 10:14:36,Uber,in_store,CAD,135.22
d9c3b602-bb1,ACC-60755,2026-08-16 15:35:29,Target,mobile_app,GBP,30.93
ac37613f-936,ACC-98233,2026-08-16 13:11:17,Walmart,in_store,CAD,57.43
3a6abb7e-64e,ACC-57584,2026-08-16 19:42:46,Netflix,mobile_app,CAD,198.6
b84d623a-ef2,ACC-28678,2026-08-16 13:47:50,Starbucks,online,EUR,148.44
79cbc31d-c57,ACC-12596,2026-08-16 12:23:01,Shell,in_store,GBP,47.59
2d6b2121-6fd,ACC-35481,2026-08-16 13:44:09,Shell,mobile_app,CAD,124.88
572367aa-2ca,ACC-39679,2026-08-16 09:23:48,Target,mobile_app,CAD,219.47
c0a176a0-275,ACC-38810,2026-08-16 07:19:02,Best Buy,online,USD,122.15
b4d5b914-69c,ACC-58802,2026-08-16 00:25:25,Best Buy,online,CAD,124.83
3c00c5ff-1f0,ACC-20747,2026-08-16 08:14:34,Walmart,mobile_app,EUR,103.5
3d145b15-f08,ACC-53964,2026-08-16 18:48:38,Walmart,in_store,USD,65.13
27914415-e7c,ACC-88337,2026-08-16 21:50:12,Delta Airlines,online,USD,297.69
65793e88-3ba,ACC-10776,2026-08-16 12:31:22,Best Buy,mobile_app,USD,23.33
fe692e76-f70,ACC-38783,2026-08-16 06:21:09,Shell,online,USD,56.41
74c30f70-fe2,ACC-84599,2026-08-16 00:00:45,Delta Airlines,in_store,USD,254.11
cd316726-f32,ACC-32153,2026-08-16 19:13:06,Starbucks,online,CAD,29.66
f0373e0a-c9b,ACC-46780,2026-08-16 14:34:30,Target,in_store,CAD,9.78
85e467b3-925,ACC-56784,2026-08-16 14:13:25,Amazon,online,CAD,59.35
08218f45-e47,ACC-48720,2026-08-16 19:40:54,Uber,in_store,CAD,43.37
300c1c6f-8da,ACC-50080,2026-08-16 08:01:14,Delta Airlines,online,USD,20.77
dc53227e-22c,ACC-34010,2026-08-16 03:36:41,Shell,mobile_app,CAD,101.97
bc4a7e75-8ea,ACC-43972,2026-08-15 23:35:14,Uber,online,USD,187.96
2c2e4833-302,ACC-89639,2026-08-16 02:29:05,Best Buy,in_store,CAD,235.36
59866405-0b3,ACC-88422,2026-08-16 21:12:02,Netflix,online,GBP,80.6
e3371e06-e3c,ACC-34424,2026-08-16 21:57:24,Starbucks,mobile_app,USD,166.93
15806a91-9d1,ACC-64135,2026-08-16 04:04:53,Best Buy,online,GBP,16.53
d129a38e-bad,ACC-65675,2026-08-16 15:54:11,Starbucks,mobile_app,EUR,185.21
5467e057-a59,ACC-53384,2026-08-16 04:40:51,Costco,in_store,GBP,179.67
e4123fda-8d6,ACC-37532,2026-08-16 04:15:38,Uber,online,USD,139.34
904d6bb7-303,ACC-14398,2026-08-16 06:02:07,Best Buy,mobile_app,CAD,132.65
6ae4f550-d78,ACC-82662,2026-08-16 03:43:20,Best Buy,in_store,USD,36.15
f8b06c15-c54,ACC-77382,2026-08-16 05:58:47,Target,online,EUR,119.37
32dc215d-0af,ACC-34365,2026-08-16 14:59:42,Target,mobile_app,EUR,51.87
accba778-1d9,ACC-18880,2026-08-16 01:51:35,Best Buy,in_store,GBP,19.49
a26c9e2b-e58,ACC-59019,2026-08-16 16:17:18,Delta Airlines,mobile_app,CAD,44.2
da23ef01-2a4,ACC-12591,2026-08-16 02:00:21,Delta Airlines,mobile_app,GBP,50.65
341ae54b-4bf,ACC-48284,2026-08-16 21:43:02,Shell,in_store,GBP,104.19
7d8fe4aa-3f8,ACC-35712,2026-08-16 03:21:54,Walmart,in_store,USD,82.47
a9fb48b2-c4b,ACC-23639,2026-08-15 23:34:41,Costco,in_store,USD,122.59
a1324ec7-3ff,ACC-57020,2026-08-16 10:03:14,Shell,online,CAD,49.66
1024944e-00e,ACC-96458,2026-08-16 09:17:44,Delta Airlines,online,CAD,21.77
33dc8eda-505,ACC-78733,2026-08-16 13:53:49,Netflix,mobile_app,GBP,117.44
95b2b2fe-07a,ACC-60065,2026-08-16 11:14:43,Target,mobile_app,EUR,53.22
3654e178-262,ACC-30472,2026-08-16 20:45:39,Uber,online,EUR,168.52
3a89cf95-248,ACC-28407,2026-08-16 01:56:54,Target,mobile_app,CAD,30.76
91808b09-d6c,ACC-88543,2026-08-16 00:26:16,Costco,online,EUR,134.33
7b9fb2f8-1bc,ACC-61415,2026-08-16 00:28:20,Starbucks,in_store,EUR,31.09
c5f5d41a-460,ACC-29734,2026-08-16 21:31:26,Amazon,in_store,EUR,33.56
a386c48a-6b1,ACC-85480,2026-08-16 17:08:06,Uber,in_store,CAD,47.45
d42d6cec-6f1,ACC-20824,2026-08-16 15:52:35,Walmart,mobile_app,CAD,20.36
5c078afb-23f,ACC-66375,2026-08-16 15:13:04,Costco,mobile_app,GBP,115.96
fb673c15-e31,ACC-65968,2026-08-16 10:02:57,Costco,mobile_app,EUR,177.62
5b7a0f4a-f14,ACC-65714,2026-08-16 13:17:01,Starbucks,in_store,CAD,94.81
b562b8bc-603,ACC-13997,2026-08-16 07:16:26,Walmart,online,EUR,212.94
4112f69a-2ec,ACC-47777,2026-08-16 04:05:18,Starbucks,in_store,EUR,86.83
eab5664a-bbe,ACC-14118,2026-08-16 13:35:34,Uber,mobile_app,USD,157.3
ae8feb73-a85,ACC-13872,2026-08-16 04:47:01,Uber,online,GBP,33.62
608cbf73-b65,ACC-79267,2026-08-16 19:55:19,Costco,in_store,EUR,31.71
c149cba9-4bd,ACC-10159,2026-08-16 02:23:43,Starbucks,online,CAD,163.42
583c2091-d0f,ACC-29778,2026-08-16 18:08:55,Costco,online,EUR,47.71
f39e38d5-da7,ACC-22656,2026-08-16 21:12:42,Uber,online,CAD,102.12
55edcd82-1a6,ACC-65521,2026-08-16 01:37:05,Costco,mobile_app,GBP,162.42
34ceac24-df4,ACC-27401,2026-08-16 00:29:52,Netflix,online,USD,89.16
1e621a29-bab,ACC-83732,2026-08-16 07:02:34,Delta Airlines,in_store,CAD,32.67
be56b35b-d92,ACC-32301,2026-08-16 09:19:36,Netflix,online,USD,30.39
704b1ad7-dc2,ACC-54282,2026-08-16 15:48:30,Walmart,in_store,EUR,330.22
897975bb-100,ACC-23979,2026-08-16 04:32:11,Starbucks,mobile_app,GBP,91.48
570b9438-1d5,ACC-39479,2026-08-16 21:33:29,Target,online,CAD,179.27
24784357-3de,ACC-48232,2026-08-16 22:22:30,Walmart,in_store,USD,50.91
2e873253-471,ACC-19608,2026-08-16 08:11:06,Amazon,online,GBP,93.52
987b709d-9dc,ACC-76695,2026-08-16 09:55:32,Walmart,in_store,GBP,286.77
e772fb34-5f5,ACC-82067,2026-08-16 06:53:02,Costco,online,GBP,30.04
71825699-9c6,ACC-56143,2026-08-16 16:35:24,Netflix,online,CAD,59.97
bf780354-9bf,ACC-36279,2026-08-16 13:38:00,Best Buy,mobile_app,EUR,235.0
6166cf71-494,ACC-63407,2026-08-16 03:46:00,Starbucks,in_store,CAD,20.61
3a7c4dc2-ce3,ACC-13190,2026-08-16 08:54:13,Starbucks,in_store,GBP,25.24
95e23e10-97e,ACC-63356,2026-08-16 06:30:37,Costco,mobile_app,USD,110.51
14238823-628,ACC-93876,2026-08-16 14:38:13,Costco,online,EUR,164.46
7d04ff3c-797,ACC-89359,2026-08-16 02:01:16,Netflix,online,EUR,54.42
488e972f-c60,ACC-42034,2026-08-16 18:47:46,Walmart,online,USD,80.39
8f754a77-d40,ACC-23962,2026-08-15 23:37:35,Delta Airlines,mobile_app,GBP,49.84
c466a49d-ef1,ACC-20675,2026-08-16 00:58:06,Delta Airlines,online,GBP,50.44
d3ce7001-dd3,ACC-90582,2026-08-16 10:53:23,Amazon,in_store,USD,24.79
4a14ecf0-09e,ACC-61485,2026-08-16 02:46:20,Shell,mobile_app,CAD,64.56
6b26decc-578,ACC-22976,2026-08-16 07:51:33,Target,in_store,CAD,43.8
96797185-45a,ACC-46940,2026-08-16 01:16:48,Target,online,USD,150.84
a229bdee-ae8,ACC-44052,2026-08-16 08:57:10,Delta Airlines,mobile_app,GBP,37.67
da354b18-13b,ACC-65912,2026-08-16 14:13:30,Shell,mobile_app,USD,80.63
4dbd4c7c-d42,ACC-64770,2026-08-16 12:38:08,Uber,in_store,USD,372.7
1ee54d2b-dca,ACC-36766,2026-08-16 16:18:43,Uber,online,EUR,34.87
e84f648c-418,ACC-78137,2026-08-16 19:58:50,Shell,in_store,USD,132.08
c94b92bf-51b,ACC-66654,2026-08-16 09:56:11,Walmart,mobile_app,USD,45.24
72cb4e21-6d0,ACC-20824,2026-08-16 12:02:45,Uber,mobile_app,USD,14.98
6c306050-1ec,ACC-47441,2026-08-16 22:14:28,Starbucks,online,USD,64.12
312d64e9-bce,ACC-13915,2026-08-16 12:04:49,Uber,online,CAD,15.23
da9d2eaa-7fe,ACC-21834,2026-08-16 00:03:30,Starbucks,online,USD,64.22
77318dfa-66b,ACC-93389,2026-08-16 06:20:52,Costco,in_store,USD,13.79
154df63c-524,ACC-24996,2026-08-16 07:29:43,Amazon,mobile_app,USD,54.76
adcec593-03f,ACC-61337,2026-08-16 16:46:26,Netflix,online,USD,40.93
9f924f96-9ae,ACC-75118,2026-08-16 04:53:18,Uber,in_store,GBP,49.38
fa6c64c3-559,ACC-50673,2026-08-15 23:21:29,Costco,mobile_app,GBP,221.16
ae6ce99c-454,ACC-79453,2026-08-16 04:45:57,Netflix,mobile_app,GBP,74.9
eb3e328f-744,ACC-56102,2026-08-16 18:37:33,Netflix,online,EUR,139.34
7112d900-9b0,ACC-34719,2026-08-16 17:29:30,Uber,in_store,GBP,85.46
d75d4901-aba,ACC-77922,2026-08-16 10:41:54,Starbucks,online,CAD,71.74
8e1bee7d-10d,ACC-61437,2026-08-16 02:12:13,Best Buy,mobile_app,CAD,290.92
3d0acc3a-687,ACC-24882,2026-08-16 10:51:02,Walmart,online,EUR,13.6
a21ddfdd-d15,ACC-30026,2026-08-16 09:32:28,Target,mobile_app,GBP,7.13
9252d108-79f,ACC-53353,2026-08-16 08:49:12,Costco,online,EUR,131.89
afd874bb-3a6,ACC-52182,2026-08-16 04:13:54,Shell,in_store,CAD,30.18
9b67d179-061,ACC-83170,2026-08-16 19:44:27,Target,mobile_app,EUR,91.7
5bb1bb7f-60d,ACC-82179,2026-08-16 03:03:22,Walmart,in_store,EUR,53.36
a51eb0e8-a19,ACC-27614,2026-08-16 05:24:46,Amazon,online,EUR,17.8
af6f1e1f-075,ACC-43918,2026-08-16 06:12:31,Best Buy,online,USD,50.28
4866fb13-328,ACC-93593,2026-08-16 12:32:55,Netflix,in_store,USD,42.23
e3ef0ae6-f2d,ACC-38650,2026-08-16 12:40:12,Delta Airlines,in_store,USD,170.54
7c663b7c-6ab,ACC-62536,2026-08-16 16:32:38,Walmart,mobile_app,USD,89.78
cb782921-a5d,ACC-70845,2026-08-16 16:58:16,Amazon,online,CAD,68.97
24422b26-363,ACC-76911,2026-08-16 14:13:48,Walmart,in_store,CAD,38.39
87e7a603-b7c,ACC-26736,2026-08-15 23:59:18,Uber,online,GBP,52.75
6337ecf8-a95,ACC-94205,2026-08-16 08:01:58,Netflix,online,GBP,81.63
b70e4a84-c32,ACC-51878,2026-08-16 21:35:01,Uber,in_store,USD,76.76
fd92780d-891,ACC-30382,2026-08-16 13:28:40,Walmart,in_store,USD,32.22
ef0546f8-c00,ACC-24363,2026-08-16 21:03:12,Uber,online,GBP,69.69
d6d6b399-b59,ACC-76310,2026-08-16 15:26:19,Costco,online,CAD,156.55
5da06a7e-fdd,ACC-70764,2026-08-16 17:35:29,Target,online,USD,88.98
de15c043-76a,ACC-14828,2026-08-16 05:50:07,Starbucks,in_store,CAD,39.91
30f244b8-2b5,ACC-37506,2026-08-16 05:31:52,Target,in_store,USD,130.22
b1ab6684-3d4,ACC-46402,2026-08-16 15:39:34,Shell,mobile_app,CAD,21.35
df54a858-cb4,ACC-44320,2026-08-16 08:52:22,Costco,in_store,CAD,139.07
5fe875ae-822,ACC-73738,2026-08-16 01:03:00,Netflix,mobile_app,EUR,66.03
3bf945d9-0f8,ACC-78698,2026-08-16 17:20:05,Starbucks,online,CAD,32.24
dcacea41-077,ACC-92990,2026-08-16 17:24:25,Delta Airlines,in_store,GBP,58.59
cef3c7db-5b2,ACC-86761,2026-08-16 18:15:06,Amazon,online,USD,102.42
fc89dd52-810,ACC-80093,2026-08-16 15:54:24,Netflix,mobile_app,EUR,85.26
ec0dcc49-c60,ACC-18287,2026-08-16 05:00:46,Walmart,in_store,EUR,178.67
a0f63c85-3bb,ACC-87430,2026-08-16 02:37:33,Delta Airlines,in_store,EUR,25.64
f424a8dc-175,ACC-45894,2026-08-16 06:25:22,Target,in_store,GBP,48.76
4aed6da1-7f7,ACC-30065,2026-08-16 05:30:25,Shell,online,USD,98.92
e2350768-b33,ACC-47839,2026-08-16 00:27:09,Target,mobile_app,EUR,95.45
7260a7f1-b2d,ACC-68014,2026-08-16 14:44:01,Target,online,CAD,41.48
432cf678-bb9,ACC-53754,2026-08-16 13:56:39,Netflix,in_store,USD,18.31
525ab50c-f6f,ACC-57494,2026-08-16 00:43:02,Shell,online,CAD,5.21
edf9efad-0ab,ACC-95103,2026-08-16 11:46:37,Target,mobile_app,CAD,122.58
27fdcc94-06a,ACC-67302,2026-08-16 18:18:33,Best Buy,online,EUR,202.37
01e5c66e-f4f,ACC-91139,2026-08-17 16:56:29,Walmart,online,EUR,100.94
a6dfa466-7cd,ACC-95864,2026-08-17 14:26:42,Shell,mobile_app,EUR,78.63
f14eecf2-ad6,ACC-92786,2026-08-17 00:12:40,Best Buy,online,CAD,95.02
ab59d524-ac2,ACC-70817,2026-08-17 05:14:32,Shell,online,CAD,70.21
2852fc17-48d,ACC-78266,2026-08-17 04:34:38,Best Buy,online,GBP,106.43
5f8bfd1d-81a,ACC-53573,2026-08-17 12:51:44,Uber,mobile_app,EUR,126.64
51f98f64-e11,ACC-18080,2026-08-17 14:53:15,Delta Airlines,mobile_app,CAD,44.2
9e8ee1be-b4e,ACC-51786,2026-08-17 10:37:41,Costco,in_store,USD,47.14
7a26161d-405,ACC-58828,2026-08-16 23:57:59,Uber,online,CAD,114.21
5cde1f27-9e6,ACC-47864,2026-08-17 17:57:08,Costco,mobile_app,USD,48.01
55cdfafd-041,ACC-92911,2026-08-17 00:55:02,Target,online,GBP,64.81
120cb86c-440,ACC-78076,2026-08-17 21:25:55,Costco,mobile_app,CAD,150.65
aece3120-97a,ACC-56915,2026-08-17 16:22:20,Costco,mobile_app,GBP,80.7
b0463e7b-aa2,ACC-50658,2026-08-17 09:39:20,Shell,mobile_app,CAD,282.32
b6db6a1f-47d,ACC-97921,2026-08-17 19:28:43,Starbucks,mobile_app,EUR,67.51
3e7aad69-c8d,ACC-17265,2026-08-17 20:59:09,Uber,mobile_app,CAD,90.69
eef98cd7-510,ACC-71098,2026-08-17 11:01:44,Netflix,online,GBP,64.26
b525da45-362,ACC-91234,2026-08-16 23:51:27,Target,online,GBP,38.32
003ce53f-5e3,ACC-68902,2026-08-17 20:26:51,Walmart,online,EUR,36.91
3bb8bf49-9d0,ACC-73250,2026-08-17 06:17:27,Starbucks,mobile_app,EUR,126.17
74248ea2-fb8,ACC-41694,2026-08-17 13:39:21,Shell,online,GBP,17.17
1e1188f3-504,ACC-15473,2026-08-17 06:57:34,Uber,online,EUR,67.01
944a39e0-322,ACC-71446,2026-08-17 18:14:16,Shell,online,USD,41.31
00c11ecc-8a6,ACC-60588,2026-08-17 21:30:50,Uber,in_store,CAD,55.69
95d03866-565,ACC-20400,2026-08-17 14:30:58,Starbucks,in_store,USD,11.49
c0431693-c53,ACC-53177,2026-08-17 12:22:07,Starbucks,mobile_app,CAD,246.91
d813d9dd-568,ACC-26898,2026-08-17 20:34:47,Target,mobile_app,GBP,19.46
ec6d5333-c04,ACC-21930,2026-08-17 05:48:23,Starbucks,online,GBP,146.6
bee00020-e3f,ACC-40696,2026-08-17 12:45:32,Shell,in_store,EUR,90.82
7381eef5-99b,ACC-80281,2026-08-17 11:23:20,Shell,online,GBP,110.96
e9d3d866-85b,ACC-46542,2026-08-17 08:15:27,Target,mobile_app,GBP,108.39
6c8a35fb-168,ACC-30199,2026-08-17 06:12:52,Starbucks,online,CAD,40.94
92b9b235-3af,ACC-92962,2026-08-17 11:55:58,Starbucks,mobile_app,GBP,101.45
65fd6245-5c2,ACC-32461,2026-08-17 07:14:35,Target,mobile_app,USD,60.5
3b589179-9a2,ACC-98408,2026-08-17 21:53:33,Delta Airlines,online,EUR,140.61
cefe1598-8c1,ACC-78575,2026-08-17 16:52:05,Target,in_store,CAD,168.77
26245b28-8b4,ACC-77159,2026-08-17 05:37:35,Delta Airlines,mobile_app,GBP,16.97
6ef465af-a1f,ACC-61808,2026-08-17 05:41:39,Target,online,CAD,70.53
884bf495-30c,ACC-56772,2026-08-17 20:16:05,Starbucks,online,EUR,112.84
6104c13d-474,ACC-52515,2026-08-17 08:51:44,Target,online,GBP,101.47
8ff88c69-25e,ACC-68311,2026-08-17 20:54:46,Shell,online,GBP,115.36
b7e1ea34-423,ACC-61706,2026-08-17 04:36:38,Starbucks,online,EUR,141.39
1c6abe0b-47e,ACC-90214,2026-08-17 14:16:45,Target,mobile_app,USD,13.49
090c14af-c62,ACC-34022,2026-08-17 09:06:26,Shell,in_store,GBP,107.66
06275975-d2b,ACC-95810,2026-08-17 12:57:45,Walmart,in_store,EUR,39.61
366a9e3d-689,ACC-35567,2026-08-17 22:25:28,Starbucks,online,GBP,61.04
751af118-9a2,ACC-17155,2026-08-17 16:45:30,Walmart,in_store,USD,84.68
fe4c88fd-b08,ACC-22217,2026-08-17 14:42:34,Amazon,mobile_app,EUR,114.52
6a8d0be9-61b,ACC-80805,2026-08-17 01:39:43,Uber,in_store,EUR,42.16
3f320d2d-202,ACC-10059,2026-08-17 03:40:25,Costco,mobile_app,USD,85.03
d1fd0aa9-637,ACC-66622,2026-08-17 04:09:59,Uber,online,GBP,47.65
71bb5498-8ba,ACC-79322,2026-08-17 07:05:14,Netflix,online,EUR,31.09
fea5abe1-3f1,ACC-66708,2026-08-17 14:38:42,Walmart,mobile_app,USD,48.85
747dd1b6-e42,ACC-52194,2026-08-17 00:49:34,Shell,mobile_app,GBP,163.3
38675c81-cc7,ACC-90288,2026-08-17 21:45:28,Costco,in_store,USD,23.76
290aa84a-e76,ACC-58463,2026-08-17 04:04:24,Shell,online,CAD,37.97
47c633a2-347,ACC-27683,2026-08-17 20:23:59,Costco,mobile_app,CAD,196.24
e637f1e0-336,ACC-21663,2026-08-17 17:55:39,Walmart,in_store,GBP,145.15
ffb06a69-bbe,ACC-87224,2026-08-17 07:05:59,Walmart,online,EUR,282.04
ed3d9312-204,ACC-70125,2026-08-17 13:21:48,Starbucks,online,EUR,73.63
d287126e-7bd,ACC-98309,2026-08-17 10:08:03,Amazon,in_store,GBP,118.23
4f15075a-07c,ACC-29138,2026-08-17 12:37:37,Best Buy,mobile_app,USD,43.11
0c474814-d79,ACC-79094,2026-08-17 19:36:58,Amazon,online,CAD,166.78
edde441a-0bf,ACC-97429,2026-08-17 20:48:55,Costco,in_store,EUR,112.22
49097867-429,ACC-44475,2026-08-17 16:17:42,Amazon,in_store,GBP,89.34
c32c1b4e-556,ACC-96946,2026-08-17 05:35:43,Target,online,EUR,86.69
2c0bee32-a34,ACC-65980,2026-08-17 21:54:54,Best Buy,mobile_app,EUR,57.72
1d9b254b-a57,ACC-32280,2026-08-17 00:11:54,Netflix,online,GBP,275.94
607c2929-41b,ACC-46573,2026-08-17 13:20:38,Best Buy,online,USD,77.01
7fece668-f80,ACC-43813,2026-08-17 19:28:55,Starbucks,in_store,EUR,47.0
7dddef44-f2e,ACC-66997,2026-08-17 17:16:46,Target,mobile_app,USD,62.58
465b456e-1af,ACC-71447,2026-08-17 13:04:25,Costco,mobile_app,EUR,34.28
13cbf2ef-6e8,ACC-43016,2026-08-17 02:30:41,Starbucks,online,EUR,58.3
12b17c9a-565,ACC-51480,2026-08-17 17:24:42,Shell,online,GBP,216.94
b205160b-980,ACC-74591,2026-08-17 17:03:19,Netflix,in_store,EUR,73.19
5125196a-ac0,ACC-93213,2026-08-16 23:45:59,Costco,online,CAD,148.95
34bfcd52-d5d,ACC-56599,2026-08-17 07:20:19,Netflix,in_store,USD,166.78
ab53241d-e5f,ACC-59594,2026-08-17 15:45:25,Uber,in_store,USD,26.3
4b89703d-a90,ACC-96692,2026-08-17 09:11:29,Starbucks,online,USD,118.63
49bdd158-fdc,ACC-89818,2026-08-17 03:50:36,Amazon,mobile_app,GBP,136.21
47ad64e8-f99,ACC-75439,2026-08-17 04:04:25,Best Buy,online,USD,162.09
4045cefc-8bb,ACC-21904,2026-08-17 09:11:27,Netflix,in_store,GBP,120.46
72fa0b3a-a9f,ACC-82699,2026-08-17 22:27:18,Best Buy,in_store,CAD,35.06
91bca5dc-02c,ACC-44807,2026-08-17 00:52:55,Target,online,GBP,264.83
5b37e24d-4b5,ACC-42688,2026-08-17 14:53:37,Delta Airlines,mobile_app,CAD,126.12
1f3137a8-a10,ACC-66148,2026-08-17 18:29:56,Netflix,mobile_app,USD,24.28
abe9897b-990,ACC-72991,2026-08-17 16:10:12,Best Buy,in_store,GBP,15.0
c81c5f02-c29,ACC-41125,2026-08-17 20:23:58,Target,in_store,GBP,51.71
76c8ac3a-6f2,ACC-18291,2026-08-17 03:46:23,Best Buy,online,CAD,58.12
7f52bca1-4ad,ACC-54216,2026-08-17 09:06:27,Costco,in_store,CAD,122.36
c901e142-ed1,ACC-82069,2026-08-17 21:53:42,Best Buy,mobile_app,USD,50.1
986897c8-8be,ACC-43716,2026-08-17 15:00:17,Netflix,online,CAD,72.59
5aacc420-4a4,ACC-28119,2026-08-17 10:33:03,Amazon,online,CAD,22.02
0e395f5f-e86,ACC-61104,2026-08-17 18:50:06,Costco,in_store,USD,30.26
d12803cb-6e0,ACC-87460,2026-08-17 06:22:39,Best Buy,mobile_app,CAD,154.92
b8f9924f-e87,ACC-90289,2026-08-17 18:30:06,Shell,online,USD,87.69
154b1a3a-1bb,ACC-75719,2026-08-17 01:47:42,Uber,in_store,GBP,49.84
412e31c0-001,ACC-95308,2026-08-17 03:52:59,Walmart,online,USD,86.58
7a7f4899-348,ACC-58419,2026-08-17 01:05:13,Target,online,USD,14.8
cde66c6c-906,ACC-95751,2026-08-17 05:32:14,Delta Airlines,mobile_app,EUR,103.61
28fde39e-dc4,ACC-54693,2026-08-17 19:00:03,Starbucks,online,CAD,173.89
4cbad9b8-943,ACC-30645,2026-08-17 22:32:34,Uber,mobile_app,CAD,98.31
d0fcf650-8e4,ACC-46356,2026-08-17 15:30:32,Best Buy,mobile_app,USD,177.15
2bdce401-f9e,ACC-92775,2026-08-17 00:10:51,Starbucks,mobile_app,EUR,8.92
52a0aeaa-fab,ACC-70671,2026-08-17 03:21:08,Best Buy,mobile_app,EUR,91.2
f050bf0e-d91,ACC-78361,2026-08-17 21:00:41,Starbucks,online,GBP,46.16
bbc3f8c2-58e,ACC-43933,2026-08-17 07:04:41,Costco,in_store,EUR,80.76
37cb06a0-5c8,ACC-24084,2026-08-17 19:01:36,Delta Airlines,online,CAD,73.55
466abc93-194,ACC-63136,2026-08-17 21:12:59,Delta Airlines,mobile_app,CAD,217.23
923ae666-f8a,ACC-13153,2026-08-17 00:03:29,Amazon,in_store,GBP,3.92
56c0b7a8-59d,ACC-64448,2026-08-17 13:46:23,Uber,in_store,GBP,21.21
c6f384f1-8f2,ACC-74259,2026-08-16 23:50:51,Costco,in_store,EUR,29.69
590d8207-a5b,ACC-18303,2026-08-17 14:50:13,Amazon,in_store,CAD,11.52
3ffb424a-f8f,ACC-71862,2026-08-17 19:25:14,Target,mobile_app,EUR,121.92
729a907c-7ae,ACC-49491,2026-08-17 02:28:21,Costco,online,USD,69.42
84206322-a56,ACC-55221,2026-08-17 06:23:28,Shell,mobile_app,GBP,110.76
4868fe20-272,ACC-81441,2026-08-17 06:10:55,Uber,online,GBP,68.94
c61b4018-d75,ACC-68505,2026-08-17 12:12:34,Starbucks,in_store,USD,60.23
d5b81907-7d0,ACC-44522,2026-08-17 13:36:47,Target,online,GBP,83.22
c8743e46-e5f,ACC-49345,2026-08-16 23:37:09,Uber,mobile_app,EUR,91.64
62ecf28d-f11,ACC-96812,2026-08-17 02:55:52,Netflix,mobile_app,CAD,67.79
5d961858-35c,ACC-41222,2026-08-17 06:47:26,Amazon,mobile_app,USD,55.87
b8676aaf-131,ACC-67307,2026-08-17 20:49:07,Starbucks,mobile_app,USD,178.98
8ab430b8-2dd,ACC-59571,2026-08-17 04:06:14,Netflix,in_store,CAD,84.75
6991e3a6-7ce,ACC-51198,2026-08-17 06:48:41,Netflix,in_store,USD,93.43
3a9d3090-70e,ACC-79506,2026-08-17 18:57:43,Starbucks,mobile_app,CAD,79.24
416f82a6-0a6,ACC-82715,2026-08-17 14:01:04,Netflix,in_store,EUR,44.18
1e28e1d5-0d0,ACC-41952,2026-08-17 17:24:55,Costco,online,USD,32.35
85f53ec1-3dc,ACC-11679,2026-08-16 23:01:23,Netflix,in_store,USD,114.1
4929968f-582,ACC-53276,2026-08-17 17:35:25,Costco,in_store,GBP,64.55
0df38b20-948,ACC-43575,2026-08-17 10:24:09,Costco,mobile_app,EUR,69.25
86047fd3-2f8,ACC-34437,2026-08-17 04:36:14,Amazon,in_store,GBP,80.58
8fac1021-3d6,ACC-57654,2026-08-17 05:37:53,Starbucks,in_store,EUR,214.13
8723406b-196,ACC-81138,2026-08-17 13:35:38,Shell,in_store,EUR,147.58
2f0f2195-8d8,ACC-63129,2026-08-17 00:08:33,Shell,in_store,EUR,23.33
944920ac-ce3,ACC-90345,2026-08-17 05:42:17,Walmart,mobile_app,GBP,52.12
6ecb54ec-2d8,ACC-30196,2026-08-17 18:13:53,Costco,online,EUR,32.42
bcba9af6-5f0,ACC-54199,2026-08-16 23:21:38,Uber,online,EUR,221.83
9b2e2ff4-70c,ACC-62926,2026-08-17 11:05:38,Target,in_store,GBP,175.75
5f1602da-7fc,ACC-15991,2026-08-17 11:00:53,Netflix,mobile_app,EUR,205.33
11604ae4-843,ACC-25328,2026-08-17 02:05:18,Best Buy,mobile_app,CAD,47.21
ca118731-d37,ACC-31918,2026-08-17 12:12:02,Walmart,mobile_app,EUR,35.57
fc5c519d-2a2,ACC-60713,2026-08-17 14:42:59,Netflix,mobile_app,EUR,66.31
b74a24a3-9d1,ACC-70547,2026-08-17 02:40:45,Uber,in_store,EUR,144.65
252de79e-0f0,ACC-77196,2026-08-17 01:59:53,Walmart,online,GBP,86.87
01a4d6f8-42f,ACC-73257,2026-08-16 23:27:45,Amazon,online,USD,129.76
06b28b77-7f4,ACC-79863,2026-08-17 07:11:52,Delta Airlines,mobile_app,EUR,50.61
4788b289-105,ACC-34068,2026-08-16 22:59:20,Target,in_store,EUR,217.62
2274dc9b-dc0,ACC-52187,2026-08-17 21:47:14,Shell,online,USD,43.16
0692b847-694,ACC-26518,2026-08-17 12:45:09,Walmart,mobile_app,USD,22.63
de6f1df4-7a6,ACC-59393,2026-08-18 05:53:19,Delta Airlines,in_store,GBP,30.74
de6792ce-1b6,ACC-81828,2026-08-18 21:52:09,Netflix,online,CAD,101.68
7ff2dcd0-1ef,ACC-87528,2026-08-18 06:54:14,Walmart,mobile_app,GBP,116.73
85d14f37-ad0,ACC-34204,2026-08-18 01:46:44,Target,mobile_app,GBP,105.14
ce6c5bf4-b47,ACC-17234,2026-08-18 07:47:13,Amazon,online,USD,90.37
d83b69e1-511,ACC-15180,2026-08-18 22:19:36,Starbucks,in_store,GBP,167.64
468c2557-91b,ACC-45340,2026-08-18 05:16:54,Target,online,GBP,148.2
7b129d43-0ab,ACC-48550,2026-08-18 08:37:15,Shell,mobile_app,EUR,89.52
a3db59f5-28d,ACC-34342,2026-08-18 02:28:38,Delta Airlines,in_store,GBP,25.11
fe3926b3-60a,ACC-48672,2026-08-18 02:51:31,Walmart,online,USD,54.36
8a92884c-107,ACC-87173,2026-08-18 21:24:46,Target,in_store,CAD,51.74
572858f9-727,ACC-53664,2026-08-18 03:07:32,Amazon,mobile_app,USD,330.46
5468e6c1-f39,ACC-85476,2026-08-18 00:20:12,Costco,online,CAD,28.59
af17851a-0f6,ACC-71442,2026-08-18 21:14:27,Uber,online,CAD,136.08
355cde14-027,ACC-87150,2026-08-18 14:49:42,Delta Airlines,online,GBP,44.25
02577798-7a2,ACC-59464,2026-08-18 08:41:36,Uber,in_store,GBP,24.16
b8f9f22b-e08,ACC-47151,2026-08-18 09:07:15,Amazon,in_store,GBP,91.73
1fa20707-771,ACC-40457,2026-08-18 06:11:39,Netflix,mobile_app,EUR,26.92
1eb5fc35-fd9,ACC-51980,2026-08-18 13:17:08,Costco,mobile_app,EUR,65.84
f672566d-2e2,ACC-42358,2026-08-18 01:41:44,Target,in_store,GBP,67.83
25df8ac4-aeb,ACC-82684,2026-08-18 21:00:44,Target,mobile_app,EUR,113.31
19e6d203-228,ACC-70451,2026-08-18 22:13:34,Uber,mobile_app,USD,174.55
108b1732-3f0,ACC-37505,2026-08-18 05:21:39,Netflix,online,CAD,49.49
a2461f80-cc9,ACC-29338,2026-08-18 12:46:36,Target,mobile_app,EUR,35.66
565ee0ac-56d,ACC-97055,2026-08-18 13:00:14,Delta Airlines,online,USD,73.44
2e9271a8-fb4,ACC-90064,2026-08-18 07:38:26,Netflix,in_store,CAD,105.48
447898df-486,ACC-18607,2026-08-18 08:17:46,Costco,online,EUR,126.45
b955d93f-630,ACC-99409,2026-08-17 23:43:45,Uber,mobile_app,EUR,71.98
f301bc8d-e42,ACC-12329,2026-08-18 14:49:30,Starbucks,online,CAD,87.04
929b67de-ff9,ACC-45388,2026-08-18 05:03:49,Walmart,in_store,USD,53.01
ef9a1fd8-122,ACC-89972,2026-08-18 15:38:58,Shell,mobile_app,EUR,96.68
6e404da4-643,ACC-36032,2026-08-18 03:49:37,Best Buy,mobile_app,EUR,68.7
0257db60-35e,ACC-50632,2026-08-18 06:08:52,Delta Airlines,in_store,GBP,101.51
259f3c6f-feb,ACC-80648,2026-08-18 01:43:29,Costco,in_store,USD,2.25
1174f680-afd,ACC-39898,2026-08-18 03:55:08,Shell,mobile_app,EUR,25.48
27ce8ecb-f21,ACC-18738,2026-08-18 08:38:41,Delta Airlines,in_store,EUR,36.52
f5c5ee30-0d5,ACC-50640,2026-08-18 02:56:51,Target,online,CAD,17.19
f5425842-91d,ACC-88931,2026-08-18 17:22:59,Best Buy,mobile_app,CAD,176.45
94f79acd-006,ACC-36297,2026-08-17 23:15:08,Target,mobile_app,GBP,26.64
2ec0b6f8-aff,ACC-49433,2026-08-18 22:09:54,Costco,online,GBP,37.69
dcbe722e-8ed,ACC-29402,2026-08-18 22:19:11,Netflix,in_store,EUR,46.18
35b3cf69-d7f,ACC-41265,2026-08-18 07:34:06,Costco,online,GBP,43.15
a79e19a6-6aa,ACC-46787,2026-08-17 23:51:15,Best Buy,online,CAD,45.8
1aafb275-840,ACC-64607,2026-08-18 06:35:49,Costco,mobile_app,GBP,182.4
ff519b7e-1f1,ACC-17958,2026-08-18 22:07:52,Shell,online,EUR,50.52
67f023dc-d40,ACC-78687,2026-08-18 19:11:33,Shell,in_store,USD,117.68
3b70fb0f-f92,ACC-68966,2026-08-17 23:26:32,Delta Airlines,mobile_app,EUR,147.95
acece7c5-1a4,ACC-42576,2026-08-18 06:55:45,Delta Airlines,in_store,GBP,111.04
e5a780ff-781,ACC-96224,2026-08-18 02:31:42,Uber,mobile_app,GBP,72.67
cbbc98f5-513,ACC-69390,2026-08-18 20:37:07,Costco,in_store,USD,2.9
7a78801a-8a3,ACC-69934,2026-08-18 10:05:11,Costco,online,GBP,48.13
4715cae6-2a6,ACC-27640,2026-08-18 20:54:50,Starbucks,in_store,EUR,110.15
a813f90d-636,ACC-44360,2026-08-18 10:36:22,Target,mobile_app,USD,74.31
2f6f41ef-223,ACC-12368,2026-08-18 05:12:27,Amazon,in_store,USD,133.75
71cc4a33-b54,ACC-76790,2026-08-18 15:35:13,Target,online,USD,35.13
af9944b7-b4e,ACC-83556,2026-08-18 10:33:35,Uber,in_store,CAD,144.76
9fc5864c-b80,ACC-87592,2026-08-18 19:59:53,Target,online,USD,29.47
babfa495-86a,ACC-16126,2026-08-18 00:51:36,Shell,online,USD,158.31
316fde56-7d7,ACC-35701,2026-08-18 08:43:36,Amazon,in_store,USD,55.1
ac362176-ffd,ACC-71789,2026-08-18 12:18:08,Costco,in_store,EUR,158.88
856bd640-c99,ACC-99336,2026-08-18 22:26:01,Shell,online,EUR,102.69
f096b31e-a7e,ACC-34259,2026-08-18 16:19:09,Delta Airlines,online,GBP,169.9
49a03b65-bae,ACC-77667,2026-08-18 03:26:36,Walmart,mobile_app,CAD,67.27
dea12566-ca8,ACC-30544,2026-08-18 07:42:34,Best Buy,mobile_app,CAD,110.18
52cf87f6-501,ACC-63297,2026-08-18 18:49:45,Best Buy,online,GBP,61.45
c3d995a7-6e6,ACC-85512,2026-08-18 05:14:53,Walmart,in_store,USD,86.85
a2ed8a95-1e2,ACC-68842,2026-08-18 05:45:26,Walmart,mobile_app,CAD,159.53
166cd6ab-7da,ACC-16623,2026-08-18 00:03:34,Amazon,online,EUR,72.42
56c80db8-73f,ACC-63610,2026-08-18 08:48:25,Delta Airlines,online,GBP,11.51
43c8592c-111,ACC-41524,2026-08-18 09:05:12,Best Buy,in_store,GBP,69.78
35a5ef69-d42,ACC-71036,2026-08-18 04:09:22,Walmart,online,EUR,185.07
458b6816-1a7,ACC-26576,2026-08-18 16:42:32,Starbucks,mobile_app,USD,146.34
2b791051-e26,ACC-85461,2026-08-18 21:58:14,Netflix,online,EUR,96.31
673ed479-45e,ACC-31357,2026-08-18 03:34:43,Shell,in_store,USD,8.49
045dfa57-3a0,ACC-90549,2026-08-18 16:59:51,Netflix,online,GBP,91.21
9553232f-5f8,ACC-61257,2026-08-18 07:56:40,Shell,in_store,GBP,118.23
17ece0a1-bea,ACC-88704,2026-08-18 10:13:11,Amazon,online,USD,119.52
5de06d8a-b46,ACC-69439,2026-08-18 18:34:34,Target,in_store,USD,37.27
4a788015-0a1,ACC-79230,2026-08-18 09:13:07,Starbucks,online,USD,63.66
f362b9e1-cab,ACC-31660,2026-08-17 23:32:03,Costco,mobile_app,CAD,28.87
eb081c20-5b6,ACC-88757,2026-08-18 15:42:16,Delta Airlines,online,CAD,156.99
50efdf6f-e40,ACC-16940,2026-08-18 17:30:44,Best Buy,in_store,USD,68.32
15aa7cbb-c78,ACC-28477,2026-08-18 16:50:05,Shell,in_store,GBP,17.94
2461c84b-065,ACC-56832,2026-08-18 16:24:45,Shell,mobile_app,USD,48.79
e04cff4b-7f0,ACC-42928,2026-08-18 06:37:37,Costco,mobile_app,CAD,21.37
e042809b-0a8,ACC-16174,2026-08-18 09:27:13,Amazon,in_store,CAD,21.02
b5cac6ef-3ce,ACC-42142,2026-08-18 19:36:55,Starbucks,online,GBP,72.81
c28766e6-f55,ACC-52996,2026-08-18 17:29:08,Starbucks,in_store,CAD,47.81
1514271f-d61,ACC-86781,2026-08-18 16:34:08,Shell,online,GBP,74.69
dbe96fdf-893,ACC-51943,2026-08-18 15:25:12,Shell,in_store,USD,152.88
6b70375a-785,ACC-44520,2026-08-18 22:32:26,Delta Airlines,in_store,EUR,96.26
eacf26aa-dd5,ACC-90699,2026-08-18 18:18:04,Walmart,in_store,CAD,152.1
22f3fd7e-f4a,ACC-26763,2026-08-18 04:19:30,Delta Airlines,online,EUR,20.05
05ca7d09-ebc,ACC-52714,2026-08-18 05:00:05,Uber,in_store,EUR,261.37
93b15def-1ab,ACC-80890,2026-08-18 13:30:23,Target,in_store,USD,53.84
43f395c8-a7e,ACC-74681,2026-08-18 11:53:26,Netflix,mobile_app,EUR,33.04
1b26582a-221,ACC-48715,2026-08-18 02:52:47,Best Buy,in_store,GBP,171.34
9c5ee6f4-960,ACC-40435,2026-08-18 03:15:03,Costco,in_store,CAD,206.83
d4b26709-35c,ACC-45185,2026-08-18 02:26:43,Shell,online,GBP,28.11
3ae434c8-c38,ACC-46533,2026-08-18 05:19:59,Uber,in_store,USD,43.65
7bd62dd9-caa,ACC-89070,2026-08-18 03:29:28,Target,mobile_app,EUR,99.75
8cb87e38-99a,ACC-27317,2026-08-17 22:42:54,Shell,online,USD,18.63
8642ed55-535,ACC-21890,2026-08-17 23:46:05,Uber,in_store,EUR,138.59
38c47cc0-794,ACC-23101,2026-08-18 09:21:18,Netflix,mobile_app,GBP,24.99
514d3ec5-dd9,ACC-38172,2026-08-18 14:58:45,Target,online,EUR,81.74
b32446ce-953,ACC-11902,2026-08-18 19:46:13,Target,mobile_app,GBP,134.43
d87d8838-fcf,ACC-68075,2026-08-18 21:45:21,Best Buy,mobile_app,USD,78.88
f86489c5-ade,ACC-85986,2026-08-18 08:42:14,Walmart,in_store,GBP,162.34
344c76a6-ac7,ACC-82716,2026-08-18 03:39:22,Amazon,online,CAD,13.74
82da171a-aff,ACC-64297,2026-08-18 01:50:36,Uber,in_store,USD,33.99
60acf13a-8ac,ACC-90253,2026-08-18 13:49:38,Costco,online,CAD,98.95
276a96e0-001,ACC-94972,2026-08-18 14:05:19,Shell,online,GBP,99.87
00577061-9aa,ACC-28311,2026-08-18 18:11:45,Shell,online,EUR,71.4
fbc6552d-fda,ACC-68680,2026-08-18 09:24:59,Uber,mobile_app,EUR,438.97
53035053-ab8,ACC-39313,2026-08-18 03:20:12,Starbucks,in_store,EUR,112.43
15a04f62-2b0,ACC-18031,2026-08-18 05:58:07,Costco,online,CAD,23.93
eff6e413-872,ACC-27413,2026-08-18 11:58:48,Walmart,in_store,USD,11.92
30f56876-8f9,ACC-20437,2026-08-18 09:24:46,Shell,mobile_app,GBP,66.99
7b14ac4c-07b,ACC-65084,2026-08-18 15:05:07,Netflix,mobile_app,GBP,98.72
a808d3d2-9f5,ACC-81986,2026-08-18 15:24:58,Amazon,in_store,USD,62.95
c0327904-39d,ACC-23784,2026-08-18 13:18:20,Delta Airlines,mobile_app,GBP,107.91
f51119a4-e0d,ACC-58855,2026-08-18 14:18:00,Costco,in_store,EUR,98.69
2dd20d48-758,ACC-48032,2026-08-18 11:37:58,Walmart,mobile_app,GBP,46.38
20031f0f-56b,ACC-72678,2026-08-18 17:39:25,Uber,mobile_app,USD,62.31
99c323c8-634,ACC-38968,2026-08-18 17:44:18,Amazon,in_store,CAD,64.72
b9a13ba0-842,ACC-21693,2026-08-18 21:06:43,Delta Airlines,in_store,CAD,121.53
a0687c92-b91,ACC-60363,2026-08-18 13:44:01,Best Buy,mobile_app,CAD,3.01
ed711f92-d62,ACC-79417,2026-08-18 11:16:01,Shell,in_store,CAD,124.07
8a448190-715,ACC-21605,2026-08-18 13:47:08,Best Buy,mobile_app,USD,139.73
dbd74961-4b0,ACC-66755,2026-08-18 15:27:04,Starbucks,online,USD,200.3
7b1452c9-e68,ACC-90180,2026-08-18 16:09:08,Costco,mobile_app,USD,130.95
fedb9783-1bb,ACC-50613,2026-08-18 16:41:08,Starbucks,online,EUR,78.79
43e520f6-931,ACC-84313,2026-08-18 16:50:38,Starbucks,mobile_app,GBP,39.34
83e85170-5de,ACC-93763,2026-08-18 01:34:57,Costco,mobile_app,GBP,83.29
ef739f46-fde,ACC-52821,2026-08-18 20:23:11,Target,online,EUR,96.45
b03be18c-2fa,ACC-84524,2026-08-18 14:35:41,Costco,mobile_app,EUR,43.92
70121a40-b6d,ACC-91327,2026-08-18 17:34:01,Walmart,online,GBP,40.49
e3090acb-8eb,ACC-63690,2026-08-18 15:19:26,Delta Airlines,mobile_app,GBP,105.9
8304e865-8dd,ACC-90075,2026-08-18 12:06:00,Starbucks,mobile_app,EUR,74.37
0a31246c-fde,ACC-11448,2026-08-18 20:24:29,Delta Airlines,online,CAD,88.99
bf0d4af8-2db,ACC-68314,2026-08-18 21:21:49,Netflix,online,GBP,93.43
5c22efeb-347,ACC-21350,2026-08-18 19:08:25,Target,online,GBP,150.78
1a310abb-0a3,ACC-27939,2026-08-18 14:20:45,Netflix,online,GBP,131.44
733ea75b-a57,ACC-41017,2026-08-18 21:46:52,Amazon,in_store,CAD,87.24
d434d9cf-98f,ACC-89847,2026-08-18 00:46:02,Best Buy,in_store,GBP,79.53
17e3b0d3-682,ACC-50036,2026-08-18 04:07:54,Amazon,in_store,GBP,168.87
f573e2e4-160,ACC-68666,2026-08-18 18:51:35,Netflix,mobile_app,GBP,56.14
b4898caf-d26,ACC-15888,2026-08-18 05:19:25,Target,in_store,CAD,111.87
b3da049c-747,ACC-29395,2026-08-18 08:28:37,Shell,online,EUR,159.34
92cc29ec-761,ACC-75144,2026-08-17 22:46:47,Target,in_store,CAD,79.38
4e98bb84-67a,ACC-64505,2026-08-19 09:37:18,Delta Airlines,online,EUR,10.25
cbab5492-abf,ACC-56643,2026-08-19 14:49:40,Costco,in_store,USD,60.74
1eb4a621-8c5,ACC-63140,2026-08-19 20:05:46,Walmart,mobile_app,GBP,114.9
5471e2e2-8a3,ACC-37359,2026-08-18 22:45:13,Amazon,in_store,GBP,100.75
a14f65ec-6a9,ACC-89219,2026-08-19 06:21:56,Costco,in_store,USD,113.12
3353f270-436,ACC-63161,2026-08-19 01:47:17,Target,online,CAD,18.59
b3e2e4e0-589,ACC-72489,2026-08-18 23:49:53,Walmart,online,EUR,26.22
df1b57a0-543,ACC-33141,2026-08-19 01:53:02,Target,online,EUR,21.65
63150e17-5bb,ACC-26558,2026-08-19 04:45:09,Starbucks,online,EUR,120.57
6c60aee6-8f8,ACC-72707,2026-08-19 16:21:32,Costco,in_store,EUR,26.46
933792a6-de1,ACC-12648,2026-08-19 05:21:32,Costco,in_store,USD,35.48
dde62127-d22,ACC-69136,2026-08-19 16:25:22,Uber,online,USD,53.8
182adbb8-2c3,ACC-36407,2026-08-19 08:05:29,Shell,in_store,CAD,31.35
4f452888-c64,ACC-41327,2026-08-19 16:14:53,Shell,mobile_app,GBP,51.92
46cb3806-ec4,ACC-18763,2026-08-19 17:44:23,Uber,mobile_app,USD,31.36
1fba1564-371,ACC-77570,2026-08-19 17:15:20,Uber,online,USD,87.61
44524688-15b,ACC-56635,2026-08-19 05:24:48,Best Buy,mobile_app,USD,66.39
83492a9d-033,ACC-90052,2026-08-19 18:47:13,Delta Airlines,mobile_app,EUR,144.47
264dc57a-d78,ACC-52580,2026-08-19 14:40:37,Walmart,in_store,EUR,68.27
b2a447ce-be7,ACC-50349,2026-08-19 19:05:36,Amazon,online,CAD,74.21
462cd1f8-fec,ACC-67740,2026-08-19 12:53:29,Starbucks,online,CAD,109.89
12ec5ea8-42a,ACC-96394,2026-08-19 13:38:46,Costco,mobile_app,CAD,62.53
628c6f48-aa8,ACC-95096,2026-08-19 01:28:14,Uber,mobile_app,USD,29.78
9437e0d4-55c,ACC-36534,2026-08-19 03:33:13,Amazon,online,USD,32.76
e6f0c3b0-169,ACC-15774,2026-08-19 05:20:50,Starbucks,online,CAD,69.68
b0258b45-f81,ACC-17491,2026-08-19 11:22:35,Best Buy,online,GBP,64.87
309aeb0b-645,ACC-67564,2026-08-19 21:19:55,Amazon,online,EUR,130.26
a341585c-02f,ACC-72582,2026-08-19 20:38:43,Best Buy,mobile_app,GBP,30.41
52ab6604-0b0,ACC-24159,2026-08-19 01:36:50,Netflix,in_store,EUR,143.08
70699b9d-161,ACC-69056,2026-08-19 20:57:16,Starbucks,online,EUR,40.85
2d1837b6-f5e,ACC-47788,2026-08-19 06:14:23,Starbucks,online,USD,165.95
fc631cd1-cce,ACC-58925,2026-08-19 18:35:48,Delta Airlines,online,EUR,69.32
ed4ca227-f30,ACC-32303,2026-08-19 06:31:14,Delta Airlines,online,CAD,119.62
6f814477-f9d,ACC-60001,2026-08-18 23:15:11,Shell,in_store,GBP,89.18
71ea653a-65a,ACC-21974,2026-08-19 12:29:02,Target,online,CAD,57.54
3795eee8-9bd,ACC-58699,2026-08-19 16:24:07,Netflix,in_store,CAD,33.47
d58bd3e4-a01,ACC-73934,2026-08-19 05:27:14,Walmart,online,GBP,99.44
135bf662-721,ACC-66661,2026-08-19 21:07:31,Uber,mobile_app,USD,114.82
1a6a075f-c80,ACC-80560,2026-08-19 05:10:20,Walmart,mobile_app,EUR,213.28
0dd91854-670,ACC-80963,2026-08-19 09:34:23,Target,mobile_app,EUR,55.12
d9b597c0-b70,ACC-95669,2026-08-19 00:39:16,Best Buy,mobile_app,GBP,149.46
7426cfd2-f29,ACC-81025,2026-08-19 19:00:42,Walmart,mobile_app,CAD,157.87
1252a525-202,ACC-46260,2026-08-19 04:34:18,Uber,in_store,USD,36.58
20aa5140-a03,ACC-92467,2026-08-19 17:16:24,Walmart,in_store,USD,141.15
8b308f48-d76,ACC-65433,2026-08-19 09:12:07,Shell,in_store,EUR,24.93
fe1c9ff7-952,ACC-18593,2026-08-19 00:45:15,Starbucks,mobile_app,EUR,95.42
fe4a915f-228,ACC-15055,2026-08-19 03:46:34,Shell,mobile_app,GBP,191.85
08faab80-085,ACC-12009,2026-08-19 02:52:20,Starbucks,mobile_app,GBP,61.53
74695b4a-711,ACC-81268,2026-08-19 11:07:01,Best Buy,mobile_app,USD,179.22
193aac3c-248,ACC-46373,2026-08-19 01:48:48,Shell,online,USD,58.87
2f3ca61c-63c,ACC-65051,2026-08-19 16:06:50,Delta Airlines,in_store,GBP,116.9
e7d1a325-a80,ACC-24178,2026-08-19 15:00:23,Shell,in_store,GBP,148.9
6b64fc3c-3f4,ACC-11895,2026-08-19 05:07:45,Best Buy,in_store,CAD,1.69
e55ed1e3-659,ACC-74928,2026-08-19 15:35:42,Costco,in_store,CAD,160.21
e49e84c3-e91,ACC-32104,2026-08-19 13:01:09,Shell,in_store,GBP,68.01
3965639a-9c0,ACC-46025,2026-08-19 05:23:03,Target,mobile_app,CAD,53.31
20f7686a-44f,ACC-92811,2026-08-19 12:28:58,Amazon,online,GBP,16.65
7b4cd615-ae7,ACC-27616,2026-08-19 19:06:16,Delta Airlines,in_store,GBP,77.47
adb0d07a-f02,ACC-17277,2026-08-19 16:55:15,Shell,mobile_app,GBP,59.88
cdcd9a44-651,ACC-98692,2026-08-19 20:24:09,Delta Airlines,online,GBP,51.82
b03edf87-703,ACC-24792,2026-08-19 11:23:46,Target,mobile_app,GBP,279.84
e334bb7a-4ba,ACC-17734,2026-08-19 20:29:49,Target,online,USD,124.71
54cffa39-08b,ACC-53280,2026-08-19 16:29:07,Uber,mobile_app,GBP,19.77
8f44c6eb-a30,ACC-93396,2026-08-19 20:04:03,Uber,in_store,GBP,144.76
72d5c099-e83,ACC-52520,2026-08-19 13:23:46,Target,mobile_app,EUR,132.8
8c4e88c0-34a,ACC-31584,2026-08-19 08:37:59,Uber,online,EUR,203.65
c39e51e9-c56,ACC-38603,2026-08-19 02:40:47,Costco,online,GBP,119.8
083f66f7-379,ACC-82210,2026-08-19 06:13:39,Target,mobile_app,USD,52.37
819d9545-687,ACC-59663,2026-08-19 00:32:28,Delta Airlines,online,EUR,29.79
25bd41da-e68,ACC-51270,2026-08-19 04:14:49,Starbucks,in_store,GBP,119.53
5ef86356-0c7,ACC-72054,2026-08-19 11:35:53,Netflix,mobile_app,GBP,53.99
754c10c8-56e,ACC-60291,2026-08-19 11:35:49,Delta Airlines,in_store,GBP,115.49
da4695fb-31b,ACC-58080,2026-08-19 14:51:01,Walmart,in_store,GBP,24.87
4e277b64-190,ACC-27324,2026-08-19 02:15:55,Netflix,mobile_app,CAD,100.42
d6520f3d-664,ACC-16870,2026-08-18 22:44:55,Walmart,online,EUR,113.17
6aa19af4-ce4,ACC-85192,2026-08-19 02:12:51,Amazon,mobile_app,EUR,119.49
efb49783-9a9,ACC-51150,2026-08-19 11:33:16,Delta Airlines,online,USD,80.32
31f3a0c7-a05,ACC-54894,2026-08-19 08:55:11,Walmart,in_store,CAD,72.82
a2258413-918,ACC-62412,2026-08-19 19:37:31,Delta Airlines,online,CAD,86.04
0f704f80-a88,ACC-51194,2026-08-19 03:56:42,Best Buy,in_store,CAD,132.2
c7015208-e3a,ACC-12912,2026-08-19 15:06:43,Walmart,in_store,GBP,96.78
f715ebad-95b,ACC-77218,2026-08-19 09:10:48,Amazon,in_store,USD,20.02
d50b8bf3-4cd,ACC-72043,2026-08-19 10:56:32,Walmart,in_store,EUR,4.62
d4fed8ee-480,ACC-27126,2026-08-19 19:13:44,Shell,mobile_app,GBP,238.45
a22755d2-3a7,ACC-53535,2026-08-19 21:26:16,Uber,in_store,GBP,287.67
845f203b-ad6,ACC-18761,2026-08-19 01:47:31,Amazon,mobile_app,GBP,137.74
3becee3e-caf,ACC-21867,2026-08-19 19:59:01,Amazon,in_store,EUR,43.07
27bebf54-fa0,ACC-66316,2026-08-19 22:21:42,Amazon,in_store,EUR,105.58
d38a1171-9b7,ACC-64825,2026-08-19 12:50:15,Starbucks,in_store,GBP,48.25
b2ade2f0-adf,ACC-86692,2026-08-19 03:13:08,Uber,mobile_app,CAD,89.69
8b9afc0a-f76,ACC-18387,2026-08-19 07:49:27,Costco,mobile_app,USD,83.11
89b7b074-9ef,ACC-30621,2026-08-19 00:12:37,Shell,online,GBP,19.36
2ba4798c-eea,ACC-57337,2026-08-19 07:26:05,Uber,in_store,GBP,82.09
3c6d0fa5-6b1,ACC-63600,2026-08-19 05:15:08,Walmart,online,EUR,83.08
2f4082dd-445,ACC-25112,2026-08-18 22:35:42,Target,online,USD,149.68
c9a67ac8-215,ACC-32846,2026-08-19 09:06:55,Delta Airlines,online,CAD,96.54
9ce50a17-d2f,ACC-14852,2026-08-19 16:30:44,Delta Airlines,online,GBP,97.67
8964cc61-e2f,ACC-23156,2026-08-19 09:01:24,Best Buy,in_store,GBP,74.53
01794b12-a47,ACC-86493,2026-08-19 14:05:31,Starbucks,online,USD,130.96
63fd1dae-a90,ACC-72687,2026-08-19 09:43:32,Target,online,EUR,44.0
a295b388-03b,ACC-62112,2026-08-19 06:44:34,Best Buy,in_store,USD,44.46
038d66a0-dc1,ACC-60642,2026-08-19 01:56:17,Delta Airlines,online,EUR,90.38
f31a3a3d-4ba,ACC-45914,2026-08-19 20:21:07,Starbucks,online,EUR,44.77
8e5b00b6-5a1,ACC-17442,2026-08-18 23:16:52,Best Buy,mobile_app,EUR,121.28
3c32b3ef-fff,ACC-97450,2026-08-19 21:59:20,Best Buy,online,CAD,34.94
1d29adff-88e,ACC-20291,2026-08-19 13:14:15,Delta Airlines,mobile_app,USD,62.64
1ed2e002-e97,ACC-52666,2026-08-19 08:11:12,Costco,in_store,GBP,66.79
c2e57403-9e3,ACC-12296,2026-08-19 19:32:51,Best Buy,in_store,USD,146.92
f32d0f31-2dd,ACC-16281,2026-08-19 16:22:18,Shell,in_store,CAD,83.08
779c8b28-63f,ACC-28914,2026-08-19 08:51:01,Uber,online,USD,76.06
f2fbaae3-bb6,ACC-60022,2026-08-19 21:18:06,Costco,online,GBP,52.84
955e9a5a-9fa,ACC-87628,2026-08-19 07:37:28,Walmart,in_store,CAD,83.59
8dc6703e-5ae,ACC-69705,2026-08-19 20:44:01,Shell,online,USD,19.2
480d51b5-cca,ACC-83436,2026-08-19 08:09:23,Starbucks,online,USD,46.16
98fcbedb-c3c,ACC-91253,2026-08-19 15:47:48,Shell,online,EUR,115.15
ad390e00-79b,ACC-59938,2026-08-19 08:28:31,Shell,mobile_app,USD,50.66
27a9a5f0-6a4,ACC-10175,2026-08-19 02:32:28,Delta Airlines,mobile_app,CAD,67.27
3c60c79a-4e7,ACC-17494,2026-08-19 00:02:19,Netflix,in_store,GBP,11.94
95c6edc3-9d8,ACC-87774,2026-08-19 04:20:41,Netflix,online,EUR,68.87
de7bc0e9-1ae,ACC-70222,2026-08-19 12:01:39,Walmart,in_store,GBP,176.61
f5e2bbc1-e67,ACC-45760,2026-08-19 05:45:35,Walmart,online,CAD,53.7
57a81b2c-cbf,ACC-33669,2026-08-19 10:45:25,Costco,mobile_app,EUR,86.25
3a869209-5d5,ACC-43876,2026-08-19 17:24:13,Uber,mobile_app,CAD,40.0
6968d487-85a,ACC-85607,2026-08-19 05:09:32,Uber,in_store,USD,42.5
4973270d-a28,ACC-72051,2026-08-19 02:32:49,Best Buy,online,CAD,43.12
32795a24-b0d,ACC-63308,2026-08-19 22:19:19,Delta Airlines,mobile_app,CAD,39.77
1fa162cd-a62,ACC-20247,2026-08-19 04:22:39,Costco,in_store,CAD,65.37
38f8ab39-b39,ACC-46313,2026-08-19 12:18:50,Target,online,GBP,85.16
56106ef5-fff,ACC-34264,2026-08-19 00:10:08,Delta Airlines,in_store,USD,9.93
1ec215ef-789,ACC-14583,2026-08-19 06:26:43,Best Buy,mobile_app,USD,80.81
35f2e698-3ce,ACC-35248,2026-08-19 01:04:30,Netflix,online,CAD,52.87
e5e33f19-1f7,ACC-26837,2026-08-19 01:20:09,Delta Airlines,mobile_app,CAD,55.72
6741b960-9bf,ACC-63285,2026-08-19 18:32:28,Costco,online,CAD,35.19
7c3993b3-259,ACC-48460,2026-08-19 19:31:29,Best Buy,mobile_app,CAD,120.23
ad40c670-df2,ACC-13952,2026-08-19 00:39:17,Netflix,in_store,GBP,109.45
29b3c2ea-efc,ACC-46230,2026-08-19 19:27:57,Uber,mobile_app,EUR,57.11
455f3c8f-755,ACC-88902,2026-08-19 20:31:16,Shell,online,GBP,129.1
d6296a41-0fe,ACC-74647,2026-08-19 09:09:10,Best Buy,online,USD,87.17
04c26f17-5d6,ACC-82972,2026-08-19 10:45:44,Delta Airlines,in_store,CAD,55.27
c63498f4-33c,ACC-38083,2026-08-19 04:47:25,Best Buy,mobile_app,USD,69.47
15c51440-484,ACC-74325,2026-08-19 02:01:17,Uber,mobile_app,EUR,17.23
b9129a7d-4de,ACC-83095,2026-08-19 04:26:04,Best Buy,mobile_app,CAD,49.04
9aac8b59-80c,ACC-67563,2026-08-19 21:56:50,Best Buy,online,GBP,182.78
72c18ac0-929,ACC-85366,2026-08-19 03:46:13,Costco,mobile_app,EUR,57.41
1f2e31a6-f85,ACC-35636,2026-08-19 15:13:48,Delta Airlines,mobile_app,USD,42.56
606df291-205,ACC-30567,2026-08-19 05:49:21,Best Buy,mobile_app,CAD,79.96
dce95c4e-1f7,ACC-35557,2026-08-19 12:48:38,Starbucks,mobile_app,CAD,139.84
b1425100-e48,ACC-85717,2026-08-19 06:42:41,Uber,online,USD,81.8
b1db0dd8-cee,ACC-61628,2026-08-19 04:16:59,Shell,mobile_app,EUR,141.08
07159bf1-bf5,ACC-88906,2026-08-18 23:21:13,Netflix,online,EUR,27.14
